Dates,CNY,EUR,GBP,INR,JPY,MXN,NGN,PHP
"Apr 17, 2017",6.8823,0.9395,0.7959,64.48,108.91,18.498,305.5,49.56
"Apr 18, 2017",6.8819,0.9319,0.779,64.605,108.42,18.594,305.5,49.626
"Apr 19, 2017",6.888,0.9336,0.7825,64.665,108.86,18.849,305.55,49.791
"Apr 20, 2017",6.8822,0.9331,0.7804,64.62,109.32,18.788,305.55,49.819
"Apr 21, 2017",6.8859,0.9322,0.7804,64.65,109.08,18.8125,305.55,49.84
"Apr 24, 2017",6.8848,0.9202,0.7816,64.49,109.77,18.733,305.5,49.767
"Apr 25, 2017",6.8847,0.9153,0.7788,64.33,111.09,18.8555,305.5,49.669
"Apr 26, 2017",6.8926,0.9172,0.7785,64.13,111.06,19.183,305.5,49.944
"Apr 27, 2017",6.8979,0.9197,0.775,64.115,111.27,19.0257,305.3,50.035
"Apr 28, 2017",6.8935,0.9177,0.7722,64.29,111.55,18.82,309.895,50.212
"May 1, 2017",6.8935,0.9175,0.7761,64.255,111.84,18.7386,305.3,50.145
"May 2, 2017",6.896,0.9149,0.7729,64.165,111.98,18.7593,305.9,49.999
"May 3, 2017",6.8989,0.9186,0.7772,64.165,112.75,18.866,318.165,49.99
"May 4, 2017",6.8962,0.9103,0.7738,64.215,112.46,19.053,305.2,49.885
"May 5, 2017",6.9031,0.9093,0.7703,64.315,112.72,18.9995,317.355,49.844
"May 8, 2017",6.9045,0.9154,0.7728,64.36,113.25,19.211,319.385,49.926
"May 9, 2017",6.9074,0.9196,0.7731,64.68,113.98,19.1715,305.2,50.01
"May 10, 2017",6.9032,0.9202,0.7729,64.615,114.28,19.014,305.15,49.946
"May 11, 2017",6.9036,0.9206,0.776,64.405,113.86,18.832,305.05,49.913
"May 12, 2017",6.8994,0.9149,0.7758,64.243,113.34,18.8157,305.05,49.676
"May 15, 2017",6.893,0.9112,0.7756,64.065,113.78,18.6995,306.5,49.7
"May 16, 2017",6.8867,0.9023,0.7742,64.045,113.12,18.6425,315.11,49.69
"May 17, 2017",6.8819,0.8962,0.7709,64.13,110.82,18.7812,304.9,49.75
"May 18, 2017",6.8892,0.9006,0.7732,64.88,111.5,18.829,314.875,49.794
"May 19, 2017",6.885,0.8923,0.7671,64.565,111.28,18.7052,304.95,49.646
"May 22, 2017",6.8864,0.8899,0.7692,64.51,111.3,18.6646,305.9,49.749
"May 23, 2017",6.89,0.8942,0.7714,64.895,111.78,18.634,304.9,49.844
"May 24, 2017",6.8899,0.8913,0.7708,64.77,111.5,18.443,304.9,49.983
"May 25, 2017",6.8689,0.8921,0.7728,64.555,111.83,18.506,304.95,49.819
"May 26, 2017",6.8556,0.8942,0.781,64.51,111.34,18.518,304.95,49.777
"May 29, 2017",6.8556,0.8958,0.7788,64.54,111.26,18.4772,304.9,49.819
"May 30, 2017",6.8556,0.894,0.7777,64.635,110.85,18.7083,324.355,49.812
"May 31, 2017",6.8101,0.8894,0.7758,64.51,110.78,18.6212,304.85,49.776
"Jun 1, 2017",6.8078,0.8919,0.7763,64.478,111.36,18.6392,304.88,49.795
"Jun 2, 2017",6.8117,0.8863,0.776,64.415,110.42,18.685,304.9,49.355
"Jun 5, 2017",6.804,0.8885,0.775,64.35,110.47,18.343,304.98,49.368
"Jun 6, 2017",6.7953,0.8867,0.7745,64.43,109.41,18.236,305,49.458
"Jun 7, 2017",6.7957,0.8883,0.7716,64.435,109.81,18.2267,305.05,49.489
"Jun 8, 2017",6.8003,0.8918,0.772,64.25,110,18.201,305.05,49.52
"Jun 9, 2017",6.798,0.8932,0.7846,64.245,110.34,18.172,305.08,49.53
"Jun 12, 2017",6.7982,0.8927,0.7901,64.48,109.94,18.1362,318.355,49.594
"Jun 13, 2017",6.7991,0.892,0.784,64.345,110.07,18.055,305.1,49.533
"Jun 14, 2017",6.7916,0.8914,0.7842,64.235,109.58,17.9205,324.37,49.523
"Jun 15, 2017",6.8079,0.8972,0.784,64.565,110.94,18.048,323.37,49.835
"Jun 16, 2017",6.8104,0.8931,0.7827,64.465,110.86,17.9115,305.2,49.875
"Jun 19, 2017",6.8195,0.897,0.7851,64.495,111.53,17.9575,324.355,50.038
"Jun 20, 2017",6.8292,0.8981,0.7917,64.54,111.44,18.1895,305.28,50.212
"Jun 21, 2017",6.8295,0.8954,0.7892,64.53,111.38,18.2342,305.28,50.344
"Jun 22, 2017",6.8349,0.8967,0.7885,64.605,111.33,18.1115,324.37,50.346
"Jun 23, 2017",6.8366,0.8933,0.7863,64.505,111.29,17.9996,305.3,50.11
"Jun 26, 2017",6.8411,0.8943,0.7861,64.435,111.84,17.872,305.35,50.14
"Jun 27, 2017",6.8126,0.882,0.7803,64.475,112.36,17.991,305.32,50.382
"Jun 28, 2017",6.7998,0.8789,0.7736,64.525,112.3,17.8525,305.3,50.505
"Jun 29, 2017",6.787,0.874,0.7688,64.66,112.18,18.045,305.38,50.55
"Jun 30, 2017",6.7809,0.8752,0.7677,64.62,112.38,18.1278,305.38,50.459
"Jul 3, 2017",6.8007,0.8799,0.773,64.845,113.39,18.2205,315.25,50.553
"Jul 4, 2017",6.8007,0.8814,0.774,64.79,113.28,18.202,305.45,50.539
"Jul 5, 2017",6.8015,0.8809,0.7731,64.8,113.27,18.3025,324.62,50.63
"Jul 6, 2017",6.8015,0.8754,0.771,64.725,113.22,18.2605,305.5,50.703
"Jul 7, 2017",6.806,0.8771,0.7757,64.625,113.89,18.0875,324.445,50.58
"Jul 10, 2017",6.8036,0.8772,0.7763,64.475,114.04,17.9556,319.885,50.69
"Jul 11, 2017",6.8025,0.872,0.7783,64.565,113.94,17.907,324.605,50.704
"Jul 12, 2017",6.7877,0.8762,0.7761,64.475,113.16,17.7803,305.5,50.465
"Jul 13, 2017",6.7835,0.8773,0.7729,64.46,113.28,17.678,305.5,50.574
"Jul 14, 2017",6.7758,0.872,0.7636,64.424,112.53,17.563,305.48,50.63
"Jul 17, 2017",6.77,0.8712,0.766,64.345,112.64,17.587,305.35,50.702
"Jul 18, 2017",6.7463,0.8655,0.7669,64.316,112.08,17.4794,305.4,50.746
"Jul 19, 2017",6.7519,0.8684,0.7681,64.27,111.97,17.5475,324.62,50.834
"Jul 20, 2017",6.7595,0.8598,0.7709,64.375,111.91,17.486,320.37,50.675
"Jul 21, 2017",6.7669,0.8575,0.7695,64.385,111.12,17.6597,305.28,50.719
"Jul 24, 2017",6.7511,0.859,0.7675,64.395,111.11,17.73,319.725,50.717
"Jul 25, 2017",6.7511,0.8586,0.7678,64.385,111.89,17.777,320.37,50.592
"Jul 26, 2017",6.7539,0.8522,0.7621,64.355,111.17,17.59,319.935,50.633
"Jul 27, 2017",6.743,0.8564,0.7653,64.125,111.25,17.7251,319.79,50.532
"Jul 28, 2017",6.7374,0.8509,0.7613,64.115,110.67,17.7805,305.18,50.542
"Jul 31, 2017",6.7265,0.8445,0.7568,64.2,110.25,17.8013,305.9,50.459
"Aug 1, 2017",6.7181,0.8474,0.7573,64.095,110.36,17.89,315.25,50.419
"Aug 2, 2017",6.7219,0.8435,0.7563,63.635,110.73,17.8178,314.75,50.371
"Aug 3, 2017",6.7169,0.8425,0.7611,63.705,110.05,17.845,314.75,50.3
"Aug 4, 2017",6.729,0.8495,0.7671,63.675,110.69,17.8875,307.25,50.305
"Aug 7, 2017",6.7214,0.8478,0.7671,63.84,110.75,17.9271,307.25,50.42
"Aug 8, 2017",6.7065,0.8508,0.7698,63.692,110.31,17.8526,305.25,50.555
"Aug 9, 2017",6.6739,0.8505,0.769,63.86,110.08,17.9485,314.75,50.635
"Aug 10, 2017",6.6475,0.8495,0.7708,64.095,109.22,17.9727,315.25,50.959
"Aug 11, 2017",6.6647,0.846,0.7685,64.14,109.19,17.8275,314.75,51.011
"Aug 14, 2017",6.6711,0.8489,0.7713,64.09,109.64,17.772,305.35,51.261
"Aug 15, 2017",6.6855,0.8521,0.777,64.12,110.67,17.8065,305.25,51.498
"Aug 16, 2017",6.6916,0.8498,0.7756,64.17,110.19,17.6646,305.4,51.285
"Aug 17, 2017",6.6755,0.8529,0.7771,64.17,109.57,17.8475,305.4,51.4
"Aug 18, 2017",6.6712,0.8502,0.7766,64.095,109.19,17.7107,305.45,51.426
"Aug 21, 2017",6.6656,0.8464,0.7751,64.11,108.98,17.6552,305.95,51.417
"Aug 22, 2017",6.6624,0.8502,0.7798,64.072,109.57,17.6602,306,51.334
"Aug 23, 2017",6.6589,0.8469,0.7812,64.045,109.03,17.687,305.25,51.217
"Aug 24, 2017",6.662,0.8476,0.7812,64.045,109.56,17.728,306,51.017
"Aug 25, 2017",6.6498,0.8387,0.7759,64.005,109.36,17.616,305.5,51.086
"Aug 28, 2017",6.6159,0.8348,0.7732,63.905,109.25,17.875,306.05,51.047
"Aug 29, 2017",6.5968,0.8353,0.774,64.015,109.75,17.84,305.25,51.192
"Aug 30, 2017",6.5944,0.8415,0.7737,63.99,110.23,17.715,305.6,51.24
"Aug 31, 2017",6.5899,0.8397,0.7734,63.935,109.97,17.887,305.25,51.16
"Sep 1, 2017",6.5591,0.8433,0.7722,64.025,110.27,17.816,305.25,51.074
"Sep 4, 2017",6.5309,0.8406,0.7733,64.04,109.74,17.873,305.25,51.175
"Sep 5, 2017",6.5388,0.8394,0.7673,64.105,108.81,17.9015,305.25,51.078
"Sep 6, 2017",6.524,0.8391,0.7667,64.06,109.23,17.7915,305.65,51.05
"Sep 7, 2017",6.4866,0.8317,0.7633,64.015,108.45,17.6725,305.25,50.665
"Sep 8, 2017",6.4817,0.8309,0.7577,63.785,107.84,17.71,306.2,50.875
"Sep 11, 2017",6.5297,0.8367,0.7597,63.935,109.41,17.6675,305.75,50.94
"Sep 12, 2017",6.5354,0.8357,0.7528,64.031,110.17,17.73,306.2,50.91
"Sep 13, 2017",6.543,0.8413,0.757,64.01,110.48,17.7493,305.75,51.041
"Sep 14, 2017",6.556,0.839,0.7464,64.123,110.23,17.6661,306.25,51.275
"Sep 15, 2017",6.5526,0.8374,0.7357,64.11,110.84,17.662,325.25,51.289
"Sep 18, 2017",6.5742,0.8366,0.7411,64.158,111.57,17.7645,306.2,51.115
"Sep 19, 2017",6.5838,0.8337,0.7402,64.3,111.59,17.7995,305.65,51.093
"Sep 20, 2017",6.5749,0.8408,0.7411,64.293,112.22,17.7673,314.75,50.969
"Sep 21, 2017",6.5899,0.8374,0.7363,64.81,112.47,17.882,328.25,51.059
"Sep 22, 2017",6.5911,0.8369,0.7411,64.795,111.98,17.748,306.25,50.69
"Sep 25, 2017",6.6212,0.844,0.7426,65.127,111.73,17.9295,314.75,50.687
"Sep 26, 2017",6.64,0.8479,0.743,65.46,112.23,17.9565,314.75,50.901
"Sep 27, 2017",6.6425,0.8515,0.747,65.715,112.83,18.209,305.25,50.98
"Sep 28, 2017",6.664,0.8485,0.7439,65.47,112.34,18.1625,305.7,50.825
"Sep 29, 2017",6.6534,0.8465,0.7464,65.31,112.49,18.255,306,50.89
"Oct 2, 2017",6.6534,0.8523,0.7531,65.31,112.77,18.2314,306,51.196
"Oct 3, 2017",6.6534,0.8515,0.7553,65.485,112.86,18.217,306.25,51.066
"Oct 4, 2017",6.6534,0.8503,0.7549,65.03,112.75,18.268,305.45,50.991
"Oct 5, 2017",6.6534,0.8539,0.7622,65.145,112.82,18.4945,305.4,51.16
"Oct 6, 2017",6.6534,0.8522,0.7653,65.4,112.64,18.5533,314.75,51.15
"Oct 9, 2017",6.6255,0.8518,0.7609,65.355,112.67,18.673,305.95,51.23
"Oct 10, 2017",6.5714,0.847,0.7573,65.25,112.45,18.8295,314.75,51.451
"Oct 11, 2017",6.5903,0.8433,0.7562,65.16,112.5,18.7095,305.3,51.405
"Oct 12, 2017",6.588,0.8452,0.754,65.06,112.28,18.9075,305.8,51.485
"Oct 13, 2017",6.5796,0.8458,0.7527,64.7,111.86,18.915,305.4,51.15
"Oct 16, 2017",6.5899,0.8477,0.7547,64.7,112.19,19.035,305.75,51.242
"Oct 17, 2017",6.6235,0.8499,0.7581,65.03,112.2,18.771,305.75,51.377
"Oct 18, 2017",6.6274,0.8484,0.7573,65.055,112.94,18.862,305.35,51.457
"Oct 19, 2017",6.6151,0.8438,0.76,64.995,112.55,18.808,314.75,51.469
"Oct 20, 2017",6.6205,0.8485,0.7582,65.04,113.52,18.99,305.4,51.515
"Oct 23, 2017",6.64,0.8511,0.7577,65.023,113.44,19.079,305.4,51.52
"Oct 24, 2017",6.6358,0.8502,0.7613,65.09,113.9,19.2325,305.45,51.796
"Oct 25, 2017",6.6391,0.8466,0.7539,64.925,113.75,19.0405,315.25,51.736
"Oct 26, 2017",6.6426,0.8583,0.7599,64.84,113.98,19.206,305.5,51.98
"Oct 27, 2017",6.6514,0.8613,0.7617,65.04,113.69,19.135,305.5,51.599
"Oct 30, 2017",6.6465,0.8582,0.7571,64.86,113.19,19.2405,305.55,51.642
"Oct 31, 2017",6.6349,0.8587,0.7529,64.75,113.64,19.149,306.05,51.612
"Nov 1, 2017",6.6029,0.8607,0.755,64.565,114.17,19.068,305.6,51.58
"Nov 2, 2017",6.6089,0.8578,0.7658,64.575,114.09,18.9849,305.6,51.37
"Nov 3, 2017",6.639,0.8614,0.7648,64.56,114.08,19.2025,305.65,51.26
"Nov 6, 2017",6.6338,0.8613,0.7592,64.625,113.7,19.0235,305.65,51.127
"Nov 7, 2017",6.64,0.8631,0.7595,65.06,114.02,19.1553,305.65,51.405
"Nov 8, 2017",6.628,0.8624,0.7624,64.92,113.88,19.09,305.7,51.26
"Nov 9, 2017",6.6403,0.859,0.7607,64.975,113.47,19.0395,305.7,51.279
"Nov 10, 2017",6.6414,0.8572,0.7581,65.19,113.53,19.1125,314.75,51.237
"Nov 13, 2017",6.6405,0.8571,0.7624,65.44,113.62,19.1295,305.75,51.197
"Nov 14, 2017",6.6363,0.8476,0.7596,65.41,113.45,19.1675,305.75,51.215
"Nov 15, 2017",6.6235,0.8481,0.7592,65.27,112.88,19.251,305.75,50.828
"Nov 16, 2017",6.6307,0.8496,0.7579,65.295,113.06,19.059,306.25,50.71
"Nov 17, 2017",6.6268,0.8478,0.7568,65.015,112.08,18.914,305.7,50.819
"Nov 20, 2017",6.635,0.8524,0.7556,65.1,112.62,18.9937,306.2,50.779
"Nov 21, 2017",6.6296,0.8519,0.7553,64.88,112.44,18.7745,305.65,50.595
"Nov 22, 2017",6.6102,0.8458,0.7503,64.88,111.22,18.642,306.25,50.499
"Nov 23, 2017",6.5835,0.8438,0.7514,64.57,111.22,18.6215,306.25,50.505
"Nov 24, 2017",6.6022,0.8382,0.7498,64.68,111.55,18.575,306.25,50.629
"Nov 27, 2017",6.5969,0.8405,0.7509,64.477,111.09,18.5848,305.55,50.283
"Nov 28, 2017",6.6076,0.8445,0.7497,64.41,111.48,18.543,305.55,50.289
"Nov 29, 2017",6.6094,0.844,0.7458,64.36,111.93,18.567,305.5,50.3
"Nov 30, 2017",6.6128,0.84,0.7393,64.49,112.53,18.631,305.75,50.352
"Dec 1, 2017",6.6174,0.8409,0.7422,64.52,112.11,18.6259,305.75,50.263
"Dec 4, 2017",6.6197,0.8427,0.7419,64.38,112.42,18.6115,306.75,50.631
"Dec 5, 2017",6.6191,0.8456,0.7439,64.36,112.59,18.7575,306.6,50.642
"Dec 6, 2017",6.6148,0.8478,0.7467,64.53,112.3,18.866,306.25,50.724
"Dec 7, 2017",6.6193,0.8494,0.7421,64.57,113.08,18.972,306.7,50.625
"Dec 8, 2017",6.6212,0.85,0.7468,64.48,113.48,18.933,306.65,50.475
"Dec 11, 2017",6.6186,0.8497,0.7497,64.355,113.56,19.058,314.75,50.364
"Dec 12, 2017",6.6215,0.8517,0.7509,64.41,113.55,19.173,314.75,50.438
"Dec 13, 2017",6.6174,0.8456,0.7451,64.46,112.55,19.0128,307.55,50.342
"Dec 14, 2017",6.6095,0.849,0.7446,64.34,112.39,19.1535,306.25,50.465
"Dec 15, 2017",6.6094,0.8508,0.7507,64.08,112.58,19.1315,314.75,50.43
"Dec 18, 2017",6.6164,0.8488,0.7472,64.21,112.55,19.082,306.5,50.372
"Dec 19, 2017",6.6047,0.8446,0.7471,64.06,112.89,19.2085,306.6,50.253
"Dec 20, 2017",6.5785,0.8424,0.7477,64.115,113.39,19.2065,306.6,50.125
"Dec 21, 2017",6.5847,0.8422,0.7471,64.02,113.33,19.466,306.25,50.193
"Dec 22, 2017",6.5774,0.8433,0.7483,64.02,113.27,19.732,306.25,50
"Dec 25, 2017",6.5397,0.8426,0.748,64.02,113.28,19.7401,306.25,49.928
"Dec 26, 2017",6.5453,0.8433,0.7477,64.05,113.23,19.867,306.25,49.934
"Dec 27, 2017",6.5568,0.8411,0.7464,64.12,113.36,19.69,306.65,49.998
"Dec 28, 2017",6.5334,0.8374,0.7439,64.08,112.89,19.7163,306.6,50.01
"Dec 29, 2017",6.5066,0.8335,0.7399,63.84,112.69,19.653,306.6,50.014
"Jan 1, 2018",6.5066,0.8327,0.7406,63.68,112.66,19.66,306.6,49.919
"Jan 2, 2018",6.4934,0.8293,0.7359,63.46,112.3,19.5413,305.75,49.819
"Jan 3, 2018",6.503,0.8323,0.7399,63.505,112.5,19.351,305.7,49.819
"Jan 4, 2018",6.4934,0.8286,0.7379,63.4,112.75,19.2895,305.7,49.877
"Jan 5, 2018",6.4887,0.8313,0.7369,63.34,113.08,19.181,305.7,49.779
"Jan 8, 2018",6.4997,0.8357,0.737,63.475,113.09,19.225,305.65,50.173
"Jan 9, 2018",6.5297,0.8377,0.7386,63.67,112.66,19.2387,305.65,50.358
"Jan 10, 2018",6.5081,0.837,0.7403,63.63,111.44,19.291,315.25,50.492
"Jan 11, 2018",6.4958,0.8311,0.7387,63.69,111.25,19.2705,305.55,50.367
"Jan 12, 2018",6.461,0.8206,0.7284,63.61,111.04,19.04,305.55,50.34
"Jan 15, 2018",6.4371,0.8155,0.725,63.515,110.54,18.8555,305.55,50.368
"Jan 16, 2018",6.444,0.8156,0.725,64.02,110.45,18.7705,305.5,50.568
"Jan 17, 2018",6.4343,0.8206,0.7232,63.885,111.28,18.7147,305.5,50.754
"Jan 18, 2018",6.4203,0.8171,0.7198,63.87,111.11,18.607,305.45,50.795
"Jan 19, 2018",6.404,0.8182,0.7219,63.83,110.78,18.613,305.45,50.712
"Jan 22, 2018",6.4052,0.8155,0.7148,63.89,110.92,18.6842,305.4,51.01
"Jan 23, 2018",6.4047,0.8131,0.7142,63.76,110.31,18.694,305.4,51.099
"Jan 24, 2018",6.37,0.806,0.7021,63.66,109.22,18.5005,305.35,50.782
"Jan 25, 2018",6.3238,0.8067,0.7071,63.515,109.41,18.605,305.4,50.965
"Jan 26, 2018",6.3201,0.8051,0.7057,63.59,108.72,18.4844,315.25,50.981
"Jan 29, 2018",6.3374,0.8076,0.7105,63.6,108.95,18.612,305.45,51.279
"Jan 30, 2018",6.3239,0.8064,0.7069,63.69,108.78,18.771,305.45,51.395
"Jan 31, 2018",6.2888,0.8051,0.7046,63.55,109.19,18.6,305.45,51.365
"Feb 1, 2018",6.2995,0.7994,0.701,63.98,109.41,18.349,315.25,51.605
"Feb 2, 2018",6.3014,0.8025,0.7081,64.13,110.11,18.5983,305.5,51.655
"Feb 5, 2018",6.29,0.8085,0.7164,64.14,109.11,18.779,305.55,51.673
"Feb 6, 2018",6.2832,0.8079,0.7169,64.23,109.56,18.604,305.55,51.432
"Feb 7, 2018",6.2694,0.8154,0.7204,64.28,109.33,18.798,305.6,51.265
"Feb 8, 2018",6.327,0.8165,0.7188,64.3,108.75,18.896,306.1,51.745
"Feb 9, 2018",6.2969,0.8174,0.7227,64.375,108.8,18.71,305.6,51.678
"Feb 12, 2018",6.3275,0.8135,0.7227,64.28,108.66,18.603,306.1,51.925
"Feb 13, 2018",6.341,0.8096,0.7198,64.265,107.83,18.6635,305.65,52.059
"Feb 14, 2018",6.3482,0.8032,0.7144,64.1,107.02,18.587,305.65,52.12
"Feb 15, 2018",6.3482,0.7996,0.7093,63.9,106.12,18.5012,305.7,52.295
"Feb 16, 2018",6.3482,0.8061,0.7121,64.215,106.31,18.519,305.7,52.239
"Feb 19, 2018",6.3482,0.806,0.714,64.25,106.6,18.534,305.75,52.331
"Feb 20, 2018",6.3482,0.8105,0.7145,64.86,107.33,18.7072,305.75,52.266
"Feb 21, 2018",6.3482,0.8141,0.7185,64.805,107.78,18.8375,306.25,52.12
"Feb 22, 2018",6.3501,0.811,0.7163,64.975,106.75,18.611,305.75,51.889
"Feb 23, 2018",6.3373,0.8135,0.7159,64.71,106.89,18.535,305.7,51.815
"Feb 26, 2018",6.316,0.8119,0.7159,64.77,106.94,18.6785,314.75,51.9
"Feb 27, 2018",6.317,0.8175,0.719,64.92,107.33,18.8447,305.65,52.099
"Feb 28, 2018",6.3311,0.82,0.7267,65.21,106.67,18.8403,305.65,52.09
"Mar 1, 2018",6.3582,0.8152,0.7259,65.23,106.24,18.8403,305.6,51.83
"Mar 2, 2018",6.3454,0.8118,0.7244,65.22,105.75,18.8,305.6,51.975
"Mar 5, 2018",6.3495,0.8106,0.722,65.025,106.2,18.7962,315.25,51.956
"Mar 6, 2018",6.3098,0.8062,0.72,64.905,106.12,18.7387,306.1,51.959
"Mar 7, 2018",6.3255,0.8057,0.7194,64.88,106.08,18.714,305.55,52.05
"Mar 8, 2018",6.3422,0.8122,0.724,65.105,106.2,18.6605,306.1,52.155
"Mar 9, 2018",6.3326,0.8125,0.7221,65.125,106.8,18.608,305.55,51.974
"Mar 12, 2018",6.33,0.8107,0.7191,64.985,106.42,18.5877,315.05,52.039
"Mar 13, 2018",6.3216,0.8071,0.7163,64.855,106.58,18.6062,315.05,51.995
"Mar 14, 2018",6.318,0.8086,0.7163,64.84,106.33,18.5845,314.75,52.039
"Mar 15, 2018",6.3221,0.8127,0.7175,64.99,106.34,18.6999,306,52.145
"Mar 16, 2018",6.335,0.8137,0.7174,64.99,106.02,18.6898,306.05,51.93
"Mar 19, 2018",6.3322,0.8107,0.713,65.22,106.09,18.7069,306,52.103
"Mar 20, 2018",6.3341,0.8168,0.7144,65.21,106.53,18.7673,305.45,52.065
"Mar 21, 2018",6.3232,0.8105,0.7072,65.18,106.06,18.4365,306,52.092
"Mar 22, 2018",6.335,0.8128,0.7094,65.105,105.28,18.6344,314.75,52.44
"Mar 23, 2018",6.316,0.8095,0.7076,64.99,104.74,18.5187,305.45,52.406
"Mar 26, 2018",6.2734,0.8037,0.7028,64.825,105.41,18.3371,305.4,52.172
"Mar 27, 2018",6.2831,0.8063,0.7064,64.945,105.34,18.381,305.4,52.407
"Mar 28, 2018",6.2979,0.8125,0.7104,65.16,106.86,18.304,305.4,52.304
"Mar 29, 2018",6.2898,0.8129,0.7135,65.115,106.43,18.187,305.4,52.219
"Mar 30, 2018",6.2753,0.8115,0.7134,65.115,106.28,18.16,305.4,52.171
"Apr 2, 2018",6.2805,0.8128,0.7119,65.13,105.89,18.2475,305.4,52.12
"Apr 3, 2018",6.2899,0.8149,0.7113,65,106.61,18.2181,305.4,51.91
"Apr 4, 2018",6.3052,0.8145,0.7101,65.045,106.78,18.1,305.35,52.029
"Apr 5, 2018",6.3052,0.817,0.7141,64.89,107.38,18.2057,305.35,52.02
"Apr 6, 2018",6.3052,0.8142,0.7096,64.93,106.93,18.2892,305.35,52.026
"Apr 9, 2018",6.307,0.8116,0.7077,64.955,106.77,18.3514,305.35,52.008
"Apr 10, 2018",6.2832,0.8094,0.7055,64.95,107.2,18.2665,305.35,51.819
"Apr 11, 2018",6.269,0.8086,0.7054,65.26,106.8,18.2294,305.3,51.989
"Apr 12, 2018",6.2915,0.8113,0.7028,65.29,107.33,18.189,305.3,52.035
"Apr 13, 2018",6.275,0.8109,0.7022,65.255,107.34,18.0452,305.3,51.965
"Apr 16, 2018",6.2765,0.8078,0.6975,65.47,107.11,18.012,305.35,52.039
"Apr 17, 2018",6.2825,0.8084,0.6999,65.68,107,18.048,305.35,52.08
"Apr 18, 2018",6.2744,0.8082,0.7041,65.72,107.23,18.09,305.35,52.056
"Apr 19, 2018",6.2791,0.8099,0.7097,65.87,107.38,18.4435,305.35,52.141
"Apr 20, 2018",6.2965,0.8138,0.714,66.21,107.67,18.528,305.35,52.132
"Apr 23, 2018",6.3171,0.819,0.7173,66.53,108.71,18.944,305.85,52.398
"Apr 24, 2018",6.3065,0.8175,0.7155,66.41,108.82,18.8195,305.4,52.221
"Apr 25, 2018",6.3266,0.8223,0.7178,66.92,109.42,18.8475,305.4,52.265
"Apr 26, 2018",6.3365,0.8263,0.7183,66.805,109.31,18.815,305.4,51.974
"Apr 27, 2018",6.3332,0.8244,0.7257,66.62,109.05,18.618,305.4,51.63
"Apr 30, 2018",6.3332,0.8279,0.7261,66.46,109.33,18.7135,305.45,51.654
"May 1, 2018",6.3332,0.8338,0.7346,66.8,109.86,18.9505,305.45,51.75
"May 2, 2018",6.3624,0.8367,0.7363,66.69,109.84,19.089,305.45,51.961
"May 3, 2018",6.3537,0.8341,0.7366,66.67,109.19,19.0625,305.45,51.77
"May 4, 2018",6.3627,0.8361,0.7389,66.82,109.12,19.2683,305.45,51.679
"May 7, 2018",6.3667,0.8387,0.7376,67.14,109.09,19.466,305.5,51.944
"May 8, 2018",6.3707,0.8428,0.7381,67.13,109.12,19.5695,305.5,51.917
"May 9, 2018",6.3624,0.8438,0.7382,67.35,109.75,19.5715,305.5,52.005
"May 10, 2018",6.3492,0.8393,0.7397,67.245,109.39,19.2255,305.5,51.929
"May 11, 2018",6.3341,0.8373,0.7383,67.36,109.39,19.425,306,52.431
"May 14, 2018",6.3392,0.8385,0.7377,67.56,109.66,19.6241,305.55,52.48
"May 15, 2018",6.3777,0.8448,0.7403,68.08,110.35,19.695,305.55,52.52
"May 16, 2018",6.3715,0.8469,0.7414,67.775,110.39,19.5723,305.6,52.243
"May 17, 2018",6.3671,0.8478,0.7399,67.765,110.77,19.7368,314.25,52.297
"May 18, 2018",6.38,0.8491,0.7422,67.99,110.75,19.954,305.6,52.304
"May 21, 2018",6.3835,0.8481,0.7446,68.115,111.06,19.819,305.6,52.346
"May 22, 2018",6.3675,0.8489,0.7443,68.02,110.89,19.7735,305.6,52.249
"May 23, 2018",6.3885,0.855,0.7493,68.37,110.08,19.6325,305.65,52.459
"May 24, 2018",6.3783,0.8532,0.7473,68.34,109.25,19.573,315.25,52.522
"May 25, 2018",6.3918,0.8582,0.7514,67.73,109.39,19.5477,305.65,52.618
"May 28, 2018",6.3993,0.8603,0.7511,67.4,109.42,19.5955,305.65,52.596
"May 29, 2018",6.4176,0.8666,0.7546,67.84,108.77,19.836,305.65,52.66
"May 30, 2018",6.419,0.8575,0.7523,67.44,108.91,19.727,314.75,52.547
"May 31, 2018",6.4103,0.8552,0.7519,67.43,108.82,19.9135,305.95,52.565
"Jun 1, 2018",6.4204,0.8576,0.7491,66.995,109.55,19.9427,305.75,52.51
"Jun 4, 2018",6.41,0.8548,0.7512,67.07,109.81,20.077,305.75,52.556
"Jun 5, 2018",6.4061,0.8534,0.7464,67.1,109.8,20.4605,305.75,52.37
"Jun 6, 2018",6.3884,0.8494,0.7456,66.84,110.17,20.3012,305.95,52.417
"Jun 7, 2018",6.3921,0.8476,0.745,67.42,109.7,20.4785,306.2,52.53
"Jun 8, 2018",6.4066,0.8498,0.7456,67.53,109.55,20.2895,305.7,52.886
"Jun 11, 2018",6.4017,0.8487,0.7477,67.47,110.03,20.593,305.95,53.115
"Jun 12, 2018",6.4028,0.8515,0.7478,67.48,110.38,20.7161,315.25,53.062
"Jun 13, 2018",6.3983,0.8481,0.7476,67.645,110.34,20.6425,306.2,53.291
"Jun 14, 2018",6.4017,0.8643,0.754,67.69,110.63,20.8905,315.25,53.349
"Jun 15, 2018",6.4394,0.8614,0.7527,68.06,110.67,20.6295,315.25,53.382
"Jun 18, 2018",6.4394,0.8603,0.755,68.04,110.55,20.509,315.25,53.349
"Jun 19, 2018",6.4852,0.8629,0.7587,68.31,110.06,20.5255,305.95,53.281
"Jun 20, 2018",6.4737,0.8641,0.7591,68.06,110.36,20.36,314.75,53.3
"Jun 21, 2018",6.4932,0.8619,0.7546,67.945,110,20.326,314.75,53.325
"Jun 22, 2018",6.5058,0.8579,0.7536,67.87,109.97,20.015,314.75,53.234
"Jun 25, 2018",6.54,0.8545,0.7532,68.115,109.78,19.8947,314.75,53.501
"Jun 26, 2018",6.5793,0.8586,0.756,68.37,110.06,19.9533,305.55,53.669
"Jun 27, 2018",6.6047,0.8656,0.7627,68.64,110.26,20.1794,305.75,53.586
"Jun 28, 2018",6.627,0.8643,0.7647,68.84,110.5,19.718,305.5,53.48
"Jun 29, 2018",6.621,0.8558,0.7571,68.46,110.68,19.9175,305.5,53.35
"Jul 2, 2018",6.668,0.8591,0.7609,68.72,110.89,19.953,305.5,53.437
"Jul 3, 2018",6.6425,0.8579,0.758,68.55,110.59,19.4565,305.45,53.34
"Jul 4, 2018",6.6325,0.8579,0.7558,68.69,110.47,19.4495,305.45,53.4
"Jul 5, 2018",6.6371,0.8554,0.756,68.88,110.62,19.215,305.45,53.416
"Jul 6, 2018",6.6436,0.8512,0.7527,68.805,110.46,19.0278,314.75,53.336
"Jul 9, 2018",6.6161,0.8509,0.7542,68.66,110.85,19.22,305.95,53.407
"Jul 10, 2018",6.6299,0.8515,0.7532,68.755,111,18.9271,305.45,53.474
"Jul 11, 2018",6.6812,0.8567,0.7572,68.73,112.02,19.083,306,53.63
"Jul 12, 2018",6.6677,0.8567,0.7572,68.52,112.56,18.9795,305.2,53.431
"Jul 13, 2018",6.6917,0.8558,0.7556,68.5,112.38,18.891,305.28,53.555
"Jul 16, 2018",6.6911,0.8539,0.7556,68.55,112.3,18.82,305.28,53.486
"Jul 17, 2018",6.7065,0.8576,0.7625,68.43,112.87,18.8893,305.28,53.425
"Jul 18, 2018",6.7196,0.8592,0.765,68.625,112.86,18.8965,305.28,53.495
"Jul 19, 2018",6.7751,0.8589,0.7684,69.02,112.47,19.0535,305.32,53.615
"Jul 20, 2018",6.7709,0.8532,0.7614,68.74,111.41,19.024,305.35,53.319
"Jul 23, 2018",6.793,0.8552,0.7632,68.845,111.34,18.882,305.3,53.429
"Jul 24, 2018",6.7915,0.8558,0.7608,68.947,111.2,18.8805,314.75,53.288
"Jul 25, 2018",6.7697,0.8527,0.7582,68.73,110.97,18.6676,305.38,53.227
"Jul 26, 2018",6.7927,0.8589,0.7629,68.66,111.22,18.6259,305.38,53.41
"Jul 27, 2018",6.8137,0.8579,0.7627,68.605,111.05,18.6283,305.38,53.218
"Jul 30, 2018",6.815,0.8542,0.7615,68.605,111.07,18.5395,305.38,53.095
"Jul 31, 2018",6.8127,0.8554,0.7619,68.46,111.88,18.648,305.38,53.015
"Aug 1, 2018",6.8227,0.8577,0.7619,68.35,111.72,18.588,305.32,53.01
"Aug 2, 2018",6.8428,0.8632,0.7681,68.625,111.66,18.6505,305.45,53.167
"Aug 3, 2018",6.8332,0.8645,0.7688,68.545,111.27,18.554,305.42,53.065
"Aug 6, 2018",6.8535,0.8656,0.7725,68.83,111.41,18.519,305.45,52.825
"Aug 7, 2018",6.8318,0.8621,0.7729,68.63,111.39,18.4571,305.5,52.875
"Aug 8, 2018",6.8357,0.8612,0.7763,68.66,110.98,18.4711,305.5,53.074
"Aug 9, 2018",6.821,0.8676,0.7798,68.76,111.08,18.6928,305.48,53.045
"Aug 10, 2018",6.8472,0.8763,0.7832,68.89,110.94,18.91,305.5,53.226
"Aug 13, 2018",6.8913,0.8765,0.7832,70.02,110.73,19.12,305.45,53.542
"Aug 14, 2018",6.8842,0.8815,0.7859,69.96,111.16,18.8826,305.55,53.472
"Aug 15, 2018",6.9348,0.8814,0.7875,69.92,110.75,19.1373,305.5,53.545
"Aug 16, 2018",6.8825,0.879,0.7862,70.09,110.89,18.982,305.52,53.41
"Aug 17, 2018",6.8775,0.8743,0.7842,70.1,110.5,18.8935,305.6,53.327
"Aug 20, 2018",6.8578,0.871,0.7814,69.82,110.07,19.005,305.6,53.325
"Aug 21, 2018",6.8472,0.8642,0.7751,69.86,110.31,18.9562,305.6,53.389
"Aug 22, 2018",6.8418,0.8623,0.7745,69.87,110.56,18.7287,305.6,53.401
"Aug 23, 2018",6.8777,0.8666,0.7802,70.105,111.3,19.009,305.6,53.5
"Aug 24, 2018",6.807,0.8605,0.778,69.97,111.23,18.9115,305.6,53.374
"Aug 27, 2018",6.8156,0.8563,0.7756,70.165,111.08,18.7655,305.58,53.306
"Aug 28, 2018",6.803,0.855,0.7765,70.1,111.19,19.0822,305.6,53.287
"Aug 29, 2018",6.8213,0.8541,0.7677,70.535,111.67,18.9554,305.65,53.396
"Aug 30, 2018",6.8445,0.8569,0.7685,70.745,110.98,19.1135,305.65,53.465
"Aug 31, 2018",6.8315,0.8619,0.7713,71.005,111.04,19.085,305.65,53.487
"Sep 3, 2018",6.8228,0.8603,0.7769,71.215,111.08,19.1927,305.65,53.557
"Sep 4, 2018",6.8442,0.8634,0.7779,71.585,111.45,19.4035,305.65,53.62
"Sep 5, 2018",6.8305,0.8599,0.7749,71.755,111.53,19.3427,305.7,53.661
"Sep 6, 2018",6.8355,0.8605,0.7732,71.95,110.75,19.183,305.68,53.981
"Sep 7, 2018",6.8438,0.8656,0.7739,71.79,111.08,19.324,305.68,53.78
"Sep 10, 2018",6.8556,0.8626,0.7677,72.455,111.12,19.2715,305.7,53.925
"Sep 11, 2018",6.873,0.8616,0.7671,72.64,111.64,19.187,304.72,53.955
"Sep 12, 2018",6.8606,0.8601,0.7664,72.16,111.27,19.0177,304.7,54.07
"Sep 13, 2018",6.8448,0.8555,0.763,72.037,111.92,18.8335,305.7,54.025
"Sep 14, 2018",6.869,0.8598,0.7653,71.88,112.06,18.8882,305.72,54.125
"Sep 17, 2018",6.857,0.8559,0.76,72.54,111.84,18.838,305.7,54.155
"Sep 18, 2018",6.8616,0.857,0.7605,72.71,112.36,18.8068,305.75,54.066
"Sep 19, 2018",6.8483,0.8567,0.7608,72.36,112.28,18.776,305.78,53.897
"Sep 20, 2018",6.8468,0.8491,0.7538,72.015,112.5,18.828,305.78,54.086
"Sep 21, 2018",6.8571,0.851,0.7647,72.24,112.58,18.8315,305.78,54.192
"Sep 24, 2018",6.8571,0.8512,0.7622,72.67,112.81,18.9685,305.78,54.225
"Sep 25, 2018",6.8665,0.8495,0.7585,72.685,112.97,18.992,305.8,54.249
"Sep 26, 2018",6.8786,0.8518,0.7595,72.6,112.73,18.843,305.8,54.237
"Sep 27, 2018",6.8902,0.859,0.7645,72.57,113.38,18.7843,305.8,54.051
"Sep 28, 2018",6.8689,0.8614,0.7674,72.51,113.69,18.7184,306.85,53.975
"Oct 1, 2018",6.8689,0.8638,0.7667,72.925,113.92,18.7176,305.8,54.154
"Oct 2, 2018",6.8689,0.8659,0.7705,72.925,113.67,18.7955,305.8,54.265
"Oct 3, 2018",6.8689,0.8712,0.7728,73.345,114.53,19.045,305.88,54.275
"Oct 4, 2018",6.8689,0.8685,0.768,73.63,113.92,19.1005,305.9,54.315
"Oct 5, 2018",6.8689,0.8678,0.762,73.77,113.72,18.8255,305.85,54.225
"Oct 8, 2018",6.9307,0.8701,0.764,74.065,113.23,18.9425,305.9,54.143
"Oct 9, 2018",6.9227,0.8703,0.7608,74.34,112.95,19.04,305.9,54.175
"Oct 10, 2018",6.9242,0.868,0.7578,74.25,112.28,19.1576,304.95,54.145
"Oct 11, 2018",6.8899,0.8625,0.7556,74.05,112.17,18.9795,304.9,54.07
"Oct 12, 2018",6.9225,0.8649,0.7601,73.61,112.2,18.859,304.9,54.075
"Oct 15, 2018",6.9168,0.8637,0.7603,73.77,111.78,18.8425,304.9,54.035
"Oct 16, 2018",6.912,0.864,0.7583,73.465,112.25,18.752,306,53.834
"Oct 17, 2018",6.9275,0.8694,0.7625,73.6,112.65,18.88,305.95,53.882
"Oct 18, 2018",6.9376,0.8731,0.7681,73.53,112.19,19.1545,305.95,54.141
"Oct 19, 2018",6.9297,0.8685,0.765,73.375,112.55,19.267,305.98,53.713
"Oct 22, 2018",6.9474,0.8722,0.7714,73.56,112.83,19.4085,305.98,53.85
"Oct 23, 2018",6.9383,0.8717,0.7702,73.55,112.44,19.2975,306,53.778
"Oct 24, 2018",6.944,0.8778,0.7763,73.23,112.26,19.6091,306,53.819
"Oct 25, 2018",6.9489,0.8791,0.7802,73.23,112.42,19.4905,306.04,53.675
"Oct 26, 2018",6.9435,0.8768,0.7792,73.46,111.91,19.3615,306,53.547
"Oct 29, 2018",6.9619,0.8793,0.7816,73.4,112.38,20.0622,306,53.608
"Oct 30, 2018",6.9672,0.8814,0.787,73.68,113.09,20.052,306.1,53.57
"Oct 31, 2018",6.9756,0.8841,0.7833,73.96,112.94,20.3397,306.05,53.421
"Nov 1, 2018",6.9234,0.8765,0.7684,73.455,112.72,20.1565,306.08,53.255
"Nov 2, 2018",6.8907,0.8781,0.7709,72.44,113.2,20.0335,306.05,53.141
"Nov 5, 2018",6.9257,0.8767,0.7669,73.08,113.19,19.8875,306.08,53.266
"Nov 6, 2018",6.9195,0.8751,0.7634,72.955,113.44,19.7255,306.1,53.014
"Nov 7, 2018",6.92,0.8752,0.7618,72.45,113.53,19.8715,306.1,52.694
"Nov 8, 2018",6.9345,0.88,0.7656,72.38,114.06,20.1963,306.1,52.891
"Nov 9, 2018",6.9568,0.8821,0.7706,72.48,113.83,20.1404,306.1,53.079
"Nov 12, 2018",6.9635,0.8914,0.7783,72.86,113.83,20.3675,306.1,53.228
"Nov 13, 2018",6.956,0.8857,0.7709,72.615,113.81,20.493,306.18,53.063
"Nov 14, 2018",6.9505,0.8841,0.7694,72.31,113.62,20.41,306.18,53.132
"Nov 15, 2018",6.9393,0.8828,0.7822,71.915,113.64,20.232,306.18,52.675
"Nov 16, 2018",6.938,0.8757,0.7789,71.98,112.83,20.1507,306.2,52.575
"Nov 19, 2018",6.942,0.8731,0.7782,71.61,112.56,20.3795,306.18,52.508
"Nov 20, 2018",6.9452,0.8794,0.782,71.43,112.77,20.359,306.25,52.463
"Nov 21, 2018",6.927,0.8783,0.7826,71.305,113.06,20.246,306.2,52.175
"Nov 22, 2018",6.9319,0.8766,0.7765,70.69,112.94,20.3125,306.2,52.32
"Nov 23, 2018",6.9485,0.8817,0.7804,70.655,112.95,20.41,306.2,52.399
"Nov 26, 2018",6.9408,0.8828,0.7792,70.82,113.59,20.6175,306.25,52.501
"Nov 27, 2018",6.9515,0.8859,0.7843,70.785,113.78,20.4782,306.3,52.551
"Nov 28, 2018",6.9539,0.8798,0.7797,70.64,113.69,20.2963,306.3,52.5
"Nov 29, 2018",6.9425,0.8778,0.7815,69.78,113.48,20.24,306.28,52.398
"Nov 30, 2018",6.9605,0.8837,0.7839,69.65,113.47,20.4052,306.28,52.413
"Dec 3, 2018",6.883,0.8808,0.7859,70.44,113.67,20.3625,306.3,52.492
"Dec 4, 2018",6.8373,0.8814,0.7862,70.53,112.78,20.5135,306.3,52.745
"Dec 5, 2018",6.8567,0.8814,0.7853,70.56,113.19,20.502,306.32,52.739
"Dec 6, 2018",6.8827,0.8791,0.7822,70.85,112.67,20.352,306.3,52.777
"Dec 7, 2018",6.8757,0.8789,0.7856,70.86,112.73,20.2668,306.3,52.743
"Dec 10, 2018",6.9117,0.8806,0.796,72.52,113.34,20.31,306.3,52.855
"Dec 11, 2018",6.9,0.8836,0.8007,72.291,113.39,20.206,306.38,52.695
"Dec 12, 2018",6.88,0.8797,0.7919,71.84,113.28,20.0795,306.4,52.6
"Dec 13, 2018",6.8816,0.88,0.7901,71.53,113.64,20.3155,306.38,52.64
"Dec 14, 2018",6.9077,0.8842,0.7946,71.92,113.39,20.2406,306.38,53.093
"Dec 17, 2018",6.8972,0.8812,0.792,71.61,112.83,20.0775,306.38,52.932
"Dec 18, 2018",6.8951,0.8801,0.7909,70.62,112.53,20.08,306.45,53.029
"Dec 19, 2018",6.8922,0.879,0.793,70.279,112.48,20.116,306.45,53.056
"Dec 20, 2018",6.8851,0.8737,0.7901,69.98,111.28,19.8845,306.45,53.13
"Dec 21, 2018",6.9065,0.8793,0.7917,70.14,111.22,19.9525,306.45,52.935
"Dec 24, 2018",6.8991,0.8772,0.7859,70.105,110.45,19.875,306.45,52.975
"Dec 25, 2018",6.8872,0.8801,0.7883,70.05,110.28,19.9192,306.45,52.975
"Dec 26, 2018",6.8854,0.8809,0.7915,70.07,111.36,19.9067,306.42,52.925
"Dec 27, 2018",6.8663,0.8749,0.7909,70.361,111,19.6758,307.42,52.68
"Dec 28, 2018",6.8785,0.8739,0.787,69.933,110.28,19.659,307.5,52.525
"Dec 31, 2018",6.8785,0.8718,0.7837,69.57,109.58,19.6478,307.5,52.5
"Jan 1, 2019",6.8785,0.8722,0.7842,69.453,109.72,19.6513,307.5,52.435
"Jan 2, 2019",6.862,0.8815,0.7931,70,108.88,19.5708,307.5,52.425
"Jan 3, 2019",6.872,0.8777,0.7917,70.11,107.67,19.6295,307.48,52.566
"Jan 4, 2019",6.8692,0.8776,0.7861,69.55,108.53,19.4205,307.4,52.475
"Jan 7, 2019",6.851,0.8714,0.7824,69.803,108.72,19.3619,307.4,52.438
"Jan 8, 2019",6.8532,0.874,0.7862,70.14,108.75,19.3655,307.38,52.455
"Jan 9, 2019",6.8165,0.8664,0.7819,70.56,108.17,19.2245,307.38,52.25
"Jan 10, 2019",6.7885,0.8696,0.7844,70.42,108.42,19.1288,307.38,52.24
"Jan 11, 2019",6.763,0.872,0.7782,70.399,108.55,19.1411,307.38,52.157
"Jan 14, 2019",6.768,0.8713,0.7773,70.76,108.17,18.9838,307.3,52.197
"Jan 15, 2019",6.761,0.8761,0.7776,71.1,108.67,18.9961,307.3,52.05
"Jan 16, 2019",6.7568,0.8772,0.7762,70.98,109.09,18.892,307.35,52.175
"Jan 17, 2019",6.7764,0.8776,0.7701,71.05,109.24,19.0181,307.35,52.452
"Jan 18, 2019",6.779,0.88,0.7767,71.21,109.78,19.0825,307.3,52.65
"Jan 21, 2019",6.798,0.8798,0.7756,71.188,109.67,19.1668,307.35,52.75
"Jan 22, 2019",6.808,0.8803,0.7718,71.26,109.38,19.1687,307.3,52.799
"Jan 23, 2019",6.792,0.8787,0.7651,71.19,109.6,19.0299,307.28,52.69
"Jan 24, 2019",6.7885,0.8845,0.7653,71,109.64,19.0185,307.3,52.825
"Jan 25, 2019",6.7473,0.8767,0.7576,70.9,109.55,18.9872,307.28,52.555
"Jan 28, 2019",6.7453,0.8751,0.7598,71.07,109.36,19.041,307.28,52.53
"Jan 29, 2019",6.7329,0.8748,0.7652,71.39,109.39,18.9945,307.2,52.464
"Jan 30, 2019",6.7165,0.8712,0.7624,71.235,109.03,19.133,307.2,52.16
"Jan 31, 2019",6.7008,0.8736,0.7629,70.96,108.88,19.1063,307.25,52.14
"Feb 1, 2019",6.7448,0.873,0.7645,71.435,109.5,19.104,307.2,52.327
"Feb 4, 2019",6.7448,0.8742,0.7671,71.71,109.89,19.1119,307.2,52.402
"Feb 5, 2019",6.7448,0.8761,0.7725,71.53,109.97,19.0363,306.28,52.295
"Feb 6, 2019",6.7448,0.8801,0.7732,71.55,109.97,19.1075,306.2,52.322
"Feb 7, 2019",6.7448,0.8813,0.772,71.3,109.81,19.095,306.25,52.12
"Feb 8, 2019",6.7448,0.8826,0.7723,71.175,109.73,19.0778,306.2,52.15
"Feb 11, 2019",6.7923,0.8869,0.7782,71.14,110.38,19.3037,306.2,52.24
"Feb 12, 2019",6.774,0.883,0.7757,70.535,110.48,19.2556,306.18,52.09
"Feb 13, 2019",6.7604,0.888,0.7784,70.875,111,19.4355,306.25,52.28
"Feb 14, 2019",6.7721,0.8853,0.7805,71.02,110.48,19.2635,306.2,52.29
"Feb 15, 2019",6.773,0.8854,0.7758,71.33,110.5,19.2427,306.25,52.32
"Feb 18, 2019",6.7667,0.8841,0.7738,71.387,110.62,19.2455,306.2,52.36
"Feb 19, 2019",6.7587,0.8818,0.7654,71.3,110.62,19.144,306.28,52.1
"Feb 20, 2019",6.7213,0.8821,0.7662,71.01,110.86,19.219,306.28,51.92
"Feb 21, 2019",6.7198,0.8821,0.7661,71.165,110.7,19.2885,306.3,52.15
"Feb 22, 2019",6.7142,0.8816,0.7661,71.035,110.69,19.147,306.3,52.05
"Feb 25, 2019",6.6894,0.8803,0.7635,70.834,111.06,19.1335,306.3,51.9
"Feb 26, 2019",6.7002,0.8774,0.7547,70.96,110.58,19.1755,306.3,51.99
"Feb 27, 2019",6.6872,0.8796,0.7513,71.2,111,19.172,306.3,51.81
"Feb 28, 2019",6.6941,0.8794,0.754,70.84,111.39,19.2825,306.32,51.89
"Mar 1, 2019",6.7064,0.879,0.7573,71,111.92,19.2676,306.3,51.89
"Mar 4, 2019",6.7073,0.8819,0.7582,70.91,111.75,19.2963,306.3,51.76
"Mar 5, 2019",6.7076,0.8843,0.7589,70.49,111.89,19.2475,306.38,52.26
"Mar 6, 2019",6.7119,0.8844,0.7593,70.08,111.77,19.365,306.38,52.22
"Mar 7, 2019",6.7149,0.8933,0.7642,70.116,111.59,19.5506,306.38,52.26
"Mar 8, 2019",6.7216,0.8896,0.7681,70.012,111.17,19.4938,306.4,52.3
"Mar 11, 2019",6.7265,0.8889,0.7603,69.85,111.2,19.4007,306.4,52.13
"Mar 12, 2019",6.7085,0.8859,0.7649,69.625,111.36,19.3495,306.45,52.98
"Mar 13, 2019",6.7071,0.8829,0.7497,69.529,111.17,19.2833,306.45,52.65
"Mar 14, 2019",6.723,0.8847,0.7552,69.365,111.72,19.3185,306.42,52.7
"Mar 15, 2019",6.7138,0.883,0.7521,68.963,111.47,19.2071,306.45,52.61
"Mar 18, 2019",6.713,0.8821,0.7542,68.625,111.42,19.0562,306.45,52.7
"Mar 19, 2019",6.7119,0.8809,0.7536,69.015,111.39,19.0141,306.45,52.8
"Mar 20, 2019",6.6946,0.8761,0.7578,68.79,110.69,18.8287,306.4,52.82
"Mar 21, 2019",6.6993,0.8792,0.7629,68.81,110.81,18.8621,306.4,52.6
"Mar 22, 2019",6.7181,0.8839,0.757,69.17,109.92,19.094,306.4,52.67
"Mar 25, 2019",6.7094,0.884,0.7573,68.89,109.97,19.0188,306.38,52.47
"Mar 26, 2019",6.7157,0.8877,0.7571,68.996,110.64,19.106,306.42,52.63
"Mar 27, 2019",6.7271,0.8893,0.7581,69.1,110.52,19.3625,306.45,52.79
"Mar 28, 2019",6.739,0.8905,0.7664,69.19,110.64,19.3425,306.45,52.72
"Mar 29, 2019",6.712,0.8914,0.7673,69.185,110.86,19.429,306.4,52.68
"Apr 1, 2019",6.7115,0.8918,0.7633,69.205,111.36,19.144,306.45,52.38
"Apr 2, 2019",6.7233,0.8924,0.7615,68.92,111.33,19.228,306.45,52.47
"Apr 3, 2019",6.7114,0.8901,0.7598,68.45,111.48,19.22,306.5,52.1
"Apr 4, 2019",6.7174,0.8912,0.7647,68.98,111.67,19.1474,306.5,52.217
"Apr 5, 2019",6.719,0.8915,0.767,69.17,111.73,19.0738,306.5,52.08
"Apr 8, 2019",6.7164,0.8881,0.7654,69.555,111.48,18.9675,306.5,52.09
"Apr 9, 2019",6.7119,0.8879,0.7655,69.28,111.14,18.9312,306.5,51.998
"Apr 10, 2019",6.716,0.8871,0.7639,69.15,111.02,18.8165,306.5,51.84
"Apr 11, 2019",6.7194,0.8887,0.7659,69.02,111.67,18.8335,306.5,51.916
"Apr 12, 2019",6.7044,0.8848,0.7643,69.19,112.03,18.7583,306.5,51.7
"Apr 15, 2019",6.7086,0.8842,0.7633,69.395,112.03,18.8562,306.5,51.64
"Apr 16, 2019",6.7122,0.8864,0.7663,69.53,112,18.872,306.4,51.757
"Apr 17, 2019",6.6882,0.8852,0.7665,69.431,112.06,18.8278,306.4,51.65
"Apr 18, 2019",6.7091,0.8904,0.7693,69.395,111.97,18.8031,306.4,51.74
"Apr 19, 2019",6.7042,0.889,0.7693,69.407,111.92,18.7671,306.45,51.685
"Apr 22, 2019",6.712,0.8881,0.7702,69.7,111.94,18.8258,306.4,52.02
"Apr 23, 2019",6.7259,0.8906,0.7729,69.77,111.86,18.9047,306.45,52.07
"Apr 24, 2019",6.7219,0.8965,0.7751,69.96,112.19,19.0683,306.4,52.246
"Apr 25, 2019",6.7431,0.8983,0.7752,70.17,111.64,19.0225,306.38,52.19
"Apr 26, 2019",6.7298,0.897,0.7741,69.85,111.59,18.9407,306.38,52.1
"Apr 29, 2019",6.7336,0.894,0.7731,69.817,111.64,19.014,306.38,52.14
"Apr 30, 2019",6.7349,0.8917,0.7672,69.647,111.42,18.9477,306.45,51.76
"May 1, 2019",6.7349,0.8931,0.7663,69.545,111.39,18.9943,306.42,51.79
"May 2, 2019",6.7346,0.8946,0.7671,69.41,111.52,19.122,306.4,51.846
"May 3, 2019",6.7346,0.8927,0.7591,69.095,111.11,18.923,306.45,51.78
"May 6, 2019",6.7645,0.893,0.7635,69.38,110.78,18.9902,306.45,51.94
"May 7, 2019",6.7769,0.8936,0.7648,69.645,110.25,19.0325,306.5,52.02
"May 8, 2019",6.7828,0.8935,0.7688,69.72,110.11,19.086,306.5,52.22
"May 9, 2019",6.8274,0.8915,0.7687,70.2,109.76,19.234,306.5,52.27
"May 10, 2019",6.824,0.8901,0.7692,70.015,109.94,19.1029,306.5,52.189
"May 13, 2019",6.8784,0.891,0.7718,70.57,109.31,19.2245,306.5,52.46
"May 14, 2019",6.876,0.8919,0.7749,70.332,109.61,19.151,306.45,52.335
"May 15, 2019",6.8761,0.8927,0.7782,70.249,109.59,19.0522,306.45,52.317
"May 16, 2019",6.8838,0.895,0.7814,70.13,109.86,19.1259,306.45,52.547
"May 17, 2019",6.9187,0.8961,0.7861,70.28,110.08,19.1681,306.45,52.71
"May 20, 2019",6.9123,0.8952,0.7857,69.609,110.06,19.0685,306.45,52.662
"May 21, 2019",6.9023,0.896,0.787,69.645,110.5,19.0104,306.4,52.43
"May 22, 2019",6.9064,0.8966,0.7897,69.65,110.36,18.9873,306.38,52.4
"May 23, 2019",6.9105,0.8944,0.7902,69.665,109.61,19.043,306.4,52.43
"May 24, 2019",6.9002,0.8925,0.7866,69.38,109.31,19.0491,306.4,52.11
"May 27, 2019",6.8979,0.893,0.7887,69.504,109.52,19.0605,306.4,52.18
"May 28, 2019",6.9101,0.8961,0.7903,69.61,109.38,19.1929,306.42,52.26
"May 29, 2019",6.9145,0.8984,0.792,69.845,109.59,19.1323,306.45,52.3
"May 30, 2019",6.9019,0.8984,0.7932,69.825,109.61,19.1425,306.45,52.16
"May 31, 2019",6.905,0.8942,0.7914,69.58,108.28,19.6172,306.4,52.12
"Jun 3, 2019",6.9037,0.8896,0.7896,69.171,108.08,19.7793,306.42,51.74
"Jun 4, 2019",6.9083,0.8888,0.7875,69.291,108.14,19.5648,306.45,51.75
"Jun 5, 2019",6.9091,0.8911,0.7883,69.385,108.47,19.5843,306.45,51.77
"Jun 6, 2019",6.9097,0.8869,0.7873,69.165,108.42,19.6894,306.4,51.654
"Jun 7, 2019",6.9097,0.8823,0.7852,69.355,108.19,19.618,306.45,51.91
"Jun 10, 2019",6.931,0.8838,0.7883,69.535,108.44,19.2171,306.4,52.09
"Jun 11, 2019",6.9114,0.8825,0.7859,69.385,108.52,19.1318,307.25,51.97
"Jun 12, 2019",6.9177,0.8858,0.7882,69.375,108.5,19.173,306.5,52
"Jun 13, 2019",6.9216,0.8868,0.789,69.53,108.39,19.1965,306.5,51.86
"Jun 14, 2019",6.9255,0.8921,0.7942,69.833,108.56,19.1587,306.5,52.08
"Jun 17, 2019",6.9258,0.8914,0.7978,69.85,108.56,19.1776,306.5,52.25
"Jun 18, 2019",6.9032,0.8934,0.7963,69.61,108.45,19.1236,306.45,51.82
"Jun 19, 2019",6.9036,0.8908,0.7911,69.65,108.11,19.018,306.45,51.73
"Jun 20, 2019",6.852,0.8855,0.7873,69.52,107.31,19.0048,306.4,51.44
"Jun 21, 2019",6.87,0.8797,0.7848,69.615,107.31,19.1266,306.42,51.42
"Jun 24, 2019",6.877,0.8772,0.7848,69.273,107.3,19.2015,306.4,51.33
"Jun 25, 2019",6.8798,0.8799,0.788,69.334,107.19,19.226,306.38,51.45
"Jun 26, 2019",6.88,0.8796,0.7881,69.245,107.78,19.1273,306.4,51.36
"Jun 27, 2019",6.8771,0.8796,0.7889,69.088,107.8,19.1784,306.4,51.14
"Jun 28, 2019",6.8668,0.8796,0.7877,68.95,107.89,19.2237,306.4,51.23
"Jul 1, 2019",6.8517,0.8861,0.7912,68.885,108.44,19.1258,306.4,51.13
"Jul 2, 2019",6.8729,0.8861,0.7941,68.89,107.89,19.0513,306.45,51.18
"Jul 3, 2019",6.8811,0.8867,0.7954,68.8,107.83,19.0175,306.45,51.13
"Jul 4, 2019",6.8716,0.8861,0.795,68.527,107.81,19.0055,306.45,51.13
"Jul 5, 2019",6.8936,0.8909,0.7985,68.45,108.47,19.0165,306.45,51.339
"Jul 8, 2019",6.8819,0.8918,0.7992,68.566,108.72,18.9143,306.45,51.37
"Jul 9, 2019",6.888,0.8922,0.8021,68.565,108.86,19.155,306.5,51.44
"Jul 10, 2019",6.8729,0.8889,0.8,68.419,108.47,19.14,306.5,51.31
"Jul 11, 2019",6.8702,0.8886,0.7987,68.41,108.5,19.0764,306.5,51.2
"Jul 12, 2019",6.8808,0.8872,0.7953,68.56,107.91,18.988,306.5,51.13
"Jul 15, 2019",6.8777,0.8882,0.799,68.545,107.92,18.9756,306.5,50.96
"Jul 16, 2019",6.8762,0.892,0.806,68.65,108.24,19.094,306.45,50.9
"Jul 17, 2019",6.8736,0.891,0.8043,68.846,107.94,19.0687,306.4,51.06
"Jul 18, 2019",6.88,0.8868,0.7967,68.855,107.3,18.945,306.45,50.93
"Jul 19, 2019",6.8822,0.8911,0.7999,68.86,107.72,19.0304,306.45,51.1
"Jul 22, 2019",6.8811,0.8921,0.8015,68.93,107.88,19.0561,306.45,51.11
"Jul 23, 2019",6.8792,0.8966,0.804,69.033,108.22,19.1774,306.4,51.26
"Jul 24, 2019",6.8725,0.8976,0.8011,68.98,108.19,19.0595,306.38,51.18
"Jul 25, 2019",6.8726,0.8971,0.8023,69.041,108.64,19.02,306.38,51.18
"Jul 26, 2019",6.8792,0.8988,0.8076,68.88,108.67,19.0438,306.38,51.125
"Jul 29, 2019",6.8934,0.8973,0.8184,68.755,108.78,19.0638,306.38,51.01
"Jul 30, 2019",6.8845,0.8964,0.8229,68.862,108.61,19.0635,306.38,50.81
"Jul 31, 2019",6.8841,0.9029,0.8225,68.875,108.75,19.134,306.3,50.99
"Aug 1, 2019",6.8986,0.9022,0.8242,69.017,107.34,19.2373,306.3,51.3
"Aug 2, 2019",6.9405,0.9002,0.8227,69.7,106.59,19.3065,306.38,51.65
"Aug 5, 2019",7.0508,0.8927,0.8236,70.821,105.95,19.6165,306.3,52.2
"Aug 6, 2019",7.0264,0.8929,0.8218,71.04,106.48,19.5744,306.38,52.05
"Aug 7, 2019",7.0602,0.893,0.8236,71.145,106.28,19.6289,306.38,52.25
"Aug 8, 2019",7.0451,0.8944,0.8242,70.42,106.08,19.411,306.4,51.9
"Aug 9, 2019",7.0624,0.8929,0.8312,70.924,105.67,19.4102,306.4,52.02
"Aug 12, 2019",7.0582,0.8919,0.8282,71.283,105.31,19.6064,306.38,52.17
"Aug 13, 2019",7.0435,0.8952,0.8292,71.418,106.75,19.3773,306.4,52.02
"Aug 14, 2019",7.0244,0.8978,0.8292,71.275,105.91,19.6752,306.4,52.42
"Aug 15, 2019",7.034,0.9004,0.8274,71.81,106.12,19.61,306.4,52.773
"Aug 16, 2019",7.0428,0.9017,0.823,71.155,106.38,19.6604,306.4,52.31
"Aug 19, 2019",7.0507,0.9027,0.8246,71.451,106.64,19.861,306.38,52.4
"Aug 20, 2019",7.0605,0.9009,0.8217,71.549,106.23,19.7662,306.4,52.32
"Aug 21, 2019",7.0632,0.9022,0.8246,71.439,106.62,19.688,306.45,52.19
"Aug 22, 2019",7.0836,0.9025,0.8162,71.93,106.44,19.8251,306.45,52.32
"Aug 23, 2019",7.096,0.8973,0.8144,71.513,105.41,19.9204,306.4,52.46
"Aug 26, 2019",7.1513,0.9008,0.8185,72.025,106.14,19.9333,306.45,52.39
"Aug 27, 2019",7.1623,0.9016,0.8137,71.543,105.73,19.9885,306.5,52.25
"Aug 28, 2019",7.1653,0.9028,0.8189,71.829,106.12,20.1042,306.5,52.43
"Aug 29, 2019",7.1445,0.9044,0.8204,71.69,106.52,20.1403,306.5,52.14
"Aug 30, 2019",7.1568,0.9099,0.8225,71.453,106.31,20.0678,306.5,52.13
"Sep 2, 2019",7.1719,0.9117,0.8286,71.969,106.22,20.1477,306.5,52.29
"Sep 3, 2019",7.1789,0.9113,0.8274,72.17,105.94,19.9732,306.42,52.21
"Sep 4, 2019",7.146,0.9062,0.8162,71.989,106.39,19.7186,306.45,51.88
"Sep 5, 2019",7.1485,0.9062,0.8108,71.928,106.92,19.7442,306.4,51.94
"Sep 6, 2019",7.1157,0.9067,0.8142,71.645,106.92,19.5373,306.4,51.87
"Sep 9, 2019",7.122,0.9052,0.8099,71.778,107.25,19.5742,306.38,51.87
"Sep 10, 2019",7.1127,0.9055,0.8098,71.875,107.55,19.498,306.4,52.03
"Sep 11, 2019",7.1167,0.9083,0.8112,71.577,107.83,19.509,306.3,52.08
"Sep 12, 2019",7.0793,0.904,0.8107,70.967,108.11,19.437,306.35,51.86
"Sep 13, 2019",7.0794,0.903,0.7999,70.985,108.08,19.4058,306.35,52
"Sep 16, 2019",7.0674,0.909,0.8045,71.58,108.14,19.4405,306.4,52.32
"Sep 17, 2019",7.0918,0.9032,0.8,71.49,108.14,19.3627,306.38,52.16
"Sep 18, 2019",7.086,0.9066,0.8018,71.145,108.45,19.3975,306.38,52.175
"Sep 19, 2019",7.0965,0.9057,0.7984,71.375,108.02,19.4557,306.4,52.28
"Sep 20, 2019",7.0916,0.9076,0.8014,71.075,107.56,19.4543,306.4,52.04
"Sep 23, 2019",7.1185,0.9096,0.8044,70.799,107.56,19.4765,306.4,52.14
"Sep 24, 2019",7.1164,0.9074,0.8006,70.971,107.06,19.4443,306.4,52.25
"Sep 25, 2019",7.1318,0.9139,0.8096,70.988,107.78,19.5714,306.45,52.23
"Sep 26, 2019",7.1326,0.9156,0.8115,70.964,107.83,19.6722,306.45,52.14
"Sep 27, 2019",7.1227,0.9142,0.8137,70.509,107.94,19.6917,306.4,51.89
"Sep 30, 2019",7.1483,0.9174,0.8135,70.645,108.08,19.7325,306.45,51.81
"Oct 1, 2019",7.1483,0.9147,0.8125,71.11,107.75,19.8225,306.5,52.01
"Oct 2, 2019",7.1483,0.9125,0.8129,71.15,107.18,19.7937,306.5,51.99
"Oct 3, 2019",7.1483,0.9119,0.8111,71.03,106.92,19.6537,306.5,51.76
"Oct 4, 2019",7.1483,0.9109,0.8108,70.825,106.94,19.5152,306.5,51.7
"Oct 7, 2019",7.1483,0.9115,0.8135,70.975,107.3,19.574,306.5,51.9
"Oct 8, 2019",7.1444,0.9127,0.8184,71.22,107.08,19.6265,306.5,51.92
"Oct 9, 2019",7.1324,0.9115,0.8193,71.12,107.47,19.57,306.5,51.775
"Oct 10, 2019",7.1162,0.9086,0.8037,70.99,107.97,19.4492,306.5,51.56
"Oct 11, 2019",7.088,0.9056,0.7906,70.924,108.42,19.3245,306.45,51.61
"Oct 14, 2019",7.0675,0.9067,0.7932,71.237,108.39,19.2715,306.45,51.57
"Oct 15, 2019",7.0818,0.9063,0.782,71.5,108.86,19.2405,306.45,51.6
"Oct 16, 2019",7.0935,0.9032,0.7793,71.364,108.77,19.202,306.45,51.52
"Oct 17, 2019",7.0774,0.899,0.7758,71.13,108.67,19.198,306.4,51.35
"Oct 18, 2019",7.0817,0.8952,0.7709,71.09,108.43,19.1104,306.4,51.25
"Oct 21, 2019",7.0762,0.897,0.7716,70.925,108.61,19.1237,307.4,51.09
"Oct 22, 2019",7.0769,0.8989,0.7768,70.809,108.48,19.1474,307.4,51.21
"Oct 23, 2019",7.0656,0.8984,0.7741,70.725,108.69,19.115,307.4,51.01
"Oct 24, 2019",7.069,0.9005,0.7781,70.965,108.61,19.137,307.4,51.3
"Oct 25, 2019",7.0653,0.9025,0.7799,70.82,108.66,19.0631,307.45,51.21
"Oct 28, 2019",7.0678,0.9009,0.7773,70.745,108.95,19.12,307.45,51.14
"Oct 29, 2019",7.0658,0.9,0.7772,70.89,108.89,19.1225,307.4,51.04
"Oct 30, 2019",7.0553,0.8969,0.775,70.953,108.84,19.0811,306.48,50.87
"Oct 31, 2019",7.0395,0.8967,0.7727,70.98,108.03,19.2345,306.5,50.77
"Nov 1, 2019",7.0375,0.8955,0.7731,70.76,108.19,19.1117,306.5,50.49
"Nov 4, 2019",7.0304,0.8986,0.7762,70.789,108.58,19.1735,306.5,50.55
"Nov 5, 2019",7.0097,0.903,0.7761,70.775,109.16,19.205,306.45,50.45
"Nov 6, 2019",6.9981,0.9038,0.7779,71.01,108.97,19.1485,306.45,50.62
"Nov 7, 2019",6.9784,0.905,0.7804,71.047,109.28,19.138,306.45,50.53
"Nov 8, 2019",6.9961,0.9074,0.783,71.36,109.28,19.1053,307.4,50.57
"Nov 11, 2019",7.0106,0.9064,0.7779,71.57,109.06,19.1155,307.4,50.8
"Nov 12, 2019",7.0079,0.9083,0.7785,71.79,109.02,19.3143,307.4,50.84
"Nov 13, 2019",7.0235,0.9085,0.7782,72.15,108.83,19.3574,307.4,50.94
"Nov 14, 2019",7.0208,0.9072,0.7763,71.966,108.41,19.3197,307.4,50.74
"Nov 15, 2019",7.0083,0.9048,0.7752,71.65,108.75,19.1808,307.45,50.57
"Nov 18, 2019",7.026,0.9032,0.772,71.945,108.67,19.3183,307.45,50.82
"Nov 19, 2019",7.0276,0.9026,0.7736,71.83,108.55,19.344,307.45,51
"Nov 20, 2019",7.0359,0.9031,0.7738,71.746,108.61,19.466,307.45,50.94
"Nov 21, 2019",7.0293,0.9043,0.7743,71.75,108.64,19.3858,306.45,50.83
"Nov 22, 2019",7.04,0.9071,0.7793,71.792,108.66,19.381,306.4,50.92
"Nov 25, 2019",7.0363,0.908,0.7752,71.689,108.92,19.4441,306.45,50.82
"Nov 26, 2019",7.0335,0.9074,0.7772,71.48,109.05,19.5202,306.45,50.84
"Nov 27, 2019",7.029,0.9092,0.7739,71.26,109.56,19.5169,306.5,50.87
"Nov 28, 2019",7.0354,0.9083,0.7744,71.505,109.52,19.471,306.5,50.82
"Nov 29, 2019",7.0324,0.9077,0.7732,71.749,109.52,19.567,306.5,50.85
"Dec 2, 2019",7.0393,0.9026,0.773,71.634,109,19.5775,306.5,51.05
"Dec 3, 2019",7.0613,0.9022,0.7696,71.74,108.64,19.5555,306.4,51.09
"Dec 4, 2019",7.0499,0.9027,0.7631,71.474,108.86,19.433,306.45,50.97
"Dec 5, 2019",7.0448,0.9005,0.7601,71.252,108.76,19.3765,306.45,50.8
"Dec 6, 2019",7.035,0.9042,0.7612,71.283,108.61,19.31,306.45,50.81
"Dec 9, 2019",7.0393,0.9039,0.7608,70.97,108.56,19.236,306.4,50.82
"Dec 10, 2019",7.0342,0.9015,0.7601,70.81,108.71,19.2584,306.38,50.75
"Dec 11, 2019",7.0388,0.8984,0.7579,70.71,108.56,19.1195,306.38,50.78
"Dec 12, 2019",6.9849,0.8984,0.7597,70.57,109.31,19.06,306.4,50.59
"Dec 13, 2019",6.9895,0.8992,0.7504,70.798,109.38,19.0084,306.45,50.61
"Dec 16, 2019",6.9935,0.8973,0.7501,70.915,109.5,18.9327,306.35,50.55
"Dec 17, 2019",6.9972,0.8969,0.7616,71.035,109.48,18.935,306.4,50.58
"Dec 18, 2019",7.005,0.8999,0.7647,71,109.53,18.9675,306.45,50.66
"Dec 19, 2019",7.0104,0.8992,0.7687,71.18,109.38,18.9205,306.4,50.6
"Dec 20, 2019",7.0068,0.9026,0.769,71.06,109.44,18.944,306.4,50.77
"Dec 23, 2019",7.0127,0.9019,0.7731,71.22,109.39,18.961,306.45,50.83
"Dec 24, 2019",7.0075,0.9019,0.7725,71.28,109.39,18.981,306.5,50.825
"Dec 25, 2019",6.9894,0.9016,0.7715,71.28,109.36,18.979,306.5,50.83
"Dec 26, 2019",6.9965,0.9011,0.7696,71.3,109.64,18.9405,306.5,50.71
"Dec 27, 2019",6.9958,0.8948,0.7647,71.455,109.42,18.8394,306.5,50.82
"Dec 30, 2019",6.9867,0.893,0.7625,71.32,108.88,18.9315,306.5,50.79
"Dec 31, 2019",6.9632,0.8919,0.7536,71.355,108.62,18.9325,306.5,50.66
"Jan 1, 2020",6.9632,0.8919,0.7544,71.228,108.7,18.9325,306.5,50.66
"Jan 2, 2020",6.9643,0.895,0.7607,71.35,108.58,18.8395,307.5,50.74
"Jan 3, 2020",6.9655,0.8959,0.7641,71.77,108.09,18.9245,306.5,51.125
"Jan 6, 2020",6.976,0.893,0.7594,71.867,108.38,18.8445,306.48,51.09
"Jan 7, 2020",6.9452,0.8965,0.7619,71.845,108.44,18.9055,306.5,50.92
"Jan 8, 2020",6.9462,0.9004,0.7633,71.51,109.14,18.8155,306.5,50.58
"Jan 9, 2020",6.9318,0.9004,0.7653,71.21,109.52,18.84,306.4,50.7
"Jan 10, 2020",6.9192,0.8992,0.7657,70.96,109.47,18.7905,306.4,50.55
"Jan 13, 2020",6.8937,0.8981,0.77,70.71,109.94,18.8006,306.4,50.47
"Jan 14, 2020",6.8841,0.8985,0.7681,70.85,109.98,18.7828,306.4,50.67
"Jan 15, 2020",6.8909,0.8968,0.767,70.72,109.89,18.7906,306.4,50.77
"Jan 16, 2020",6.8789,0.8979,0.7646,70.978,110.16,18.7797,306.38,50.85
"Jan 17, 2020",6.8598,0.9018,0.7687,71.079,110.16,18.6624,306.38,50.92
"Jan 20, 2020",6.8669,0.9013,0.7686,71.04,110.19,18.6639,306.45,50.97
"Jan 21, 2020",6.9059,0.9022,0.7662,71.17,109.88,18.7727,306.45,51.09
"Jan 22, 2020",6.9066,0.9014,0.7609,71.08,109.84,18.6885,306.45,50.97
"Jan 23, 2020",6.9367,0.9046,0.762,71.4,109.49,18.767,306.45,51.045
"Jan 24, 2020",6.9367,0.9071,0.7647,71.33,109.28,18.7905,306.45,50.83
"Jan 27, 2020",6.9367,0.9075,0.766,71.45,108.89,18.9126,306.42,50.9
"Jan 28, 2020",6.9367,0.9073,0.7675,71.2,109.14,18.7231,306.4,50.72
"Jan 29, 2020",6.9367,0.9082,0.768,71.31,109,18.699,306.5,50.86
"Jan 30, 2020",6.9367,0.9064,0.7636,71.55,108.97,18.7801,306.5,50.99
"Jan 31, 2020",6.9367,0.9014,0.7575,71.555,108.39,18.8428,306.5,51.01
"Feb 3, 2020",7.0215,0.9042,0.7695,71.324,108.69,18.8165,306.5,50.87
"Feb 4, 2020",6.9985,0.9055,0.7674,71.115,109.53,18.667,306.5,50.72
"Feb 5, 2020",6.9738,0.9092,0.7691,71.19,109.81,18.6005,306.5,50.74
"Feb 6, 2020",6.9707,0.9107,0.7734,71.225,110,18.6603,306.45,50.77
"Feb 7, 2020",7.0015,0.9136,0.7756,71.515,109.73,18.7683,306.45,50.95
"Feb 10, 2020",6.9844,0.9165,0.7743,71.29,109.75,18.6977,306.45,50.79
"Feb 11, 2020",6.966,0.9161,0.772,71.285,109.78,18.6594,306.4,50.51
"Feb 12, 2020",6.9719,0.9197,0.7715,71.306,110.08,18.6198,306.4,50.55
"Feb 13, 2020",6.977,0.9224,0.7665,71.33,109.81,18.6,306.4,50.47
"Feb 14, 2020",6.9869,0.9232,0.7664,71.528,109.75,18.5409,306.4,50.55
"Feb 17, 2020",6.9813,0.9229,0.7688,71.34,109.89,18.5555,306.45,50.59
"Feb 18, 2020",6.9972,0.9266,0.7692,71.585,109.88,18.5922,306.45,50.64
"Feb 19, 2020",6.9982,0.9254,0.774,71.6,111.36,18.5635,306.45,50.62
"Feb 20, 2020",7.0229,0.9273,0.7763,71.68,112.12,18.8327,306.5,50.77
"Feb 21, 2020",7.0271,0.9221,0.771,71.88,111.58,18.9024,306.5,50.9
"Feb 24, 2020",7.0294,0.9213,0.7733,71.935,110.72,19.0699,306.5,51.06
"Feb 25, 2020",7.0135,0.9191,0.7689,71.82,110.2,19.09,306.42,51.1
"Feb 26, 2020",7.0225,0.9191,0.7749,71.58,110.42,19.2825,306.45,51.06
"Feb 27, 2020",7.0045,0.9091,0.7761,71.655,109.59,19.513,306.45,50.96
"Feb 28, 2020",6.992,0.9069,0.78,72.539,108.08,19.6185,306.4,50.97
"Mar 2, 2020",6.961,0.8982,0.7842,72.882,108.31,19.405,306.45,50.72
"Mar 3, 2020",6.962,0.8951,0.7805,73.05,107.14,19.455,306.5,50.83
"Mar 4, 2020",6.9262,0.898,0.7769,73.54,107.53,19.5364,306.5,50.645
"Mar 5, 2020",6.9373,0.8897,0.7712,73.507,106.17,19.8495,306.5,50.85
"Mar 6, 2020",6.9321,0.8861,0.7663,74.004,105.31,20.1099,306.5,50.55
"Mar 9, 2020",6.9466,0.8734,0.7614,74.195,102.36,20.8215,306.5,50.55
"Mar 10, 2020",6.9564,0.8865,0.7747,74.15,105.64,20.844,306.5,50.46
"Mar 11, 2020",6.9605,0.8873,0.7799,73.682,104.55,21.3855,306.4,50.64
"Mar 12, 2020",7.0294,0.8941,0.7954,74.576,104.64,21.921,306.45,51.32
"Mar 13, 2020",7.0086,0.9004,0.8144,73.84,107.92,21.9255,306.5,51.03
"Mar 16, 2020",6.9934,0.8942,0.8152,74.003,105.86,22.885,306.5,51.51
"Mar 17, 2020",7.0079,0.9093,0.8297,74.062,107.69,22.9594,306.45,51.725
"Mar 18, 2020",7.0474,0.9138,0.8615,74.55,108.37,23.6665,306.5,51.725
"Mar 19, 2020",7.1083,0.9353,0.8705,74.786,110.71,24.0275,306.5,51.46
"Mar 20, 2020",7.096,0.935,0.8589,75.398,110.82,24.422,306.5,51.2
"Mar 23, 2020",7.0925,0.9326,0.8658,76.335,111.21,25.3606,372.25,51.26
"Mar 24, 2020",7.063,0.9269,0.8504,76.379,111.22,24.8425,360.25,50.87
"Mar 25, 2020",7.1148,0.919,0.8417,76.375,111.21,23.948,360.5,51.04
"Mar 26, 2020",7.0735,0.9067,0.8194,74.89,109.6,22.943,360.5,50.725
"Mar 27, 2020",7.0963,0.8975,0.8027,75.472,107.9,23.343,360.5,51.135
"Mar 30, 2020",7.1003,0.905,0.8053,75.41,107.82,23.8215,360.5,50.86
"Mar 31, 2020",7.0825,0.9065,0.8052,75.343,107.54,23.719,360.5,50.88
"Apr 1, 2020",7.1001,0.9121,0.8079,76.404,107.17,24.24,360.5,51.025
"Apr 2, 2020",7.0841,0.9209,0.8069,76.4,107.92,24.226,360.5,50.73
"Apr 3, 2020",7.0928,0.9251,0.8156,76.241,108.46,25.0125,360.5,50.72
"Apr 7, 2020",7.0458,0.9182,0.8109,75.645,108.71,24.3115,360.5,50.52
"Apr 8, 2020",7.066,0.9209,0.8073,75.945,108.82,24.0125,360.5,50.55
"Apr 9, 2020",7.0432,0.915,0.8027,76.3,108.47,23.57,360.5,50.46
"Apr 10, 2020",7.036,0.9144,0.803,75.879,108.47,23.37,360.5,50.44
"Apr 13, 2020",7.0526,0.9162,0.7993,76.249,107.78,23.6325,360.5,50.61
"Apr 14, 2020",7.0486,0.9107,0.7921,76.015,107.21,23.385,360.5,50.59
"Apr 15, 2020",7.0676,0.9166,0.799,76.563,107.49,23.9986,360.5,50.69
