asset_unique,symb_assets,type_assets,F1,F2,F3,cluster
CAFENATL_INDEX_CAFEN,CAFEN,Commodity,-0.335529567,-0.007645513,-0.990675044,3
CKEL_COMDTY_CKEL_,CKEL_,Commodity,-0.492113516,-0.113746536,-0.674126109,3
COTNMAVG_INDEX_COTNM,COTNM,Commodity,-0.591669099,-0.458367666,1.216503609,7
DIEINULP_INDEX_DIEIN,DIEIN,Commodity,-0.405819757,-0.096718747,-0.8134734,3
EUCRBRDT_INDEX_EUCRB,EUCRB,Commodity,-0.401519184,-0.236744039,-0.756219243,3
HOGSNATL_INDEX_HOGSN,HOGSN,Commodity,-0.487503897,-0.489729012,2.103003827,6
LMAHDY_COMDTY_LMAHD,LMAHD,Commodity,-0.665693657,-0.529831631,-0.252127782,1
LMCADY_COMDTY_LMCAD,LMCAD,Commodity,-0.619345191,-0.405133359,0.191241072,1
MCXTINI_COMDTY_MCXTI,MCXTI,Commodity,-0.265555961,3.617206783,0.865155497,8
MLCXCCSP_INDEX_MLCXC,MLCXC,Commodity,-0.562219021,-0.369182622,-0.445527211,3
NGUSHHUB_INDEX_NGUSH,NGUSH,Commodity,0.298129064,0.109529898,0.537391758,7
RBOB87PM_INDEX_RBOB8,RBOB8,Commodity,-0.351461076,-0.302326266,-0.79265735,3
SOYBCH1Y_INDEX_SOYBC,SOYBC,Commodity,-0.603686373,-0.107917116,-0.589637203,3
SPGSLC_INDEX_SPGSL,SPGSL,Commodity,-0.661734494,-0.305982758,-0.943807132,3
USCRWTIC_INDEX_USCRW,USCRW,Commodity,-0.361609128,-0.199151828,-0.7830187,3
WEATTKHR_INDEX_WEATT,WEATT,Commodity,-0.528387229,-0.68081478,0.671505347,7
XAG_CURNCY_XAG_C,XAG_C,Commodity,-0.553468799,-0.066670194,-0.860801909,3
XAU_CURNCY_XAU_C,XAU_C,Commodity,-0.691405762,-0.32060985,-0.83621677,3
XPT_CURNCY_XPT_C,XPT_C,Commodity,-0.671032755,-0.601770618,0.759143842,7
ZSDY_COMDTY_ZSDY_,ZSDY_,Commodity,-0.61210006,-0.543495433,-0.441373453,3
Bitcoin_BTC,BTC,Crypto,0.287650511,0.285276264,-0.471319904,3
Dogecoin_DOGE,DOGE,Crypto,1.17370764,-0.447530608,0.254774572,4
FLO_FLO,FLO,Crypto,2.196801298,-0.695905409,-0.147263462,10
Feathercoin_FTC,FTC,Crypto,2.030254321,-0.298453323,0.735764242,4
Litecoin_LTC,LTC,Crypto,0.820805749,0.098878067,-0.458320375,10
Namecoin_NMC,NMC,Crypto,1.601470603,0.588416648,0.545807934,5
Nxt_NXT,NXT,Crypto,1.288529468,-0.331220947,0.024266392,10
Peercoin_PPC,PPC,Crypto,0.998456924,-0.176774557,-0.142171014,10
Primecoin_XPM,XPM,Crypto,1.451087891,-0.480593801,-0.208073996,10
XRP_XRP,XRP,Crypto,0.93718335,-0.449083754,0.725574591,4
Vertcoin_VTC,VTC,Crypto,2.075128588,-0.95023026,-0.049106427,10
DigiByte_DGB,DGB,Crypto,1.861753464,-0.626288126,-0.527853214,10
ReddCoin_RDD,RDD,Crypto,2.500647896,-0.538943004,0.093280877,10
Dash_DASH,DASH,Crypto,1.231464219,-0.303483979,0.38228433,4
BlackCoin_BLK,BLK,Crypto,1.806673888,-0.508375821,-0.153999185,10
MonaCoin_MONA,MONA,Crypto,1.602385621,-0.202919078,-0.604194792,10
Gulden_NLG,NLG,Crypto,1.417819729,-0.453458159,1.114549105,4
Einsteinium_EMC2,EMC2,Crypto,2.045258928,-0.875811549,-0.961653217,10
Groestlcoin_GRS,GRS,Crypto,2.879840102,-0.554276577,-0.808733449,10
WhiteCoin_XWC,XWC,Crypto,2.347731368,-0.681721494,0.870021188,4
MaidSafeCoin_MAID,MAID,Crypto,0.838889432,-0.444301245,-1.009876529,10
Monero_XMR,XMR,Crypto,1.042539738,-0.456545025,-0.370385853,10
NavCoin_NAV,NAV,Crypto,2.504134506,-0.394374424,-0.285338865,10
Bytecoin_BCN,BCN,Crypto,1.986187414,-0.902500332,0.020696175,10
Boolberry_BBR,BBR,Crypto,2.448038218,-0.584525775,-0.263391395,10
DigitalNote_XDN,XDN,Crypto,2.02577054,-0.954569274,-0.820013375,10
Viacoin_VIA,VIA,Crypto,1.754839219,-0.747485621,-0.289412894,10
BitShares_BTS,BTS,Crypto,1.230017623,-0.388606459,1.37318156,4
Stellar_XLM,XLM,Crypto,1.225634405,-0.723968313,0.121604475,10
Syscoin_SYS,SYS,Crypto,1.741695802,-0.391016594,0.807159001,4
Emercoin_EMC,EMC,Crypto,2.721534353,0.247077547,0.106400695,10
Clams_CLAM,CLAM,Crypto,1.975563724,0.038226472,0.079840293,10
Burst_BURST,BURST,Crypto,1.612138982,-0.552921677,0.421179491,4
GameCredits_GAME,GAME,Crypto,4.006122372,0.656746279,-0.460503998,5
Ubiq_UBQ,UBQ,Crypto,1.8930208,1.590263469,0.437764042,5
bitCNY_BITCN,BITCN,Crypto,1.763214198,3.005225387,-0.735344074,5
Verge_XVG,XVG,Crypto,3.354569016,-0.223460064,-0.520012069,10
Blocknet_BLOCK,BLOCK,Crypto,2.2760264,-0.547061178,0.569883054,4
OKCash_OK,OK,Crypto,3.22278149,-0.462017091,2.185869181,4
Nexus_NXS,NXS,Crypto,2.137225167,-0.436941077,-0.415549305,10
Tether_USDT,USDT,Crypto,0.24433918,13.73887797,-1.107684144,2
NEM_XEM,XEM,Crypto,1.327894921,-0.926515703,-0.23055503,10
Aeon_AEON,AEON,Crypto,2.1449649,-0.812441953,-0.794827589,10
Ethereum_ETH,ETH,Crypto,1.150903191,1.960501494,-0.116170433,5
Siacoin_SC,SC,Crypto,1.811374793,-0.361731144,-0.48854311,10
Shift_SHIFT,SHIFT,Crypto,2.670305016,-0.417160667,-0.935199055,10
Factom_FCT,FCT,Crypto,1.478544057,-0.933021922,-0.000459385,10
Augur_REP,REP,Crypto,1.328911924,-0.213140369,-0.394722742,10
Decred_DCR,DCR,Crypto,1.061435111,-0.493319032,-1.002349171,10
PIVX_PIVX,PIVX,Crypto,2.13987654,-0.609551046,-0.384680069,10
SafexToken_SFT,SFT,Crypto,3.078341809,-0.453768123,-0.659619812,10
Lisk_LSK,LSK,Crypto,2.290721071,1.842450335,0.006991494,5
DigixDAO_DGD,DGD,Crypto,1.39625987,1.427559712,0.537281393,5
Steem_STEEM,STEEM,Crypto,1.821777692,-1.479834879,2.810176544,11
Waves_WAVES,WAVES,Crypto,1.310356543,0.95734276,-0.19150817,5
LBRYCredits_LBC,LBC,Crypto,2.127224283,-0.407731511,-0.632572191,10
SteemDollars_SBD,SBD,Crypto,1.545627756,1.596716437,-0.834833126,5
EthereumClassic_ETC,ETC,Crypto,1.293478252,-0.538759854,1.593526619,4
Ardor_ARDR,ARDR,Crypto,1.21860973,-0.27407308,-0.461541093,10
Stratis_STRAT,STRAT,Crypto,1.45425385,-0.629779814,-0.464570777,10
EDCBlockchain_EDC,EDC,Crypto,3.403849532,5.907392246,2.016214936,9
NEO_NEO,NEO,Crypto,1.905481918,-0.657120138,0.0830646,10
FirstBlood_1ST,1ST,Crypto,1.946422465,-0.545633089,-0.525018762,10
PepeCash_PEPEC,PEPEC,Crypto,2.590464691,-0.434702179,-0.747007694,10
SingularDTV_SNGLS,SNGLS,Crypto,1.266684846,-0.625438104,-1.080535361,10
Zcoin_XZC,XZC,Crypto,2.195872891,0.287657234,-0.850925338,10
Zcash_ZEC,ZEC,Crypto,1.242328626,0.695682543,0.676358012,5
Golem_GNT,GNT,Crypto,1.229400251,-0.33148417,-1.08228446,10
Incent_INCNT,INCNT,Crypto,3.216900286,-1.087895202,5.173841255,11
Obyte_GBYTE,GBYTE,Crypto,1.666229835,0.137314206,-0.977793664,10
Wings_WINGS,WINGS,Crypto,1.841875715,-0.001287552,1.787033057,4
Spectrecoin_XSPEC,XSPEC,Crypto,2.289508019,-0.784870784,-0.379209677,10
Komodo_KMD,KMD,Crypto,1.935772045,0.150923028,0.843384452,4
Melon_MLN,MLN,Crypto,1.583008037,0.39799615,0.043110278,10
Nano_NANO,NANO,Crypto,2.052829044,-0.684548652,-0.742394378,10
Ark_ARK,ARK,Crypto,1.506538659,-0.823910226,-0.789410859,10
Asch_XAS,XAS,Crypto,2.600515937,-0.197011523,-0.730948264,10
Skycoin_SKY,SKY,Crypto,1.793365479,-0.684581067,-0.434467283,10
iExecRLC_RLC,RLC,Crypto,1.333884417,-0.629065098,-0.927349318,10
Bitcore_BTX,BTX,Crypto,2.832990502,0.877400894,0.900630022,5
Gnosis_GNO,GNO,Crypto,1.145963633,-0.166857507,-0.474414966,10
Aragon_ANT,ANT,Crypto,1.01156821,-0.428204332,-0.702100354,10
PRIZM_PZM,PZM,Crypto,1.771952452,-1.129137791,5.582582742,11
Qtum_QTUM,QTUM,Crypto,1.464419404,-0.132155444,-0.394408995,10
Aeternity_AE,AE,Crypto,2.323422918,1.561694892,0.692140277,5
BasicAttentionToken_BAT,BAT,Crypto,1.230188155,-0.585128759,-1.109591852,10
Horizen_ZEN,ZEN,Crypto,1.45405987,-0.650477182,0.368669905,4
MetaverseETP_ETP,ETP,Crypto,2.773432461,0.100232558,-0.336738473,10
QuantumResistantLedge_QRL,QRL,Crypto,1.554052694,-0.220688421,-0.724126136,10
IOTA_MIOTA,MIOTA,Crypto,1.295388061,-0.261018186,-0.605445141,10
Peerplays_PPY,PPY,Crypto,2.779398215,-0.198254515,-0.565610132,10
SONM_SNM,SNM,Crypto,1.461062375,-0.19019611,-0.872935236,10
ZrCoin_ZRC,ZRC,Crypto,3.042910874,2.684184115,0.846817826,5
Bancor_BNT,BNT,Crypto,1.196444008,5.010466361,0.222220176,9
Numeraire_NMR,NMR,Crypto,1.308751737,-0.489653698,-0.956315566,10
GXChain_GXC,GXC,Crypto,1.494503777,-0.126446377,-0.646496379,10
FunFair_FUN,FUN,Crypto,1.462408519,-0.181663178,-0.574884793,10
TenX_PAY,PAY,Crypto,2.889340404,10.59592793,-1.12517821,2
Status_SNT,SNT,Crypto,1.487303117,-0.779150804,-0.605508356,10
AdEx_ADX,ADX,Crypto,2.12901499,-0.808714176,-0.774738817,10
Crypto.com_MCO,MCO,Crypto,1.991780816,-0.68698058,-1.005541137,10
EOS_EOS,EOS,Crypto,1.186798655,-0.091875366,-1.132763527,10
Storj_STORJ,STORJ,Crypto,1.498659016,-0.267163474,-1.029799326,10
Wagerr_WGR,WGR,Crypto,1.580294525,-0.53545056,-0.255615357,10
Gas_GAS,GAS,Crypto,1.90401472,-1.339849868,1.600805143,4
Polybius_PLBT,PLBT,Crypto,2.17375583,-0.528255882,1.498871303,4
SunContract_SNC,SNC,Crypto,2.301158473,-0.321733438,2.79202645,11
Metal_MTL,MTL,Crypto,1.329652935,-0.376040263,-0.629748684,10
Populous_PPT,PPT,Crypto,1.261283074,-0.347902549,-0.481456629,10
SantimentNetworkToken_SAN,SAN,Crypto,1.642923694,0.080532176,-0.94642621,10
OmiseGO_OMG,OMG,Crypto,1.241215612,-0.667887013,-0.581899407,10
Civic_CVC,CVC,Crypto,1.168512653,-0.477301378,-0.829838111,10
Ethos_ETHOS,ETHOS,Crypto,1.849335139,-0.927258843,-0.517844719,10
Particl_PART,PART,Crypto,1.335112976,-0.551968442,-0.470938147,10
SmartCash_SMART,SMART,Crypto,2.76392487,-0.34322115,-0.403477362,10
BitcoinCash_BCH,BCH,Crypto,1.402809384,-0.182457745,-0.358633281,10
Pillar_PLR,PLR,Crypto,1.492589454,-0.857118502,-0.715951582,10
BinanceCoin_BNB,BNB,Crypto,1.533849652,-0.289748544,-0.260968055,10
OAX_OAX,OAX,Crypto,1.626141904,-1.085429871,1.228151275,4
district0x_DNT,DNT,Crypto,1.646723162,-0.558091515,-0.763307824,10
Blox_CDT,CDT,Crypto,1.666564505,0.519872562,-0.674465685,10
Bytom_BTM,BTM,Crypto,1.506272457,0.291000293,-0.854519997,10
Dentacoin_DCN,DCN,Crypto,2.81144402,-0.563725482,0.258917561,4
DeepOnion_ONION,ONION,Crypto,2.083942275,-0.359889332,-0.59174928,10
Dent_DENT,DENT,Crypto,2.773657709,-0.802292594,-0.474748093,10
0x_ZRX,ZRX,Crypto,1.115134661,-0.42355111,-0.735508686,10
HyperCash_HC,HC,Crypto,1.996417055,1.267703088,0.301563695,5
YOYOW_YOYOW,YOYOW,Crypto,1.852185032,0.321867175,-1.028453037,10
Achain_ACT,ACT,Crypto,2.111431874,1.548929165,0.211883017,5
Primas_PST,PST,Crypto,2.233656518,-0.325276374,-0.10287575,10
Tierion_TNT,TNT,Crypto,1.698858346,-0.485908163,-0.84494301,10
Waltonchain_WTC,WTC,Crypto,1.691806136,-0.751599486,-0.342013221,10
Loopring_LRC,LRC,Crypto,1.672475646,-0.061822603,-0.130676703,10
Po.et_POE,POE,Crypto,1.826082616,-0.43219783,-0.518902185,10
Monetha_MTH,MTH,Crypto,1.771971595,-0.607339422,-0.636316751,10
Agrello_DLT,DLT,Crypto,1.769629891,-0.429981041,-0.396529014,10
MoedaLoyaltyPoints_MDA,MDA,Crypto,1.419052241,-0.333818042,-0.834799189,10
Neblio_NEBL,NEBL,Crypto,1.813360175,-1.045898142,-0.656498843,10
TRON_TRX,TRX,Crypto,1.939272673,-0.782530591,0.060071273,10
Decentraland_MANA,MANA,Crypto,1.587150813,-1.059846046,1.244935121,4
Propy_PRO,PRO,Crypto,1.60297113,-0.502427365,-0.045304006,10
Blackmoon_BMC,BMC,Crypto,1.004335085,-0.519963375,-0.582966947,10
Chainlink_LINK,LINK,Crypto,1.176388418,-0.862895573,-0.685285594,10
KyberNetwork_KNC,KNC,Crypto,1.068482418,-0.418166439,-0.312875365,10
Substratum_SUB,SUB,Crypto,1.634459311,-0.740727918,-0.250248907,10
VIBE_VIBE,VIBE,Crypto,2.267436826,-1.49360309,0.053726191,10
Kin_KIN,KIN,Crypto,2.067143832,-0.601232573,-0.355802123,10
SALT_SALT,SALT,Crypto,1.389783499,-0.692080286,0.481848846,4
Cardano_ADA,ADA,Crypto,1.414329944,-1.149493161,-0.550704485,10
Tezos_XTZ,XTZ,Crypto,1.09151701,-0.523455699,1.127812584,4
AUD_AUD,AUD,Exchange rate,-0.771350721,-0.310440802,-1.088584575,3
CAD_CAD,CAD,Exchange rate,-0.785257578,-0.551452633,1.235975659,7
CHF_CHF,CHF,Exchange rate,-0.489590054,10.29062866,-1.89956537,2
CNY_CNY,CNY,Exchange rate,-0.666959545,0.029111095,0.389992285,1
DKK_DKK,DKK,Exchange rate,-0.7635984,-0.201066349,-1.03534517,3
EUR_EUR,EUR,Exchange rate,-0.762797926,-0.288988948,-1.021787428,3
GBP_GBP,GBP,Exchange rate,-0.724380026,0.848024384,-0.606838578,3
HKD_HKD,HKD,Exchange rate,-0.651823618,0.8469684,0.188132086,1
INR_INR,INR,Exchange rate,-0.76355888,-0.196369641,-1.074125181,3
JPY_JPY,JPY,Exchange rate,-0.725114306,0.043004172,-0.918951731,3
NOK_NOK,NOK,Exchange rate,-0.739283877,-0.506312818,0.157328308,1
NZD_NZD,NZD,Exchange rate,-0.771405315,-0.3669009,-1.115111141,3
SEK_SEK,SEK,Exchange rate,-0.763642324,-0.510514428,0.804886496,7
AlphabetIncClass_GOOG,GOOG,Stock,-0.602650982,-0.651573121,3.66315655,6
DiscoveryInc.Class_DISCK,DISCK,Stock,-0.36583237,-0.954151478,4.792843801,11
NewsCorp.Class_NWS,NWS,Stock,-0.468685956,-0.928670191,3.545176275,6
3MCompan_MMM,MMM,Stock,-0.551201194,0.771008839,-1.268347684,3
A.O.SmithCor_AOS,AOS,Stock,-0.528497246,-0.180551304,-0.229381745,1
ABIOMEDIn_ABMD,ABMD,Stock,-0.182337973,0.544358261,2.604459945,6
AESCor_AES,AES,Stock,-0.555481271,-0.255764837,-0.88785328,3
AFLACIn_AFL,AFL,Stock,-0.611521133,-0.037255205,0.210789828,1
AMETEKInc_AME,AME,Stock,-0.597251,-0.220466509,0.122582374,1
ANSY_ANSS,ANSS,Stock,-0.547727775,-0.039754901,-0.861648238,3
AT&TInc_T,T,Stock,-0.603241864,0.190819184,-0.887181009,3
AbbVieInc_ABBV,ABBV,Stock,-0.41841221,0.373867403,-0.214726632,1
AbbottLaboratorie_ABT,ABT,Stock,-0.589583237,0.175943828,-1.079801937,3
Accenturepl_ACN,ACN,Stock,-0.561105215,-0.035436539,-0.031322339,1
ActivisionBlizzar_ATVI,ATVI,Stock,-0.381784372,-0.314711734,0.872528006,7
AdobeSystemsIn_ADBE,ADBE,Stock,-0.455586904,-0.174507978,0.06840947,1
AdvanceAutoPart_AAP,AAP,Stock,-0.41805014,0.300545688,0.888705596,7
AdvancedMicroDevicesIn_AMD,AMD,Stock,0.029573008,-0.352362041,0.925628174,7
AffiliatedManagersGroupIn_AMG,AMG,Stock,-0.460111832,-0.027733376,-0.250192532,1
AgilentTechnologiesIn_A,A,Stock,-0.552073756,0.048234886,-0.214688317,1
AirProducts&ChemicalsIn_APD,APD,Stock,-0.570573698,-0.410548283,0.658627132,7
AkamaiTechnologiesIn_AKAM,AKAM,Stock,-0.37093133,0.024115301,1.213749596,7
AlaskaAirGroupIn_ALK,ALK,Stock,-0.490677037,-0.261634125,0.51195563,1
AlbemarleCor_ALB,ALB,Stock,-0.404551741,0.141470836,-0.404373478,3
AlexandriaRealEstateEquitie_ARE,ARE,Stock,-0.626353922,-0.074123133,-0.541912333,3
AlexionPharmaceutical_ALXN,ALXN,Stock,-0.365400509,-0.272547172,-0.884671441,3
AlignTechnolog_ALGN,ALGN,Stock,-0.31043926,1.190987378,-1.366156149,3
Allegio_ALLE,ALLE,Stock,-0.578287068,-0.243177085,0.026484034,1
"Allergan,Pl_AGN",AGN,Stock,-0.417659412,-0.330717267,0.457935941,1
AllianceDataSystem_ADS,ADS,Stock,-0.437577998,0.637082132,-0.845418822,3
AlliantEnergyCor_LNT,LNT,Stock,-0.665700952,-0.302414739,0.78013237,7
AllstateCor_ALL,ALL,Stock,-0.591656682,0.413621828,-1.106693659,3
AlphabetIncClass_GOOGL,GOOGL,Stock,-0.494230922,-0.505868663,-0.687168732,3
AltriaGroupIn_MO,MO,Stock,-0.555573086,0.037100992,1.028752781,7
Amazon.comInc_AMZN,AMZN,Stock,-0.379826993,-0.130369721,0.045800729,1
Amcorpl_AMCR,AMCR,Stock,-0.249307219,0.838337919,0.661568951,7
AmerenCor_AEE,AEE,Stock,-0.666604861,-0.218726676,-0.850765663,3
AmericanAirlinesGrou_AAL,AAL,Stock,-0.39882796,-0.261979517,-0.732503903,3
AmericanElectricPowe_AEP,AEP,Stock,-0.67089938,-0.144910347,-0.859162465,3
AmericanExpressC_AXP,AXP,Stock,-0.544335126,0.295549483,-0.781833853,3
AmericanInternationalGrou_AIG,AIG,Stock,-0.540956839,-0.014874969,0.470413241,1
AmericanTowerCorp_AMT,AMT,Stock,-0.62634426,-0.182551606,-0.579786102,3
AmericanWaterWorksCompanyIn_AWK,AWK,Stock,-0.66459002,-0.105383729,-0.861119448,3
AmeripriseFinancia_AMP,AMP,Stock,-0.49335883,-0.178602966,0.156436378,1
AmerisourceBergenCor_ABC,ABC,Stock,-0.4725198,0.271104954,-0.509158988,3
AmgenInc_AMGN,AMGN,Stock,-0.521758899,-0.143296295,-0.591094084,3
AmphenolCor_APH,APH,Stock,-0.579510096,0.077579673,-0.633244537,3
"AnalogDevices,Inc_ADI",ADI,Stock,-0.484904424,-0.154767056,-0.724585168,3
Anthe_ANTM,ANTM,Stock,-0.528746217,-0.214280851,-0.271621183,1
Aonpl_AON,AON,Stock,-0.597607565,-0.126225914,0.928519207,7
ApacheCorporatio_APA,APA,Stock,-0.369900256,-0.284684056,-0.946631069,3
ApartmentInvestment&Managemen_AIV,AIV,Stock,-0.63622183,-0.162350555,-0.542793354,3
AppleInc_AAPL,AAPL,Stock,-0.484172092,0.000307711,-0.426916443,3
AppliedMaterialsInc_AMAT,AMAT,Stock,-0.438912378,-0.174605199,-0.82985064,3
AptivPl_APTV,APTV,Stock,-0.461456932,-0.007141317,-0.802238261,3
Archer-Daniels-MidlandC_ADM,ADM,Stock,-0.528593809,0.133844388,-0.456657346,3
ArconicInc_ARNC,ARNC,Stock,-0.31082809,0.358116703,-0.872919206,3
ArthurJ.Gallagher&Co_AJG,AJG,Stock,-0.636277137,-0.364809118,0.747258871,7
Assuran_AIZ,AIZ,Stock,-0.561173881,0.239749421,0.101736379,1
AtmosEnergyCor_ATO,ATO,Stock,-0.66423719,-0.13467899,-1.039595756,3
AutoZoneIn_AZO,AZO,Stock,-0.519884616,0.170120454,1.784266169,7
AutodeskInc_ADSK,ADSK,Stock,-0.388806829,-0.172481677,0.043215347,1
AutomaticDataProcessin_ADP,ADP,Stock,-0.561723902,-0.104420992,0.229252933,1
"AvalonBayCommunities,Inc_AVB",AVB,Stock,-0.639311246,-0.209448577,0.044031501,1
AveryDennisonCor_AVY,AVY,Stock,-0.57476089,-0.525822526,1.063755474,7
BB&TCorporatio_BBT,BBT,Stock,-0.589681936,-0.200003857,0.066434573,1
"BakerHughes,aGECompan_BHGE",BHGE,Stock,-0.304293962,2.025307747,2.311442166,8
BallCor_BLL,BLL,Stock,-0.580726383,-0.412247279,-0.457182986,3
BankofAmericaCor_BAC,BAC,Stock,-0.509779636,-0.327312051,0.692913866,7
BaxterInternationalInc_BAX,BAX,Stock,-0.566593163,-0.120745347,0.827928189,7
BectonDickinso_BDX,BDX,Stock,-0.587586831,-0.292500776,0.693834405,7
BerkshireHathawa_BRK-B,BRK-B,Stock,-0.620507626,-0.137689507,-0.296655092,1
BestBuyCo.Inc_BBY,BBY,Stock,-0.340176557,0.792332792,0.856007665,7
BiogenInc_BIIB,BIIB,Stock,-0.345353543,1.489540772,-0.258332599,3
BlackRoc_BLK,BLK,Stock,-0.548792837,-0.103288595,-0.333082015,1
BlockH&_HRB,HRB,Stock,-0.428405287,0.420542251,0.759899037,7
BoeingCompan_BA,BA,Stock,-0.521317786,-0.108963241,-0.715231713,3
BookingHoldingsIn_BKNG,BKNG,Stock,-0.457422299,0.320996576,-0.104320838,1
BorgWarne_BWA,BWA,Stock,-0.474415589,-0.004165588,-0.886567051,3
BostonPropertie_BXP,BXP,Stock,-0.628263379,-0.27467197,-0.075859727,1
BostonScientifi_BSX,BSX,Stock,-0.511233816,-0.385107415,-0.21207866,1
Bristol-MyersSquib_BMY,BMY,Stock,-0.482857452,0.792139493,-0.697821354,3
BroadcomInc_AVGO,AVGO,Stock,-0.409910839,-0.205396024,-0.225638685,1
BroadridgeFinancialSolution_BR,BR,Stock,-0.587267223,0.024394138,-0.868432045,3
Brown-FormanCorp_BF-B,BF-B,Stock,-0.587373333,-0.180162345,-0.006816546,1
C.H.RobinsonWorldwid_CHRW,CHRW,Stock,-0.510448597,-0.058527316,2.182075478,6
CBREGrou_CBRE,CBRE,Stock,-0.500737708,-0.127980637,-0.142714032,1
CBSCorp_CBS,CBS,Stock,-0.572329702,-0.343050878,-0.578875006,3
CD_CDW,CDW,Stock,-0.515234834,-0.157426579,-0.741026654,3
CFIndustriesHoldingsIn_CF,CF,Stock,-0.371514434,-0.163815762,-1.090988702,3
CIGNACorp_CI,CI,Stock,-0.522789384,0.034586185,-1.10341109,3
CMEGroupInc_CME,CME,Stock,-0.59051282,-0.374012294,1.106660274,7
CMSEnerg_CMS,CMS,Stock,-0.672376711,-0.070958228,-1.095611905,3
CSXCorp_CSX,CSX,Stock,-0.475057942,-0.561170843,1.660777078,7
CVSHealt_CVS,CVS,Stock,-0.529122329,0.238776877,-1.01572202,3
CabotOil&Ga_COG,COG,Stock,-0.395132702,-0.101380373,-0.914679601,3
CadenceDesignSystem_CDNS,CDNS,Stock,-0.509083106,-0.221285685,-0.741346441,3
CampbellSou_CPB,CPB,Stock,-0.502003823,0.166585272,0.208192839,1
CapitalOneFinancia_COF,COF,Stock,-0.545994175,0.066821485,-0.818484695,3
CapriHolding_CPRI,CPRI,Stock,-0.319210386,0.289723549,0.684267819,7
CardinalHealthInc_CAH,CAH,Stock,-0.464977259,1.058327118,1.596985263,8
CarmaxIn_KMX,KMX,Stock,-0.467451113,-0.536333971,0.52045554,1
CarnivalCorp_CCL,CCL,Stock,-0.526522889,0.161223085,-0.733408671,3
CaterpillarInc_CAT,CAT,Stock,-0.496574119,-0.033534285,-0.916845663,3
CboeGlobalMarket_CBOE,CBOE,Stock,-0.587018812,-0.227774435,1.138297558,7
Celanes_CE,CE,Stock,-0.51718824,-0.175676183,-0.773380211,3
CelgeneCorp_CELG,CELG,Stock,-0.415105729,-0.008323751,-0.360162377,1
CenteneCorporatio_CNC,CNC,Stock,-0.396768131,0.344619432,-0.899015268,3
CenterPointEnerg_CNP,CNP,Stock,-0.638668794,-0.144801141,-1.05891218,3
CenturyLinkIn_CTL,CTL,Stock,-0.373877579,0.074996403,-0.543443362,3
Cerne_CERN,CERN,Stock,-0.534045538,-0.083241758,-0.088813707,1
CharlesSchwabCorporatio_SCHW,SCHW,Stock,-0.488699844,-0.207895793,0.057399808,1
CharterCommunication_CHTR,CHTR,Stock,-0.474945603,-0.258706652,-0.308665043,1
ChevronCorp_CVX,CVX,Stock,-0.542357664,-0.13224658,-0.774609076,3
ChipotleMexicanGril_CMG,CMG,Stock,-0.368051839,-0.082598906,-0.398035373,3
ChubbLimite_CB,CB,Stock,-0.649979208,-0.243526994,-0.246451224,1
Church&Dwigh_CHD,CHD,Stock,-0.595640466,-0.081182317,0.340523989,1
CimarexEnerg_XEC,XEC,Stock,-0.406825254,-0.349793725,-0.733516295,3
CincinnatiFinancia_CINF,CINF,Stock,-0.611724507,-0.162860563,0.159213477,1
CintasCorporatio_CTAS,CTAS,Stock,-0.538687886,-0.473874542,1.627658212,7
CiscoSystem_CSCO,CSCO,Stock,-0.516707754,-0.147462332,0.229835235,1
CitigroupInc_C,C,Stock,-0.504958271,-0.090362569,-0.319547143,1
CitrixSystem_CTXS,CTXS,Stock,-0.462983889,-0.110152909,1.024798701,7
Coca-ColaCompan_KO,KO,Stock,-0.660948159,0.143748524,0.104495065,1
CognizantTechnologySolution_CTSH,CTSH,Stock,-0.481919149,0.296316667,0.869158469,7
Colgate-Palmoliv_CL,CL,Stock,-0.605993744,-0.081769986,-0.063125764,1
ComcastCorp_CMCSA,CMCSA,Stock,-0.591749324,-0.124482497,-0.901822173,3
ComericaInc_CMA,CMA,Stock,-0.498595134,-0.082028788,-0.159205262,1
ConagraBrand_CAG,CAG,Stock,-0.460645766,0.604641733,0.744770492,7
ConchoResource_CXO,CXO,Stock,-0.337766842,0.166133025,-0.472731342,3
ConocoPhillip_COP,COP,Stock,-0.450467671,-0.210759712,-0.803966461,3
ConsolidatedEdiso_ED,ED,Stock,-0.675550393,-0.122034626,-0.572916077,3
ConstellationBrand_STZ,STZ,Stock,-0.511728845,-0.01293821,0.665333105,7
CopartIn_CPRT,CPRT,Stock,-0.522164595,-0.066741092,1.019718504,7
CorningInc_GLW,GLW,Stock,-0.487223797,0.039079488,-0.591685746,3
CostcoWholesaleCorp_COST,COST,Stock,-0.56573392,0.08326371,0.283140062,1
"Coty,In_COTY",COTY,Stock,-0.256823395,-0.071274821,0.640058255,7
CrownCastleInternationalCorp_CCI,CCI,Stock,-0.625033555,-0.077643741,-0.861643322,3
CumminsInc_CMI,CMI,Stock,-0.532858109,0.064001079,-1.118073745,3
D.R.Horto_DHI,DHI,Stock,-0.486575718,-0.312676421,-0.002357433,1
DTEEnergyCo_DTE,DTE,Stock,-0.667147489,-0.08998656,-1.04242038,3
DXCTechnolog_DXC,DXC,Stock,-0.198650863,1.376729302,5.152228267,6
DaVitaInc_DVA,DVA,Stock,-0.465673098,0.337061216,-1.204196753,3
DanaherCorp_DHR,DHR,Stock,-0.612664644,-0.222034222,-0.84401052,3
DardenRestaurant_DRI,DRI,Stock,-0.549530497,-0.596888168,1.594809218,7
Deere&Co_DE,DE,Stock,-0.49550224,-0.131092656,-0.667406382,3
DeltaAirLinesInc_DAL,DAL,Stock,-0.483123058,-0.202703414,-0.878461156,3
DentsplySiron_XRAY,XRAY,Stock,-0.453409376,0.323072369,4.107144147,6
DevonEnerg_DVN,DVN,Stock,-0.294703759,-0.219849315,-0.754509555,3
DiamondbackEnerg_FANG,FANG,Stock,-0.405876188,-0.33266759,-0.682863913,3
DigitalRealtyTrustIn_DLR,DLR,Stock,-0.579072779,0.10032268,-0.881096433,3
DiscoverFinancialService_DFS,DFS,Stock,-0.561269307,-0.11252836,-0.544829212,3
DiscoveryInc.Class_DISCA,DISCA,Stock,-0.376662986,-0.880193186,-0.091936106,1
DishNetwor_DISH,DISH,Stock,-0.387065187,-0.048234633,-0.049447383,1
DollarGenera_DG,DG,Stock,-0.496404385,0.373187071,0.658937854,7
DollarTre_DLTR,DLTR,Stock,-0.475188999,0.458962908,1.122622294,7
DominionEnerg_D,D,Stock,-0.674169327,-0.145505355,-0.773893854,3
DoverCorp_DOV,DOV,Stock,-0.546046758,-0.230801535,-0.659650678,3
DuPontdeNemoursIn_DD,DD,Stock,-0.49025222,-0.31923886,-0.691146681,3
DukeEnerg_DUK,DUK,Stock,-0.67030479,-0.213171699,0.741110028,7
DukeRealtyCor_DRE,DRE,Stock,-0.620349627,-0.228953709,-0.113113345,1
E*Trad_ETFC,ETFC,Stock,-0.468222018,-0.082746027,-0.715464939,3
EOGResource_EOG,EOG,Stock,-0.456864047,-0.266731406,-0.837658326,3
EastmanChemica_EMN,EMN,Stock,-0.544632251,-0.129592307,-0.857065769,3
EatonCorporatio_ETN,ETN,Stock,-0.546670543,-0.257976912,0.518730915,1
EcolabInc_ECL,ECL,Stock,-0.600511892,0.070973941,-0.722448044,3
EdisonInt'_EIX,EIX,Stock,-0.540208079,0.723155175,-0.671834283,3
EdwardsLifescience_EW,EW,Stock,-0.377394304,-0.274204201,2.630030463,6
ElectronicArt_EA,EA,Stock,-0.405801507,-0.564598752,1.039659709,7
EmersonElectricCompan_EMR,EMR,Stock,-0.573547692,-0.189755021,-0.748278508,3
EntergyCorp_ETR,ETR,Stock,-0.662077012,-0.281043,-0.050831147,1
EquifaxInc_EFX,EFX,Stock,-0.479914027,1.026287501,1.347947842,8
Equini_EQIX,EQIX,Stock,-0.562335299,-0.121144934,-0.733203289,3
EquityResidentia_EQR,EQR,Stock,-0.643526835,0.056222585,-1.086817776,3
"EssexPropertyTrust,Inc_ESS",ESS,Stock,-0.640863437,-0.248223488,-0.389235576,1
EsteeLauderCos_EL,EL,Stock,-0.484012882,-0.410091464,1.362735684,7
EverestReGroupLtd_RE,RE,Stock,-0.577844591,-0.388012822,1.205093221,7
Everg_EVRG,EVRG,Stock,-0.635925808,0.108654993,-0.87804322,3
EversourceEnerg_ES,ES,Stock,-0.664266868,-0.089300338,-1.009371087,3
ExelonCorp_EXC,EXC,Stock,-0.627383274,-0.126150111,-1.015715236,3
ExpediaGrou_EXPE,EXPE,Stock,-0.431122975,0.003808466,0.247680152,1
Expeditor_EXPD,EXPD,Stock,-0.563127458,-0.101260196,-0.24853173,1
ExtraSpaceStorag_EXR,EXR,Stock,-0.624708382,-0.308464632,0.599818006,7
ExxonMobilCorp_XOM,XOM,Stock,-0.585591317,-0.210231008,-0.236488085,1
F5Network_FFIV,FFIV,Stock,-0.484690421,-0.103783611,1.090207146,7
FLIRSystem_FLIR,FLIR,Stock,-0.502558356,-0.449931374,2.024831331,6
FMCCorporatio_FMC,FMC,Stock,-0.476973203,-0.299185643,-0.611973203,3
"Facebook,Inc_FB",FB,Stock,-0.429525098,0.260171828,-0.886941236,3
FastenalC_FAST,FAST,Stock,-0.527103924,-0.136885807,-0.596015812,3
FedExCorporatio_FDX,FDX,Stock,-0.537180899,0.083394736,-0.864759612,3
FederalRealtyInvestmentTrus_FRT,FRT,Stock,-0.662817265,-0.251612485,-0.847981391,3
FidelityNationalInformationSe_FIS,FIS,Stock,-0.564037932,0.289061547,-1.103572947,3
FifthThirdBancor_FITB,FITB,Stock,-0.503629073,-0.154680781,0.463096217,1
FirstRepublicBan_FRC,FRC,Stock,-0.525649515,-0.010916795,1.158597885,7
FirstEnergyCor_FE,FE,Stock,-0.604365048,-0.414420175,1.256445661,7
FiservIn_FISV,FISV,Stock,-0.596105057,-0.222674358,-0.092674316,1
FleetCorTechnologiesIn_FLT,FLT,Stock,-0.454591935,-0.228719229,-0.023005892,1
FlowserveCorporatio_FLS,FLS,Stock,-0.48462737,-0.282756759,1.336691811,7
FordMoto_F,F,Stock,-0.503064524,-0.219329714,1.15825606,7
Fortine_FTNT,FTNT,Stock,-0.362204854,0.06548629,1.606882564,7
FortuneBrandsHome&Securit_FBHS,FBHS,Stock,-0.547857048,-0.08411314,-0.685224803,3
FranklinResource_BEN,BEN,Stock,-0.527578533,-0.26525039,0.445387172,1
Freeport-McMoRanInc_FCX,FCX,Stock,-0.0683878,-0.069462935,-0.899564938,3
GapInc_GPS,GPS,Stock,-0.335221628,0.205984181,1.200935931,7
GarminLtd_GRMN,GRMN,Stock,-0.480744745,-0.3818683,1.589597741,7
GartnerIn_IT,IT,Stock,-0.525923067,1.06971867,0.393551152,1
GeneralDynamic_GD,GD,Stock,-0.606493765,-0.161308748,-0.650820542,3
GeneralElectri_GE,GE,Stock,-0.389153763,0.047637356,-0.238043835,1
GeneralMill_GIS,GIS,Stock,-0.571070932,0.064577607,0.60027129,7
GeneralMotor_GM,GM,Stock,-0.503622114,-0.338678936,-0.082981483,1
GenuinePart_GPC,GPC,Stock,-0.602762888,-0.240048233,1.647835591,7
GileadScience_GILD,GILD,Stock,-0.475370429,0.023077014,0.848033117,7
GlobalPaymentsInc_GPN,GPN,Stock,-0.482044046,-0.247838984,-0.063250119,1
GlobeLifeInc_GL,GL,Stock,-0.59421018,-0.092382108,0.274245914,1
GoldmanSachsGrou_GS,GS,Stock,-0.55198676,-0.191586768,-0.318732904,1
Grainger(W.W.)Inc_GWW,GWW,Stock,-0.487123767,-0.136669822,-0.418902157,3
HCAHealthcar_HCA,HCA,Stock,-0.496943077,-0.088075129,-0.429577621,3
HCPInc_HCP,HCP,Stock,-0.541766033,0.7200367,-0.675912417,3
HPInc_HPQ,HPQ,Stock,-0.395323358,0.348663235,1.615012561,7
HalliburtonCo_HAL,HAL,Stock,-0.469033163,-0.204791635,-0.964453606,3
HanesbrandsIn_HBI,HBI,Stock,-0.38547314,0.434810555,-0.037475904,1
Harley-Davidso_HOG,HOG,Stock,-0.457184979,-0.025257566,-0.366554872,1
HartfordFinancialSvc.Gp_HIG,HIG,Stock,-0.584683604,-0.092407734,0.433262457,1
HasbroInc_HAS,HAS,Stock,-0.452909937,-0.430510891,1.049414822,7
Helmerich&Payn_HP,HP,Stock,-0.405581337,-0.365972794,-0.922120357,3
HenrySchei_HSIC,HSIC,Stock,-0.561468858,0.184496483,-0.883341924,3
HessCorporatio_HES,HES,Stock,-0.380916868,-0.236333781,-0.555676273,3
HiltonWorldwideHoldingsIn_HLT,HLT,Stock,-0.562269794,-0.256119388,-0.798106039,3
HollyFrontierCor_HFC,HFC,Stock,-0.417549864,-0.312315053,-1.02587679,3
Hologi_HOLX,HOLX,Stock,-0.528127241,0.069170174,-0.48124366,3
HomeDepo_HD,HD,Stock,-0.592724181,-0.17173835,-0.514573548,3
HoneywellInt'lInc_HON,HON,Stock,-0.60432958,-0.090925321,-0.476995741,3
HormelFoodsCorp_HRL,HRL,Stock,-0.594262528,-0.274333254,1.187479234,7
HostHotels&Resort_HST,HST,Stock,-0.565755729,-0.206290481,-0.509781753,3
HumanaInc_HUM,HUM,Stock,-0.446204936,-0.225187509,0.07366163,1
HuntingtonBancshare_HBAN,HBAN,Stock,-0.53526729,-0.202997417,0.033347933,1
HuntingtonIngallsIndustrie_HII,HII,Stock,-0.498252214,-0.073744323,-0.064328559,1
IDEXCorporatio_IEX,IEX,Stock,-0.613195345,-0.387982622,-0.115791026,1
IDEXXLaboratorie_IDXX,IDXX,Stock,-0.46345661,0.154875986,0.288639839,1
IPGPhotonicsCorp_IPGP,IPGP,Stock,-0.290040379,0.663755721,2.589703651,6
IQVIAHoldingsInc_IQV,IQV,Stock,-0.545918655,-0.304946171,0.122450666,1
IllinoisToolWork_ITW,ITW,Stock,-0.576275726,0.108958419,-0.753631553,3
IlluminaIn_ILMN,ILMN,Stock,-0.318000302,0.894078017,-0.566951164,3
Incyt_INCY,INCY,Stock,-0.299454623,0.021999294,-0.913412818,3
Ingersoll-RandPL_IR,IR,Stock,-0.573597566,-0.295386687,0.159437922,1
IntelCorp_INTC,INTC,Stock,-0.508962311,-0.09883002,-0.919547597,3
IntercontinentalExchang_ICE,ICE,Stock,-0.576994456,-0.316116651,0.319931461,1
InternationalBusinessMachine_IBM,IBM,Stock,-0.537967076,0.023871977,0.203501438,1
InternationalPape_IP,IP,Stock,-0.541132385,-0.182710068,-0.228840399,1
InterpublicGrou_IPG,IPG,Stock,-0.554605353,-0.019706736,-0.413861007,3
IntlFlavors&Fragrance_IFF,IFF,Stock,-0.468273899,0.637985916,3.462210767,6
IntuitInc_INTU,INTU,Stock,-0.462376937,-0.10959813,2.406380178,6
IntuitiveSurgicalInc_ISRG,ISRG,Stock,-0.434226462,-0.164368721,-0.431367695,3
InvescoLtd_IVZ,IVZ,Stock,-0.502302702,0.050049154,-0.20146606,1
IronMountainIncorporate_IRM,IRM,Stock,-0.521915086,-0.390828713,0.918016461,7
J.B.HuntTransportService_JBHT,JBHT,Stock,-0.607114871,-0.359445104,-0.836783569,3
JMSmucke_SJM,SJM,Stock,-0.534833125,-0.000226653,0.853046479,7
JPMorganChase&Co_JPM,JPM,Stock,-0.553260008,-0.210810724,-0.039509765,1
JackHenry&Associate_JKHY,JKHY,Stock,-0.642569284,-0.265464048,0.007986754,1
JacobsEngineeringGrou_JEC,JEC,Stock,-0.515652675,-0.213075337,-0.328667419,1
Johnson&Johnso_JNJ,JNJ,Stock,-0.629912665,0.340070577,-0.884439222,3
JohnsonControlsInternationa_JCI,JCI,Stock,-0.574774189,-0.230564824,-0.351168874,1
JuniperNetwork_JNPR,JNPR,Stock,-0.423841278,0.302166578,1.32484662,7
KLACorporatio_KLAC,KLAC,Stock,-0.394881734,0.507660332,0.361442073,1
KansasCitySouther_KSU,KSU,Stock,-0.51999455,0.347145004,-1.222460125,3
KelloggCo_K,K,Stock,-0.537856231,-0.182643965,1.454728213,7
KeyCor_KEY,KEY,Stock,-0.516845462,-0.253388847,0.269777517,1
Kimberly-Clar_KMB,KMB,Stock,-0.612328756,-0.063119783,-0.435642907,3
KimcoRealt_KIM,KIM,Stock,-0.592994496,-0.247041286,-0.917869493,3
KinderMorga_KMI,KMI,Stock,-0.411038566,-0.102897079,-0.70790147,3
Kohl'sCorp_KSS,KSS,Stock,-0.331694165,0.215933966,2.02892439,6
KrogerCo_KR,KR,Stock,-0.453945858,0.731424676,0.047065828,1
LBrandsInc_LB,LB,Stock,-0.291699477,0.334655096,2.245295377,6
LKQCorporatio_LKQ,LKQ,Stock,-0.495789883,0.655338482,0.462207068,1
LaboratoryCorp.ofAmericaHold_LH,LH,Stock,-0.569687683,0.272510975,-0.894650542,3
LamResearc_LRCX,LRCX,Stock,-0.43211278,-0.179036873,-0.848962304,3
Leggett&Plat_LEG,LEG,Stock,-0.54761332,-0.213914232,1.140215551,7
LeidosHolding_LDOS,LDOS,Stock,-0.376091784,1.878642855,3.319403317,8
LennarCorp_LEN,LEN,Stock,-0.531816763,-0.336620517,-0.839248316,3
Lilly(Eli)&Co_LLY,LLY,Stock,-0.533833917,0.10600674,-0.790489447,3
LincolnNationa_LNC,LNC,Stock,-0.453182662,0.033561853,0.289474945,1
Lindepl_LIN,LIN,Stock,-0.618603641,-0.339049066,-0.657266527,3
LockheedMartinCorp_LMT,LMT,Stock,-0.609088429,-0.049673045,-0.987213046,3
LoewsCorp_L,L,Stock,-0.611636154,-0.215231368,0.457672559,1
Lowe'sCos_LOW,LOW,Stock,-0.489924729,-0.452979622,2.653954984,6
LyondellBasel_LYB,LYB,Stock,-0.472091102,-0.017600247,-0.978552792,3
M&TBankCorp_MTB,MTB,Stock,-0.556908764,-0.098267339,-0.252119666,1
MGMResortsInternationa_MGM,MGM,Stock,-0.429599629,-0.309510116,0.080292826,1
MSCIIn_MSCI,MSCI,Stock,-0.561019241,-0.314500412,-0.029508057,1
Maceric_MAC,MAC,Stock,-0.530029374,-0.091725886,-0.855346841,3
Macy'sInc_M,M,Stock,-0.322110876,0.52831237,0.140608344,1
MarathonOilCorp_MRO,MRO,Stock,-0.234978049,-0.219411849,-0.871738778,3
MarathonPetroleu_MPC,MPC,Stock,-0.439844618,-0.191071331,-0.939885274,3
MarketAxes_MKTX,MKTX,Stock,-0.533915017,-0.412687248,0.819477567,7
MarriottInt'l_MAR,MAR,Stock,-0.538991601,-0.134601866,-0.362898382,1
Marsh&McLenna_MMC,MMC,Stock,-0.625258362,-0.205564439,0.129331843,1
MartinMariettaMaterial_MLM,MLM,Stock,-0.474897516,-0.455277914,-0.397051696,1
MascoCorp_MAS,MAS,Stock,-0.524642644,-0.133485292,-0.85194479,3
MastercardInc_MA,MA,Stock,-0.503238518,-0.129661274,0.031520187,1
MaximIntegratedProductsIn_MXIM,MXIM,Stock,-0.453501094,-0.039403061,-0.298798428,1
McCormick&Co_MKC,MKC,Stock,-0.617541603,-0.053401434,0.904005256,7
McDonald'sCorp_MCD,MCD,Stock,-0.61064106,-0.464658072,0.631384732,7
McKessonCorp_MCK,MCK,Stock,-0.432899501,1.008510655,1.923815983,8
Medtronicpl_MDT,MDT,Stock,-0.592030317,-0.055703333,-0.379986458,3
Merck&Co_MRK,MRK,Stock,-0.579781805,-0.454509043,0.818619425,7
MetLifeInc_MET,MET,Stock,-0.519118565,0.132794302,-0.881565162,3
MettlerToled_MTD,MTD,Stock,-0.563327957,-0.212791828,-0.155819532,1
MicrochipTechnolog_MCHP,MCHP,Stock,-0.461882625,0.111373393,-0.789212651,3
MicronTechnolog_MU,MU,Stock,-0.278820434,-0.219893592,-0.988490987,3
MicrosoftCorp_MSFT,MSFT,Stock,-0.497356599,-0.208838339,0.332317361,1
Mid-AmericaApartment_MAA,MAA,Stock,-0.614653586,-0.019019257,-0.334051964,1
MohawkIndustrie_MHK,MHK,Stock,-0.389373732,1.881640677,2.18019229,8
MolsonCoorsBrewingCompan_TAP,TAP,Stock,-0.489118206,-0.008271458,1.351663195,7
MondelezInternationa_MDLZ,MDLZ,Stock,-0.544107333,-0.284729342,0.18189551,1
MonsterBeverag_MNST,MNST,Stock,-0.380235503,-0.354901881,0.097819593,1
Moody'sCor_MCO,MCO,Stock,-0.527699079,0.064648357,-0.232125728,1
MorganStanle_MS,MS,Stock,-0.513632103,-0.280612968,0.130488748,1
MotorolaSolutionsInc_MSI,MSI,Stock,-0.549536075,-0.380712362,0.665305691,7
MylanN.V_MYL,MYL,Stock,-0.35577355,0.283673223,0.669449837,7
NRGEnerg_NRG,NRG,Stock,-0.31438268,0.059451101,-0.98600635,3
NVRIn_NVR,NVR,Stock,-0.533865547,-0.368200612,0.40021726,1
"Nasdaq,Inc_NDAQ",NDAQ,Stock,-0.629516546,-0.31530457,-0.840400225,3
NationalOilwellVarcoInc_NOV,NOV,Stock,-0.414201472,-0.202514825,-1.111256604,3
NektarTherapeutic_NKTR,NKTR,Stock,-0.020125603,0.614050263,1.961046163,6
NetAp_NTAP,NTAP,Stock,-0.406116473,0.372445741,0.472960622,1
NetflixInc_NFLX,NFLX,Stock,-0.255945248,-0.099500377,-0.541251385,3
NewellBrand_NWL,NWL,Stock,-0.302530076,1.598461482,1.396009091,8
NewmontGoldcor_NEM,NEM,Stock,-0.351077303,-0.024674047,-1.06465851,3
NewsCorp.Class_NWSA,NWSA,Stock,-0.387015338,-0.619151236,-0.346017323,1
NextEraEnerg_NEE,NEE,Stock,-0.662557187,-0.311222362,0.432216953,1
NiSourceInc_NI,NI,Stock,-0.622866699,0.118232495,-0.771127951,3
NielsenHolding_NLSN,NLSN,Stock,-0.463798483,2.282012661,-1.030357906,3
Nik_NKE,NKE,Stock,-0.53755258,-0.536393319,0.613223018,7
NobleEnergyIn_NBL,NBL,Stock,-0.384929489,-0.297729134,-0.889173514,3
Nordstro_JWN,JWN,Stock,-0.328954696,0.068977415,0.593051496,7
NorfolkSouthernCorp_NSC,NSC,Stock,-0.513991001,-0.164711257,-0.983975664,3
NorthernTrustCorp_NTRS,NTRS,Stock,-0.510548266,-0.033156798,0.386314014,1
NorthropGrumma_NOC,NOC,Stock,-0.561427852,-0.036667736,-1.012584251,3
NorwegianCruiseLineHolding_NCLH,NCLH,Stock,-0.448858274,-0.114144285,-0.680367136,3
NucorCorp_NUE,NUE,Stock,-0.548356621,-0.335596756,-1.188057595,3
NvidiaCorporatio_NVDA,NVDA,Stock,-0.249350545,-0.115242436,0.293555239,1
O'ReillyAutomotiv_ORLY,ORLY,Stock,-0.509453647,0.678137186,-1.257735695,3
ONEO_OKE,OKE,Stock,-0.331592716,0.152682024,-0.844190353,3
OccidentalPetroleu_OXY,OXY,Stock,-0.528959504,-0.116159848,-0.922384625,3
OmnicomGrou_OMC,OMC,Stock,-0.601744648,-0.102649601,0.330557875,1
OracleCorp_ORCL,ORCL,Stock,-0.537552577,0.053597683,-0.357928006,1
PACCARInc_PCAR,PCAR,Stock,-0.549145038,-0.11716308,-0.858421417,3
PNCFinancialService_PNC,PNC,Stock,-0.57035564,-0.139808772,0.061469038,1
PPGIndustrie_PPG,PPG,Stock,-0.551955155,0.034244661,0.702667681,7
PPLCorp_PPL,PPL,Stock,-0.649911559,-0.052063384,-0.865323654,3
PVHCorp_PVH,PVH,Stock,-0.386437233,0.06550045,0.64896303,7
PackagingCorporationofAmeric_PKG,PKG,Stock,-0.490085013,-0.16644923,1.749294791,7
Parker-Hannifi_PH,PH,Stock,-0.542342314,-0.240976105,-0.092965235,1
PaychexInc_PAYX,PAYX,Stock,-0.615143294,-0.142173525,-0.255342963,1
Pentairpl_PNR,PNR,Stock,-0.538586902,0.157559862,-0.928583006,3
People'sUnitedFinancia_PBCT,PBCT,Stock,-0.611407692,-0.17131879,0.001844898,1
PepsiCoInc_PEP,PEP,Stock,-0.671381708,-0.316019839,0.072928826,1
PerkinElme_PKI,PKI,Stock,-0.544918657,-0.056692725,-0.492523023,3
Perrig_PRGO,PRGO,Stock,-0.275903238,1.208295957,2.305474355,8
PfizerInc_PFE,PFE,Stock,-0.584143909,-0.221244277,0.065835643,1
PhilipMorrisInternationa_PM,PM,Stock,-0.524568537,0.409572577,2.570697538,6
Phillips6_PSX,PSX,Stock,-0.530858738,-0.044344014,-0.935064803,3
PinnacleWestCapita_PNW,PNW,Stock,-0.683090088,-0.202547866,-0.853489671,3
PioneerNaturalResource_PXD,PXD,Stock,-0.422175912,-0.275366499,-0.843864324,3
PrincipalFinancialGrou_PFG,PFG,Stock,-0.530396509,0.1492839,-0.987612732,3
Procter&Gambl_PG,PG,Stock,-0.623750536,-0.355814871,0.476346894,1
ProgressiveCorp_PGR,PGR,Stock,-0.612724836,-0.03349861,-0.69483491,3
Prologi_PLD,PLD,Stock,-0.618541287,-0.185660007,-0.432080907,3
PrudentialFinancia_PRU,PRU,Stock,-0.499565382,0.020167381,0.0417919,1
PublicServ.EnterpriseInc_PEG,PEG,Stock,-0.649050998,-0.137648129,-1.084832992,3
PublicStorag_PSA,PSA,Stock,-0.6380536,-0.188785491,-0.198540046,1
PulteHomesInc_PHM,PHM,Stock,-0.525955216,-0.218739543,-0.85006375,3
QUALCOMMInc_QCOM,QCOM,Stock,-0.370827238,0.281747322,-0.05136785,1
QuantaServicesInc_PWR,PWR,Stock,-0.380985079,2.027672551,2.749388555,8
QuestDiagnostic_DGX,DGX,Stock,-0.538771917,0.003483449,0.219914511,1
RalphLaurenCorporatio_RL,RL,Stock,-0.372782375,0.511001363,2.427356744,6
RaymondJamesFinancialInc_RJF,RJF,Stock,-0.523137647,-0.071504467,-0.597396356,3
RaytheonCo_RTN,RTN,Stock,-0.575327686,-0.180987946,-0.385770268,1
RealtyIncomeCorporatio_O,O,Stock,-0.629895077,-0.099649893,-0.799087696,3
RegencyCentersCorporatio_REG,REG,Stock,-0.64765551,-0.205174431,-0.852990432,3
RegeneronPharmaceutical_REGN,REGN,Stock,-0.445588621,-0.564257201,-0.536637285,3
RegionsFinancialCorp_RF,RF,Stock,-0.507209359,-0.26297885,0.100769572,1
RepublicServicesIn_RSG,RSG,Stock,-0.655179508,-0.253929076,0.989991921,7
ResMe_RMD,RMD,Stock,-0.496340063,0.999655082,0.622190563,7
RobertHalfInternationa_RHI,RHI,Stock,-0.467266072,0.186420248,1.153465185,7
RockwellAutomationInc_ROK,ROK,Stock,-0.524245018,-0.32175495,0.469067332,1
RollinsInc_ROL,ROL,Stock,-0.580339425,0.027229295,1.364143525,7
RoperTechnologie_ROP,ROP,Stock,-0.565823602,-0.252503914,0.905346167,7
RossStore_ROST,ROST,Stock,-0.49616705,-0.173536233,0.232772061,1
RoyalCaribbeanCruisesLt_RCL,RCL,Stock,-0.431784532,0.024002524,-0.870563417,3
"S&PGlobal,Inc_SPGI",SPGI,Stock,-0.557552368,-0.288584331,0.07695324,1
SBACommunication_SBAC,SBAC,Stock,-0.54351978,0.020821822,-1.005720397,3
SLGreenRealt_SLG,SLG,Stock,-0.612240612,-0.228564223,-0.22502602,1
SVBFinancia_SIVB,SIVB,Stock,-0.366746713,-0.147233663,0.098918354,1
Salesforce.co_CRM,CRM,Stock,-0.403604565,-0.034958327,-0.579026711,3
SchlumbergerLtd_SLB,SLB,Stock,-0.557397677,-0.340146049,-0.924450512,3
SeagateTechnolog_STX,STX,Stock,-0.266359087,0.450912433,1.247255257,7
SealedAi_SEE,SEE,Stock,-0.53580952,-0.153824777,-0.490078979,3
SempraEnerg_SRE,SRE,Stock,-0.620552729,-0.318792427,-0.823917469,3
Sherwin-William_SHW,SHW,Stock,-0.557695551,0.104979889,-1.010365723,3
SimonPropertyGroupIn_SPG,SPG,Stock,-0.634491457,-0.177594058,-0.855116358,3
SkyworksSolution_SWKS,SWKS,Stock,-0.359437227,-0.188291263,-0.272038994,1
Snap-o_SNA,SNA,Stock,-0.547844948,-0.062699784,-0.391809404,3
SouthernCo_SO,SO,Stock,-0.686925201,-0.120428727,-1.02420285,3
SouthwestAirline_LUV,LUV,Stock,-0.472728454,-0.164993915,0.487372059,1
StanleyBlack&Decke_SWK,SWK,Stock,-0.471392488,0.283411616,1.674168653,7
StarbucksCorp_SBUX,SBUX,Stock,-0.568285596,-0.277989157,1.64751184,7
StateStreetCorp_STT,STT,Stock,-0.482861476,-0.075441443,0.84269975,7
StrykerCorp_SYK,SYK,Stock,-0.591210167,-0.299340155,0.3962073,1
SunTrustBank_STI,STI,Stock,-0.539631415,-0.253494,-0.230553354,1
SymantecCorp_SYMC,SYMC,Stock,-0.310156833,3.034040183,1.009652986,8
SynopsysInc_SNPS,SNPS,Stock,-0.543192459,0.122722242,-0.544227532,3
SyscoCorp_SYY,SYY,Stock,-0.579327597,-0.044829839,1.04787824,7
T-MobileU_TMUS,TMUS,Stock,-0.49065251,-0.151290885,-0.539135749,3
T.RowePriceGrou_TROW,TROW,Stock,-0.570769384,-0.204894262,-0.580464625,3
TEConnectivityLtd_TEL,TEL,Stock,-0.573283653,-0.029421698,-0.731732744,3
TJXCompaniesInc_TJX,TJX,Stock,-0.59020957,-0.379129327,0.112859648,1
Take-TwoInteractiv_TTWO,TTWO,Stock,-0.383214845,-0.162849553,-0.701129845,3
"Tapestry,Inc_TPR",TPR,Stock,-0.385455122,0.653512035,1.84801387,6
TargetCorp_TGT,TGT,Stock,-0.454090362,-0.019998141,0.036424091,1
TechnipFM_FTI,FTI,Stock,-0.458675643,-0.28050677,-1.054052536,3
Telefle_TFX,TFX,Stock,-0.524940033,0.040590683,0.063699744,1
TexasInstrument_TXN,TXN,Stock,-0.505957386,-0.036814015,-0.850827055,3
TextronInc_TXT,TXT,Stock,-0.49723507,0.123936823,-0.018360145,1
TheBankofNewYorkMellonCorp_BK,BK,Stock,-0.548139236,-0.023320449,0.588680976,7
TheCloroxCompan_CLX,CLX,Stock,-0.585338407,-0.170635646,1.646933599,7
TheCooperCompanie_COO,COO,Stock,-0.535678697,0.120250813,-0.670506765,3
TheHersheyCompan_HSY,HSY,Stock,-0.608445177,-0.217616488,0.3401946,1
TheMosaicCompan_MOS,MOS,Stock,-0.408861768,-0.119892289,-0.96686182,3
TheTravelersCompaniesInc_TRV,TRV,Stock,-0.625570695,-0.142082376,0.609877028,7
TheWaltDisneyCompan_DIS,DIS,Stock,-0.580764272,-0.046575325,-0.857116469,3
ThermoFisherScientifi_TMO,TMO,Stock,-0.571218202,-0.20607156,-0.230441992,1
Tiffany&Co_TIF,TIF,Stock,-0.491314728,-0.174136722,0.882680282,7
TractorSupplyCompan_TSCO,TSCO,Stock,-0.523972924,0.031028158,0.369910112,1
TransDigmGrou_TDG,TDG,Stock,-0.475519629,0.311799089,0.458837426,1
TripAdviso_TRIP,TRIP,Stock,-0.235760923,0.05951293,0.707493122,7
"Twitter,Inc_TWTR",TWTR,Stock,-0.057229837,0.32854197,0.778393037,7
TysonFood_TSN,TSN,Stock,-0.491653339,0.266839484,-0.101837209,1
U.S.Bancor_USB,USB,Stock,-0.605768873,-0.129176669,-0.231152532,1
"UDR,Inc_UDR",UDR,Stock,-0.632231305,-0.153898832,-0.362180148,1
UltaBeaut_ULTA,ULTA,Stock,-0.337252677,1.34282875,1.523097965,8
UnionPacificCor_UNP,UNP,Stock,-0.537855379,-0.138923966,-0.967235753,3
UnitedAirlinesHolding_UAL,UAL,Stock,-0.401321215,-0.141405308,-0.845354746,3
UnitedHealthGroupInc_UNH,UNH,Stock,-0.567366336,-0.183690506,-0.89810337,3
UnitedParcelServic_UPS,UPS,Stock,-0.563163159,0.121525041,0.134528051,1
"UnitedRentals,Inc_URI",URI,Stock,-0.333837492,0.12463918,-0.804777653,3
UnitedTechnologie_UTX,UTX,Stock,-0.579051506,0.063860586,-0.560266822,3
"UniversalHealthServices,Inc_UHS",UHS,Stock,-0.47449468,-0.096248142,1.456048685,7
UnumGrou_UNM,UNM,Stock,-0.478693143,0.436161573,0.58861345,7
V.F.Corp_VFC,VFC,Stock,-0.518533467,0.391891803,-0.58413924,3
ValeroEnerg_VLO,VLO,Stock,-0.486340424,-0.047621611,-1.041408406,3
VarianMedicalSystem_VAR,VAR,Stock,-0.512273325,-0.265696322,2.104704712,6
VentasIn_VTR,VTR,Stock,-0.526200848,2.308502891,0.461002588,8
VerisignInc_VRSN,VRSN,Stock,-0.503819523,-0.394838561,0.262347821,1
VeriskAnalytic_VRSK,VRSK,Stock,-0.548963738,-0.115110627,1.933079164,6
VerizonCommunication_VZ,VZ,Stock,-0.6321132,-0.473530193,1.468052172,7
VertexPharmaceuticalsIn_VRTX,VRTX,Stock,-0.34059775,-0.745724648,-0.418889648,1
ViacomInc_VIAB,VIAB,Stock,-0.352214344,0.513082301,0.473185442,1
VisaInc_V,V,Stock,-0.536830863,-0.245098141,0.014398061,1
VornadoRealtyTrus_VNO,VNO,Stock,-0.647943255,-0.292506433,-0.434392526,3
WabtecCorporatio_WAB,WAB,Stock,-0.481975169,-0.036476094,-0.251280956,1
WalgreensBootsAllianc_WBA,WBA,Stock,-0.4760339,0.357877249,1.054584398,7
Walmar_WMT,WMT,Stock,-0.540222444,-0.274314402,2.636059873,6
WasteManagementInc_WM,WM,Stock,-0.634069542,-0.230152003,0.644385615,7
WatersCorporatio_WAT,WAT,Stock,-0.518664649,0.272503492,0.089476213,1
WecEnergyGroupIn_WEC,WEC,Stock,-0.66804731,-0.038577472,-1.087999736,3
WellCar_WCG,WCG,Stock,-0.428912545,0.231658307,-0.541252776,3
WellsFarg_WFC,WFC,Stock,-0.576460295,-0.221486081,0.220006504,1
WelltowerInc_WELL,WELL,Stock,-0.585563687,0.045184764,-0.704796224,3
WesternDigita_WDC,WDC,Stock,-0.327808371,0.159510537,-1.086730345,3
WesternUnionC_WU,WU,Stock,-0.586819507,-0.379005896,0.463195595,1
Weyerhaeuse_WY,WY,Stock,-0.563650032,-0.127078105,-0.369060392,1
WhirlpoolCorp_WHR,WHR,Stock,-0.436338816,0.212193261,0.398817062,1
WilliamsCos_WMB,WMB,Stock,-0.137760005,1.364713684,-0.708715877,3
WillisTowersWatso_WLTW,WLTW,Stock,-0.566882706,0.150924307,0.149561764,1
WynnResortsLt_WYNN,WYNN,Stock,-0.249020917,-0.120139405,-0.970656942,3
XcelEnergyIn_XEL,XEL,Stock,-0.683785723,-0.286209107,0.263868568,1
Xero_XRX,XRX,Stock,-0.454158835,-0.113522341,1.145707354,7
Xilin_XLNX,XLNX,Stock,-0.377708702,0.16071537,0.884117987,7
XylemInc_XYL,XYL,Stock,-0.578977617,-0.288712238,-0.606915657,3
Yum!BrandsIn_YUM,YUM,Stock,-0.478760397,1.372619852,-0.301812969,3
ZionsBancor_ZION,ZION,Stock,-0.521048926,-0.277492795,0.133730648,1
Zoeti_ZTS,ZTS,Stock,-0.497257895,-0.262696767,1.229502486,7
eBayInc_EBAY,EBAY,Stock,-0.478703919,-0.127386722,1.29288797,7
AristaNetwork_ANET,ANET,Stock,-0.211338073,0.006265406,-0.360168006,1
IHSMarkitLtd_INFO,INFO,Stock,-0.543292574,-0.494466093,0.989400488,7
SynchronyFinancia_SYF,SYF,Stock,-0.479198035,0.533084913,-0.663772792,3
CitizensFinancialGrou_CFG,CFG,Stock,-0.512904093,-0.235577314,0.136583802,1
KeysightTechnologie_KEYS,KEYS,Stock,-0.455312386,-0.559596522,1.180832207,7
Qorv_QRVO,QRVO,Stock,-0.302087097,-0.145000658,-1.014603202,3
WestRoc_WRK,WRK,Stock,-0.441856536,0.097884198,-0.825039615,3
KraftHeinzC_KHC,KHC,Stock,-0.417284449,3.506602825,0.361923863,8
PayPa_PYPL,PYPL,Stock,-0.45212143,-0.211680847,-0.419206949,3
HewlettPackardEnterpris_HPE,HPE,Stock,-0.414228525,-0.079562533,-0.738095865,3
FortiveCor_FTV,FTV,Stock,-0.577008769,-0.142800216,-0.962317264,3
LambWestonHoldingsIn_LW,LW,Stock,-0.593697177,-0.28997862,-0.505931209,3
