type_assets,symbol,cluster,F1,F2,F3,cluster_new
Commodity,CAFEN,1,-0.372987479,0.117608142,0.501190376,1
Stock,AOS,1,0.076495514,-1.20379875,0.294350302,1
Stock,ABT,1,0.471088654,-0.275219928,0.575602376,1
Stock,ABMD,1,0.263496838,-0.021638432,0.276127028,1
Stock,A,1,0.425504911,-0.313517659,0.602324662,1
Stock,ALGN,1,0.298311888,-0.123500105,0.266387727,1
Stock,AAL,1,0.180321819,-0.459182786,0.637574879,1
Stock,AIG,1,0.29970333,-0.591173309,0.873443833,1
Stock,ABC,1,0.373703798,-0.321689779,0.252702376,1
Stock,ADM,1,0.375664197,-0.378733484,0.636140512,1
Stock,ADP,1,0.355968949,-0.50478073,0.80482252,1
Stock,AVB,1,0.6108893,-0.109503394,0.305864523,1
Stock,BRK-B,1,0.362022471,-0.611298172,0.962794102,1
Stock,CPB,1,0.484208108,-0.148438674,0.269330422,1
Stock,CCL,1,0.342210932,-0.43299443,0.592766341,1
Stock,CBOE,1,0.351208788,-0.570657746,0.895189152,1
Stock,CDW,1,0.419326814,-0.213012453,0.511259752,1
Stock,CE,1,0.357777676,-0.372874299,0.668963211,1
Stock,CNP,1,0.417907725,-0.484171007,0.835852124,1
Stock,CF,1,0.211193422,-0.331865194,0.540275576,1
Stock,SCHW,1,0.261674784,-0.504795129,0.753266508,1
Stock,CFG,1,0.253232654,-0.582616663,0.813446872,1
Stock,CME,1,0.412487721,-0.430640665,0.765203616,1
Stock,CMS,1,0.146714348,-1.395048465,0.118602842,1
Stock,CAG,1,0.274565092,-0.53665174,0.768544791,1
Stock,CSX,1,0.354976786,-0.355214625,0.667774813,1
Stock,DLR,1,0.402190942,-0.409544622,0.695884087,1
Stock,DFS,1,0.34967179,-0.485134687,0.794293565,1
Stock,DLTR,1,0.263081889,-0.773067152,-0.05349533,1
Stock,D,1,0.558274287,-0.253266882,0.624234278,1
Stock,EW,1,0.305036762,-0.294098404,0.576245891,1
Stock,EFX,1,0.446430458,-0.236654587,0.373574295,1
Stock,ES,1,0.565910796,-0.217561221,0.585176132,1
Stock,EXR,1,0.521188571,-0.234020969,0.581536939,1
Stock,FRT,1,0.577737135,-0.180955612,0.564391874,1
Stock,FIS,1,0.287703724,-0.636772569,0.93564342,1
Stock,FISV,1,0.53068857,-0.177881773,0.527508226,1
Stock,F,1,0.231553923,-0.640350262,0.88800575,1
Stock,FTV,1,0.446013871,-0.303136691,0.312795594,1
Stock,GPN,1,0.376791997,-0.290587961,0.463343745,1
Stock,HOLX,1,0.367861529,-0.379253622,0.649698629,1
Stock,HST,1,0.365823043,-0.442801582,0.748126156,1
Stock,HPQ,1,0.164789086,-0.593756488,0.750815317,1
Stock,IDXX,1,0.20012375,-0.642162904,0.909886082,1
Stock,ITW,1,0.404261011,-0.435193297,0.615294213,1
Stock,IP,1,0.267834188,-0.62569882,0.918689493,1
Stock,INTU,1,0.533296551,0.020147061,0.303983546,1
Stock,ISRG,1,0.297302596,-0.39324692,0.519738239,1
Stock,IQV,1,0.270777977,-0.61566151,0.91475332,1
Stock,JKHY,1,0.447799807,-0.463039761,0.835164767,1
Stock,JEC,1,0.338012608,-0.423193567,0.732686442,1
Stock,JPM,1,0.427846039,-0.299754976,0.602254205,1
Stock,JNPR,1,0.321370755,-0.286553157,0.47746596,1
Stock,K,1,0.339351197,-0.501304458,0.790700664,1
Stock,LRCX,1,0.180426321,-0.548263408,0.782658918,1
Stock,LW,1,0.024179555,-1.160461777,0.306387579,1
Stock,LEG,1,0.338227875,-0.552676029,0.773019829,1
Stock,LEN,1,0.362059994,-0.354507045,0.662592177,1
Stock,LNC,1,0.304118904,-0.470053555,0.251048715,1
Stock,MDT,1,0.31423055,-0.639271446,0.960149004,1
Stock,MRK,1,0.370292151,-0.504611725,0.857624156,1
Stock,MET,1,0.415415759,-0.244846395,0.507075411,1
Stock,MU,1,0.022381806,-0.513986931,0.667181727,1
Stock,MAA,1,0.341627915,-0.614520695,0.927282722,1
Stock,TAP,1,0.34547987,-0.396036321,0.684348706,1
Stock,MDLZ,1,0.541245078,-0.029921597,0.370131711,1
Stock,MNST,1,0.273850247,-0.35124682,0.659942332,1
Stock,NWSA,1,0.332466642,-0.112629341,0.325735553,1
Stock,NVDA,1,0.089792476,-0.423326167,0.601420237,1
Stock,ORCL,1,0.362838358,-0.433337911,0.720953985,1
Stock,PYPL,1,0.063921662,-1.008041595,0.10047342,1
Stock,PNR,1,0.514276924,-0.067100358,0.36813865,1
Stock,PBCT,1,0.344323182,-0.614659615,0.945189604,1
Stock,PFE,1,0.537216075,-0.14712602,0.488247912,1
Stock,PNW,1,0.484547103,-0.451597662,0.848579346,1
Stock,PPG,1,0.588491377,0.040483244,0.263925848,1
Stock,PFG,1,0.26514138,-0.586971796,0.816585009,1
Stock,PLD,1,0.411590958,-0.468586681,0.809635077,1
Stock,PWR,1,0.291454411,-0.431767392,0.61594508,1
Stock,RJF,1,0.459630409,-0.185422204,0.294040304,1
Stock,REG,1,0.560453104,-0.185864891,0.554419714,1
Stock,RCL,1,0.291925595,-0.364390648,0.365872147,1
Stock,CRM,1,0.132984272,-0.891232602,-0.111066709,1
Stock,LUV,1,0.199279709,-0.621549928,0.859138651,1
Stock,TTWO,1,0.159920094,-0.506659746,0.746694898,1
Stock,TPR,1,0.250400498,-0.419124427,0.593904655,1
Stock,TEL,1,0.383129708,-0.431325422,0.729498213,1
Stock,FTI,1,0.361170031,-0.183818072,0.457505211,1
Stock,MOS,1,0.130779987,-0.602678258,0.793737753,1
Stock,DIS,1,0.414807743,-0.405533304,0.737712523,1
Stock,TIF,1,0.216837694,-0.629534517,0.892169288,1
Stock,TMUS,1,0.326759275,-0.381650607,0.659030203,1
Stock,USB,1,0.325907596,-0.641647579,0.964705306,1
Stock,UDR,1,0.360467686,-0.608688881,0.946141604,1
Stock,UPS,1,0.328473342,-0.59247012,0.901596186,1
Stock,UHS,1,0.464329465,-0.073135348,0.358969995,1
Stock,VIAB,1,0.276350453,-0.275039789,0.44427815,1
Stock,WAB,1,0.388775868,-0.229814207,0.499983879,1
Stock,WRK,1,0.428103298,-0.050810583,0.224892818,1
Stock,WMB,1,-0.027768579,-0.742701687,-0.171376081,1
Crypto,USDT,2,0.654265381,1.41002382,-0.152783956,1
Stock,AMG,2,0.722934525,1.136850755,0.908535934,1
Stock,AFL,2,0.873673788,0.916081941,0.730666154,1
Stock,APD,2,0.782743083,0.537667853,0.165718941,1
Stock,GOOGL,2,0.805666311,1.233331919,0.844553982,1
Stock,AMZN,2,0.662705482,1.207069395,0.937657988,1
Stock,AEE,2,0.93889072,1.135542116,0.940303411,1
Stock,AEP,2,0.891074061,0.795408335,0.570609098,1
Stock,AMT,2,0.827770339,0.598318218,0.257951492,1
Stock,AZO,2,0.823240008,1.072769135,0.906053517,1
Stock,BAX,2,0.748670291,0.463231104,0.251900079,1
Stock,BA,2,0.791147641,1.152452753,0.924766666,1
Stock,BKNG,2,0.685970373,0.87377114,0.693668143,1
Stock,BXP,2,0.888810537,1.056524314,0.860020893,1
Stock,COF,2,0.729254441,0.591195145,0.36875892,1
Stock,CAH,2,0.68978904,0.720384979,0.581984123,1
Stock,CAT,2,0.694658124,0.683480684,0.445085873,1
Stock,CERN,2,0.789146035,1.104244463,0.895789433,1
Stock,CHTR,2,0.730085186,0.98766953,0.730944361,1
Stock,CMG,2,0.628876522,0.978757048,0.73422188,1
Stock,CI,2,0.710544253,0.599853985,0.375866082,1
Stock,CTXS,2,0.658579137,0.449155856,0.242786087,1
Stock,CXO,2,0.567801058,0.706169124,0.143759264,1
Stock,COST,2,0.833885216,1.0912422,0.920968607,1
Stock,CCI,2,0.924410883,0.990645644,-0.213435709,1
Stock,DVA,2,0.660656858,0.632115528,0.435864417,1
Stock,FANG,2,0.599924539,0.641175994,0.358642062,1
Stock,DISH,2,0.591140562,0.631744074,0.393425748,1
Stock,DD,2,0.672913308,0.478156315,0.228616421,1
Stock,EOG,2,0.650955174,0.566255186,0.102383012,1
Stock,ESS,2,0.859134262,0.754909478,0.508866614,1
Stock,FDX,2,0.797897414,1.093564123,0.88851432,1
Stock,FRC,2,0.761087077,0.685043083,0.362185794,1
Stock,FTNT,2,0.574161786,0.563100763,0.353230912,1
Stock,BEN,2,0.729305359,0.602547494,0.363751637,1
Stock,GPS,2,0.560567929,0.845656196,0.678973048,1
Stock,GRMN,2,0.795676843,0.757470194,-0.200906514,1
Stock,GIS,2,0.838041927,1.174121364,0.98810458,1
Stock,GPC,2,0.850824905,0.883834665,0.683682204,1
Stock,GS,2,0.766320929,0.733364349,0.488032485,1
Stock,HAL,2,0.683669466,0.799886636,0.537911583,1
Stock,HOG,2,0.716801387,1.055961382,0.838865027,1
Stock,HLT,2,0.808883001,1.01264647,0.778439004,1
Stock,HD,2,0.808363843,0.657642954,0.279640433,1
Stock,HUM,2,0.724659049,1.161220923,0.910892151,1
Stock,HII,2,0.772125595,1.170853871,0.949544897,1
Stock,IBM,2,0.76772817,0.757578069,0.554030339,1
Stock,IFF,2,0.805533222,1.047155897,0.901598803,1
Stock,JBHT,2,0.851272729,0.929298295,0.673371776,1
Stock,KEYS,2,0.669023426,0.609019942,0.302581483,1
Stock,KMI,2,0.613596301,0.610760803,0.349994493,1
Stock,KLAC,2,0.622743325,0.755819231,0.557098664,1
Stock,KSS,2,0.545420518,0.649762275,0.490092063,1
Stock,KHC,2,0.613354231,0.35037344,0.31132408,1
Stock,LB,2,0.494228901,0.562566945,0.444806402,1
Stock,LH,2,0.816486154,1.015792936,0.851091136,1
Stock,LIN,2,0.865564946,0.974432591,0.742447033,1
Stock,MTB,2,0.732380983,0.471131149,0.094999486,1
Stock,MRO,2,0.410290864,0.556926802,0.279431106,1
Stock,MPC,2,0.663090007,0.928342628,0.670947207,1
Stock,MA,2,0.735045154,0.766445689,0.514602925,1
Stock,MTD,2,0.829422652,1.170902809,0.946016986,1
Stock,MSI,2,0.769274947,0.632881554,0.36580675,1
Stock,MSCI,2,0.747831194,0.559107307,0.299665849,1
Stock,NTAP,2,0.621660869,0.653826329,0.449663851,1
Stock,NEE,2,0.930242194,1.250113518,1.031237538,1
Stock,NKE,2,0.774103146,0.741704848,0.4557074,1
Stock,JWN,2,0.555212448,0.692569361,0.493817635,1
Stock,NSC,2,0.757943571,0.970539825,0.729642479,1
Stock,NVR,2,0.845917706,1.52295243,1.142230088,1
Stock,OMC,2,0.822301939,0.688483397,0.45890452,1
Stock,PEP,2,0.956479957,1.256934892,1.045236427,1
Stock,PRGO,2,0.471815599,0.338408916,0.265910779,1
Stock,PM,2,0.811149023,0.875694066,0.697771411,1
Stock,PG,2,0.855940991,0.695996822,0.446409752,1
Stock,PSA,2,0.877650286,0.963831136,0.77223856,1
Stock,PVH,2,0.672946798,0.798046517,-0.116714382,1
Stock,QCOM,2,0.588739874,0.586024996,0.308022813,1
Stock,DGX,2,0.738880362,0.562600079,0.339813806,1
Stock,RL,2,0.593320934,0.432848439,0.296158767,1
Stock,REGN,2,0.711666934,1.039337401,0.71117167,1
Stock,RSG,2,0.929628291,1.002560702,0.830108408,1
Stock,ROK,2,0.759411402,0.798122682,0.542228966,1
Stock,ROP,2,0.854445886,1.124971825,0.928970727,1
Stock,SRE,2,0.884932825,0.933886746,0.713710105,1
Stock,TGT,2,0.719583716,0.909842657,0.69393518,1
Stock,TFX,2,0.804063305,1.053738399,0.853056057,1
Stock,CLX,2,0.835910794,0.878747586,0.689808124,1
Stock,TRV,2,0.902257904,1.180700239,0.997734553,1
Stock,TDG,2,0.65370464,0.455162201,0.283253802,1
Stock,ULTA,2,0.604032295,0.531782487,0.301346361,1
Stock,UNP,2,0.794395535,1.130577335,0.904214065,1
Stock,VFC,2,0.743577439,0.777520013,0.592015837,1
Stock,V,2,0.784622699,0.859691454,0.616270561,1
Stock,WMT,2,0.789844074,0.611570722,0.371664779,1
Stock,WDC,2,0.500660413,0.544355885,0.221399661,1
Stock,WY,2,0.739100135,0.467608657,0.257249751,1
Stock,WHR,2,0.688936073,1.060579317,0.879086696,1
Stock,WLTW,2,0.831916433,1.139892644,0.962420401,1
Stock,XLNX,2,0.568005955,0.413339294,0.244034794,1
Stock,ATVI,3,-0.127685229,-1.096370915,1.240931944,1
Stock,AMD,3,-0.652850568,-1.259106761,1.16266755,1
Stock,AES,3,-0.046790126,-1.176058064,1.356237886,1
Stock,AKAM,3,0.047762775,-0.815175138,1.020696206,1
Stock,ALLE,3,0.162689475,-0.892440861,1.171781697,1
Stock,LNT,3,0.204029953,-0.975953331,1.296998742,1
Stock,MO,3,-0.155602626,-1.508452937,1.041798496,1
Stock,AMCR,3,-0.906331087,-1.968372265,1.379818545,1
Stock,AWK,3,0.176706701,-1.016113453,1.323552017,1
Stock,APH,3,0.124581509,-0.986854852,1.236198542,1
Stock,AON,3,0.229625119,-0.835872655,1.143355798,1
Stock,AMAT,3,-0.124856137,-1.125969719,1.258338128,1
Stock,AJG,3,0.185294736,-0.986311367,1.303437842,1
Stock,T,3,0.098401755,-1.064789857,1.299722896,1
Stock,ATO,3,0.313237469,-0.756287952,1.115938604,1
Stock,ADSK,3,-0.249033827,-1.262132235,1.346731618,1
Stock,AVY,3,0.170010416,-0.869440412,1.184055339,1
Stock,BAC,3,0.082580984,-0.910466039,1.137230054,1
Stock,BBT,3,0.237227725,-0.774308902,1.070333413,1
Stock,BBY,3,-0.001232281,-0.79917428,0.945752633,1
Stock,HRB,3,-0.173615758,-1.234322256,1.321683956,1
Stock,BWA,3,-0.273050487,-1.418878289,1.4198492,1
Stock,BSX,3,-0.031802415,-1.109202516,1.321098571,1
Stock,BR,3,0.060889396,-1.086519076,1.312239751,1
Stock,BF-B,3,0.175010669,-0.913452561,1.210866285,1
Stock,CBRE,3,0.191117472,-0.69899678,0.95433065,1
Stock,CNC,3,-0.064371965,-0.982772482,1.096604988,1
Stock,CVX,3,0.18158778,-0.781651557,1.042288367,1
Stock,CB,3,0.10596315,-1.114550776,1.37814574,1
Stock,CHD,3,0.165013298,-0.977385893,1.271844978,1
Stock,CSCO,3,-0.055339111,-1.192119501,1.3540432,1
Stock,KO,3,0.358036518,-0.710059025,1.078384546,1
Stock,CMCSA,3,0.267988086,-0.704381614,1.014508359,1
Stock,CPRT,3,-0.007272187,-1.153042145,1.363781801,1
Stock,GLW,3,0.092631151,-0.877141663,1.096932331,1
Stock,COTY,3,-0.296190698,-1.1989394,1.279518626,1
Stock,DHI,3,0.053706642,-1.111782041,0.502145927,1
Stock,DRI,3,0.270255917,-0.652602084,0.992709177,1
Stock,DAL,3,0.052699892,-0.89505008,1.103826923,1
Stock,DRE,3,0.124672566,-1.03508828,1.305104447,1
Stock,DXC,3,0.023554506,-0.825985101,0.955008126,1
Stock,EBAY,3,0.046373391,-0.953467672,1.174755065,1
Stock,EIX,3,0.129906459,-0.941362575,1.178083415,1
Stock,EA,3,-0.064325764,-1.01144966,1.231855701,1
Stock,EQR,3,0.048663118,-1.184280936,1.390228496,1
Stock,EL,3,0.130002282,-0.877173175,1.166599643,1
Stock,EVRG,3,0.100818613,-1.10816601,1.360425135,1
Stock,EXC,3,0.291094006,-0.733353622,1.068981861,1
Stock,EXPD,3,0.225561695,-0.750415891,1.039828665,1
Stock,FAST,3,0.007106129,-1.070888424,1.274873481,1
Stock,FITB,3,0.024285571,-1.027546994,1.217041873,1
Stock,FE,3,0.310826045,-0.663040237,1.010588968,1
Stock,FLIR,3,0.146379262,-0.839368494,1.141877809,1
Stock,FLS,3,0.142017677,-0.742393088,0.966114181,1
Stock,GE,3,-0.088388559,-1.056509856,1.183837249,1
Stock,GL,3,0.220988755,-0.856251188,1.157100378,1
Stock,HCA,3,0.049211724,-0.947963341,1.172588864,1
Stock,HCP,3,0.169573655,-0.847457652,1.080112909,1
Stock,HPE,3,-0.086257497,-0.972939783,0.938168897,1
Stock,HON,3,0.283164865,-0.734303037,1.066306826,1
Stock,HRL,3,0.077382633,-1.075856734,1.319451659,1
Stock,HBAN,3,-0.152744469,-1.523588227,0.687617367,1
Stock,IEX,3,0.295415883,-0.715407921,1.07974835,1
Stock,INFO,3,0.012211803,-1.10888807,1.290612861,1
Stock,INCY,3,-0.055883902,-0.749184733,0.861365765,1
Stock,INTC,3,0.095291541,-0.882178202,1.126160313,1
Stock,IVZ,3,-0.101091988,-1.228256676,1.340354838,1
Stock,JCI,3,0.257170072,-0.704691705,1.019199886,1
Stock,KEY,3,0.117623277,-0.876684467,1.122644444,1
Stock,KIM,3,0.086070362,-1.030249811,1.289863929,1
Stock,LKQ,3,0.026693066,-1.040239963,1.219278248,1
Stock,L,3,0.082186724,-1.1206753,1.361523858,1
Stock,MAC,3,0.138547872,-0.847858238,1.102639744,1
Stock,MAR,3,0.013383872,-1.091273315,1.288670445,1
Stock,MMC,3,0.290794999,-0.762232355,1.10538764,1
Stock,MAS,3,-0.056023511,-1.167382241,1.34729245,1
Stock,MXIM,3,-0.091299589,-1.136052992,1.27885393,1
Stock,MGM,3,0.002732155,-0.901233702,1.087630293,1
Stock,MCHP,3,-0.156181702,-1.235731398,1.326407182,1
Stock,MS,3,0.033655455,-1.008608717,1.224117307,1
Stock,MYL,3,0.046934804,-0.679396472,0.849002436,1
Stock,NDAQ,3,-0.215958399,-1.706685842,0.705150623,1
Stock,NWL,3,-0.187135437,-1.142168009,1.160548835,1
Stock,NI,3,-0.018729148,-1.255730951,1.433968344,1
Stock,NTRS,3,0.208332706,-0.702839472,0.940506473,1
Stock,NCLH,3,-0.088619748,-1.202682722,0.845369335,1
Stock,OKE,3,-0.129647245,-1.003713129,1.091670533,1
Stock,PAYX,3,0.3147244,-0.679543232,1.009945146,1
Stock,PKI,3,0.191526413,-0.781337491,1.047521129,1
Stock,PPL,3,0.229180338,-0.908809971,1.235847047,1
Stock,PGR,3,0.182960865,-0.934898259,1.250352333,1
Stock,PEG,3,0.337795,-0.676122864,1.028769283,1
Stock,PHM,3,-0.073162565,-1.173201844,1.33213917,1
Stock,O,3,0.160481583,-0.976505796,1.258531924,1
Stock,RF,3,-0.169740223,-1.529788938,0.585388815,1
Stock,RHI,3,0.142187685,-0.760232718,0.954017598,1
Stock,ROL,3,-0.007699012,-1.201163473,1.381981626,1
Stock,ROST,3,-0.031034578,-1.124746657,1.319696781,1
Stock,SBAC,3,0.217843437,-0.725340116,0.99619885,1
Stock,SPG,3,0.231728661,-0.857494624,1.180893006,1
Stock,SWKS,3,-0.02946103,-0.823381275,0.977314201,1
Stock,SLG,3,0.292927812,-0.71229317,1.044456533,1
Stock,SO,3,0.266530523,-0.896209466,1.251952698,1
Stock,SBUX,3,0.2196809,-0.808115026,1.120502447,1
Stock,STI,3,0.064228386,-0.988712301,1.220485068,1
Stock,SYY,3,0.179285123,-0.913580331,1.220245306,1
Stock,TXN,3,-0.018317172,-1.091264774,1.278510812,1
Stock,TXT,3,0.171300316,-0.751722704,0.986854789,1
Stock,HSY,3,0.264139447,-0.785318855,1.136698729,1
Stock,TJX,3,0.294634813,-0.681152981,1.035035406,1
Stock,TRIP,3,-0.16319073,-0.862609066,0.961510114,1
Stock,UAL,3,0.060056831,-0.715157285,0.894609313,1
Stock,UNM,3,0.098094285,-0.885396242,1.073245803,1
Stock,VRSK,3,0.218739162,-0.819182709,1.1221622,1
Stock,VZ,3,0.25122113,-0.831251962,1.172413319,1
Stock,VNO,3,0.320237851,-0.726941125,1.091405785,1
Stock,WM,3,0.310848184,-0.768957643,1.141114832,1
Stock,WEC,3,0.182340985,-1.007249276,1.306155936,1
Stock,WFC,3,0.111742063,-1.011019553,1.275567545,1
Stock,WU,3,0.233744821,-0.774807705,1.093667412,1
Stock,XEL,3,0.253135882,-0.916121752,1.269827464,1
Stock,XYL,3,0.255823529,-0.706081886,1.025043222,1
Stock,ZION,3,0.119192156,-0.863269135,1.108466191,1
Commodity,CKEL_,4,0.666531323,-0.092219963,-1.490729154,1
Commodity,DIEIN,4,0.565722699,-0.12155032,-1.55004782,1
Commodity,EUCRB,4,0.574282774,-0.092348452,-1.535431076,1
Commodity,LMAHD,4,0.866634956,0.04828681,-1.295195411,1
Commodity,LMCAD,4,0.794509753,0.056745413,-1.086087025,1
Commodity,MLCXC,4,0.743859984,-0.070396113,-1.579945378,1
Commodity,NGUSH,4,-0.019154019,-0.093254448,-1.119169211,1
Commodity,RBOB8,4,0.527481574,-0.079575942,-1.544064509,1
Commodity,SOYBC,4,0.778892002,-0.059730219,-1.414124246,1
Commodity,SPGSL,4,0.859956428,-0.036651416,-1.543117284,1
Commodity,USCRW,4,0.529501461,-0.106245623,-1.541559351,1
Commodity,WEATT,4,0.715533697,0.12236162,-0.916439592,1
Commodity,XAG_C,4,0.711579837,-0.098695117,-1.532131061,1
Commodity,XAU_C,4,0.877018424,-0.024509266,-1.505820409,1
Commodity,ZSDY_,4,0.807430734,0.017376532,-1.369486747,1
Crypto,BTC,4,-0.145938134,-0.290902695,-1.51423143,1
Exchange rate,AUD,4,0.958177612,-0.027547142,-1.559635519,1
Exchange rate,CHF,4,0.764984381,-0.437186743,-1.140542272,1
Exchange rate,CNY,4,0.851763673,0.019586782,-1.092186482,1
Exchange rate,DKK,4,0.941767747,-0.043145062,-1.560494318,1
Exchange rate,EUR,4,0.943523023,-0.035035909,-1.56106994,1
Exchange rate,GBP,4,0.912637766,-0.07091063,-1.38856295,1
Exchange rate,HKD,4,0.818904972,-0.039149056,-1.115831248,1
Exchange rate,INR,4,0.941615182,-0.049029028,-1.585813854,1
Exchange rate,JPY,4,0.900316248,-0.067973962,-1.529536638,1
Exchange rate,NOK,4,0.933987504,0.068912045,-1.176901239,1
Exchange rate,NZD,4,0.960616103,-0.024526751,-1.574461646,1
Stock,MMM,4,0.705940739,-0.192557196,-1.61837378,1
Stock,ABBV,4,0.603304229,0.111048419,-0.898744089,1
Stock,ACN,4,0.732371698,-0.045106927,-1.265058202,1
Stock,ADBE,4,0.641562958,-0.000740422,-1.23583942,1
Stock,ALB,4,0.555655669,-0.137852927,-1.399516122,1
Stock,ARE,4,0.791366129,-0.069917427,-1.422414887,1
Stock,ALXN,4,0.530605737,-0.119912929,-1.543275181,1
Stock,ADS,4,0.625326311,0.000551027,-1.520625672,1
Stock,ALL,4,0.756323191,-0.136293521,-1.572350402,1
Stock,AXP,4,0.709448642,-0.119827845,-1.488756315,1
Stock,AMP,4,0.646337323,-0.033589818,-1.114866476,1
Stock,AME,4,0.76898019,-0.013063668,-1.227730101,1
Stock,ADI,4,0.458771958,-0.478890127,-1.05053825,1
Stock,ANSS,4,0.71280127,-0.098344412,-1.518721966,1
Stock,ANTM,4,0.670883424,-0.087426133,-1.278669333,1
Stock,AIV,4,0.813612598,0.02737776,-1.326673158,1
Stock,AAPL,4,0.691183811,0.153205098,-1.22378999,1
Stock,APTV,4,0.621301088,-0.118450379,-1.520518193,1
Stock,ARNC,4,0.375772881,-0.356961851,-1.40671178,1
Stock,ANET,4,0.423948219,0.087154693,-1.547271238,1
Stock,BLL,4,0.784907363,0.016085831,-1.537894222,1
Stock,BLK,4,0.745067771,0.135605714,-1.190691439,1
Stock,BMY,4,0.626890168,-0.152586828,-1.445819351,1
Stock,AVGO,4,0.584468987,-0.040504182,-1.333139267,1
Stock,KMX,4,0.656987439,0.104449679,-0.967861169,1
Stock,CELG,4,0.548853068,-0.156279618,-1.301892821,1
Stock,CTL,4,0.533745565,-0.107944057,-1.384298903,1
Stock,XEC,4,0.58156444,-0.030915013,-1.465308739,1
Stock,CINF,4,0.797634549,0.137597831,-0.907193468,1
Stock,C,4,0.664722465,-0.068000375,-1.384308389,1
Stock,CL,4,0.778814039,-0.024869316,-1.256013957,1
Stock,CMA,4,0.647358107,-0.077399501,-1.298356165,1
Stock,COP,4,0.616095705,-0.099324516,-1.53449891,1
Stock,ED,4,0.84536763,-0.044406073,-1.380413265,1
Stock,CMI,4,0.688152977,-0.141705406,-1.599134649,1
Stock,CVS,4,0.67521838,-0.153632662,-1.570365309,1
Stock,DHR,4,0.793658105,-0.0473938,-1.514229573,1
Stock,DE,4,0.599836188,-0.179217794,-1.234125321,1
Stock,DVN,4,0.459503427,-0.098325229,-1.519713003,1
Stock,DISCA,4,0.563492649,0.082757136,-1.259874434,1
Stock,DOV,4,0.686512135,-0.123227728,-1.444262125,1
Stock,DTE,4,0.874530253,0.135435054,-1.37890376,1
Stock,ETFC,4,0.489249585,-0.398423356,-1.282063844,1
Stock,EMN,4,0.70613358,-0.093466827,-1.541141113,1
Stock,ECL,4,0.785814685,0.072749465,-1.318220336,1
Stock,EMR,4,0.656873497,-0.22213356,-1.260876174,1
Stock,ETR,4,0.825372407,-0.078413121,-1.566981312,1
Stock,EQIX,4,0.734732502,-0.030451821,-1.448951127,1
Stock,XOM,4,0.708640911,-0.100525301,-1.14004861,1
Stock,FFIV,4,0.652646719,-0.058992876,-1.49812788,1
Stock,FLT,4,0.636869135,0.005086688,-1.247402008,1
Stock,FCX,4,0.237165328,-0.120867481,-1.554668115,1
Stock,IT,4,0.669837693,-0.082657046,-0.898804945,1
Stock,GD,4,0.655726429,-0.336862643,-1.262201967,1
Stock,GWW,4,0.689670729,-0.021809225,-1.492488488,1
Stock,HIG,4,0.761858907,0.014209284,-1.10631995,1
Stock,HP,4,0.52825008,-0.149509208,-1.490170125,1
Stock,HSIC,4,0.728540028,-0.089197146,-1.542219632,1
Stock,HES,4,0.549022843,-0.03059363,-1.359434643,1
Stock,HFC,4,0.439371157,-0.376936389,-1.309964874,1
Stock,ILMN,4,0.420215707,-0.34432899,-1.608075084,1
Stock,ICE,4,0.75235981,0.011341484,-1.162034258,1
Stock,SJM,4,0.712880133,-0.088309366,-1.370458936,1
Stock,JNJ,4,0.791535807,-0.112504686,-1.49932733,1
Stock,KSU,4,0.632191848,-0.231851312,-1.552045508,1
Stock,KMB,4,0.784218965,-0.04390964,-1.354057257,1
Stock,LLY,4,0.692958455,-0.11377203,-1.505056857,1
Stock,LMT,4,0.694518844,-0.264483032,-1.4183303,1
Stock,MKTX,4,0.718485595,0.08431544,-1.260267543,1
Stock,MLM,4,0.677404219,0.011148241,-1.374606011,1
Stock,MKC,4,0.809913731,0.006714502,-1.554719547,1
Stock,MSFT,4,0.643226203,-0.051494642,-1.061155947,1
Stock,MCO,4,0.715069555,0.053876337,-1.236106,1
Stock,NFLX,4,0.441406388,-0.079078546,-1.403629625,1
Stock,NEM,4,0.517446136,-0.074781675,-1.573976618,1
Stock,NLSN,4,0.667599704,-0.067760203,-1.477439639,1
Stock,NBL,4,0.521670389,-0.146460418,-1.527433812,1
Stock,NOC,4,0.743998189,0.021090301,-1.494406958,1
Stock,NRG,4,0.48187422,-0.044372853,-1.368649617,1
Stock,NUE,4,0.7259891,-0.074868742,-1.61353962,1
Stock,OXY,4,0.696649089,-0.027421065,-1.478960609,1
Stock,ORLY,4,0.638435156,-0.233109657,-1.532170136,1
Stock,PH,4,0.722914454,0.045430031,-1.262009127,1
Stock,PSX,4,0.685685222,-0.11624923,-1.559021199,1
Stock,PXD,4,0.641611124,0.170258202,-1.369856463,1
Stock,PNC,4,0.735431357,0.008847322,-1.206053607,1
Stock,PRU,4,0.649229122,-0.069311413,-1.222510428,1
Stock,QRVO,4,0.462758644,-0.150175577,-1.597535481,1
Stock,RTN,4,0.748033357,-0.033792545,-1.445143261,1
Stock,SLB,4,0.532713083,-0.467490123,-1.094986608,1
Stock,STX,4,0.436856473,-0.113034348,-1.533193981,1
Stock,SEE,4,0.59275238,-0.311808326,-1.240880414,1
Stock,SNA,4,0.7705211,0.088446339,-1.530705704,1
Stock,SIVB,4,0.529796445,0.02049188,-1.05534657,1
Stock,SYF,4,0.626709497,-0.161864082,-1.392159859,1
Stock,TROW,4,0.728945856,-0.075071344,-1.512061354,1
Stock,TSN,4,0.602933441,-0.132606083,-1.025901691,1
Stock,UNH,4,0.719125111,-0.105585982,-1.531396109,1
Stock,URI,4,0.401224921,-0.312424838,-1.397020332,1
Stock,UTX,4,0.737439315,-0.095899993,-1.43176055,1
Stock,VLO,4,0.504507032,-0.406510199,-1.354906556,1
Stock,VRSN,4,0.668010978,-0.019949837,-1.05761198,1
Stock,WAT,4,0.657236538,-0.067198218,-0.988010094,1
Stock,WCG,4,0.552757756,-0.202998039,-1.377424014,1
Stock,WELL,4,0.739642757,-0.06328914,-1.407240045,1
Stock,WYNN,4,0.419639465,-0.13969739,-1.587233298,1
Stock,YUM,4,0.550260939,-0.35463798,-1.130065467,1
Commodity,COTNM,8,0.752577883,0.152399414,-0.638346203,1
Commodity,HOGSN,8,0.707193769,0.181721903,-0.563667349,1
Commodity,MCXTI,8,0.677300958,0.01632053,-0.798932278,1
Commodity,XPT_C,8,0.85133958,0.15121301,-0.800563135,1
Exchange rate,CAD,8,0.971409788,0.194779183,-0.653734156,1
Exchange rate,SEK,8,0.942103052,0.169062344,-0.758794427,1
Stock,AAP,8,0.283370244,-0.602179905,-0.192635957,1
Stock,ALK,8,0.340152465,-0.565121445,-0.230704201,1
Stock,AGN,8,0.668478429,0.298682272,-0.83091018,1
Stock,GOOG,8,0.785951386,0.094107943,-0.311975803,1
Stock,AMGN,8,0.683945188,0.384574338,-0.036780888,1
Stock,APA,8,0.31019223,-0.361138811,-0.457035804,1
Stock,AIZ,8,0.607557288,-0.063344573,-0.185559425,1
Stock,BHGE,8,0.490152858,-0.004957667,-0.364928041,1
Stock,BDX,8,0.765240897,0.316226419,-0.167879019,1
Stock,BIIB,8,0.624472621,0.696381775,-0.195797693,1
Stock,CHRW,8,0.671547247,0.104448762,-0.444385683,1
Stock,COG,8,0.418580173,0.008071991,0.093636967,1
Stock,CDNS,8,0.646426123,0.130798796,-0.390270103,1
Stock,CPRI,8,0.475557871,0.018948333,-0.694384363,1
Stock,CBS,8,0.742589538,0.2091312,-0.562004988,1
Stock,CTAS,8,0.442563671,-0.532925637,-0.178245036,1
Stock,CTSH,8,0.617046013,-0.005985599,-0.748032309,1
Stock,STZ,8,0.625172424,-0.063183125,-0.750370047,1
Stock,XRAY,8,0.650363434,0.157401694,0.122537998,1
Stock,DISCK,8,0.492497528,-0.035043292,-0.046416024,1
Stock,DG,8,0.722081497,0.433045507,-0.497574932,1
Stock,DUK,8,0.824374658,0.086391794,-0.806018848,1
Stock,ETN,8,0.716157103,0.134810093,-0.678043793,1
Stock,RE,8,0.661994536,0.124379794,0.287520686,1
Stock,EXPE,8,0.637578014,0.208469497,-0.703782483,1
Stock,FB,8,0.464423048,-0.030146524,0.046456957,1
Stock,FMC,8,0.652127944,0.267049525,-0.441676569,1
Stock,FBHS,8,0.568217162,-0.234659227,-0.594934701,1
Stock,GM,8,0.610331435,0.038804013,-0.568610341,1
Stock,GILD,8,0.596190485,-0.03891172,-0.781760886,1
Stock,HBI,8,0.534464633,-0.005195066,-0.729381158,1
Stock,HAS,8,0.645299016,0.156480173,-0.668253456,1
Stock,IR,8,0.651951794,-0.051647556,-0.553094988,1
Stock,IPG,8,0.402888621,-0.605985839,-0.139409044,1
Stock,IPGP,8,0.455202651,0.058519268,-0.299685758,1
Stock,IRM,8,0.706269391,0.148251685,-0.701285033,1
Stock,KR,8,0.548965068,-0.055933549,-0.488331117,1
Stock,LDOS,8,0.5693925,0.118132228,0.081104602,1
Stock,LOW,8,0.700807443,0.182060488,-0.402913305,1
Stock,LYB,8,0.515800895,0.031026151,-0.06529189,1
Stock,M,8,0.492616337,0.193433187,-0.606286043,1
Stock,MCD,8,0.532888894,-0.49025922,-0.174814941,1
Stock,MCK,8,0.507689553,0.029448338,0.19486094,1
Stock,MHK,8,0.563516225,-0.022069973,-0.376250762,1
Stock,NOV,8,0.494354281,0.049830168,-0.355757669,1
Stock,NKTR,8,0.118789712,-0.076500703,-0.219617828,1
Stock,NWS,8,0.71868759,0.284205039,-0.340575898,1
Stock,PCAR,8,0.702281756,0.08530769,-0.833418372,1
Stock,PKG,8,0.627701393,0.088292512,-0.419182655,1
Stock,RMD,8,0.422194024,-0.476959654,-0.315428338,1
Stock,SPGI,8,0.616498371,0.112223837,0.230129496,1
Stock,SHW,8,0.716362165,0.284050352,-0.251241516,1
Stock,SWK,8,0.689293874,0.430803754,0.070806152,1
Stock,STT,8,0.579111368,-0.059557756,-0.583628945,1
Stock,SYK,8,0.790487315,0.483005493,-0.002212952,1
Stock,SYMC,8,0.199291216,-0.709638302,-0.248305532,1
Stock,SNPS,8,0.68952608,0.321268684,0.057644071,1
Stock,BK,8,0.639899272,-0.078396919,-0.63411618,1
Stock,COO,8,0.627040005,0.065862422,-0.208471421,1
Stock,TMO,8,0.66636555,0.10725035,-0.186302979,1
Stock,TSCO,8,0.677881878,0.092250937,-0.676978688,1
Stock,TWTR,8,0.17514154,0.094821947,-0.326549702,1
Stock,VAR,8,0.685079161,0.142333135,-0.40375337,1
Stock,VTR,8,0.519009938,-0.365261874,-0.438539444,1
Stock,VRTX,8,0.586141644,0.291338882,-0.641227538,1
Stock,WBA,8,0.592326565,-0.061332554,-0.719717702,1
Stock,XRX,8,0.386686207,-0.445094651,-0.353853245,1
Stock,ZTS,8,0.644165918,0.03969026,-0.528265302,1
Crypto,AEON,5,-1.889791928,-0.154849947,-1.572850789,2
Crypto,AE,5,-2.206558684,-0.600748156,-0.920866768,2
Crypto,DLT,5,-1.509793161,-0.015658204,-1.520684213,2
Crypto,ARDR,5,-1.325036759,-0.71676582,-1.343385925,2
Crypto,ARK,5,-1.223847707,-0.015032099,-1.579135353,2
Crypto,XAS,5,-2.324414547,-0.355484264,-1.580743504,2
Crypto,BAT,5,-1.127796255,-0.327557199,-1.598523093,2
Crypto,BNB,5,-1.347110287,-0.246719523,-1.360367836,2
Crypto,BITCN,5,-1.288504765,-0.46158062,-1.007507606,2
Crypto,BTS,5,-1.047842443,-0.156100779,-0.864464145,2
Crypto,BLK,5,-1.337501109,0.099261404,-1.386738699,2
Crypto,BLOCK,5,-1.926595623,-0.003473602,-1.085418232,2
Crypto,BBR,5,-1.926603746,0.833086058,-1.097816289,2
Crypto,CLAM,5,-1.644037527,0.142077615,-1.070482643,2
Crypto,DASH,5,-0.830738114,0.261394097,-1.160533967,2
Crypto,DCN,5,-2.250330441,0.101647727,-1.323594657,2
Crypto,DGD,5,-1.319332603,-0.74104664,-1.215818726,2
Crypto,DNT,5,-2.014450838,-1.087476414,-1.437516543,2
Crypto,DOGE,5,-0.787371071,0.079364672,-1.299712598,2
Crypto,EMC,5,-2.23377862,-0.190224779,-1.221386853,2
Crypto,FTC,5,-1.629934431,-0.013679512,-1.057712398,2
Crypto,1ST,5,-1.579024953,0.178829384,-1.400426704,2
Crypto,FLO,5,-1.852368684,-0.084296578,-1.46106694,2
Crypto,KNC,5,-0.838953161,-0.002593091,-1.469692406,2
Crypto,LBC,5,-1.741337175,0.044235322,-1.497135651,2
Crypto,LTC,5,-0.588978012,-0.197914135,-1.490380692,2
Crypto,LRC,5,-1.490804029,-0.073115204,-1.37954023,2
Crypto,ETP,5,-2.337065155,0.657317462,-1.037677804,2
Crypto,MONA,5,-1.47815082,-0.151743847,-0.417047801,2
Crypto,XMR,5,-0.766669071,-0.072593877,-1.479334904,2
Crypto,NMC,5,-1.383424654,-0.455369219,-1.204083863,2
Crypto,NEBL,5,-1.23834614,1.024104561,-1.435840207,2
Crypto,NEO,5,-1.429253494,0.792846229,-1.074254149,2
Crypto,NXT,5,-0.948221102,-0.051607606,-1.332895436,2
Crypto,PPC,5,-0.792421292,-0.243739759,-1.447587588,2
Crypto,PPY,5,-2.5185293,0.855132695,-0.831736916,2
Crypto,PEPEC,5,-2.227752554,-0.111591588,-1.608117982,2
Crypto,PLR,5,-1.195682043,-0.003565893,-1.611552526,2
Crypto,PIVX,5,-2.139410248,-0.579246864,-1.240126592,2
Crypto,XPM,5,-1.102928306,-0.052697116,-1.437396691,2
Crypto,SHIFT,5,-2.468751855,-0.495965223,-1.555774102,2
Crypto,SNM,5,-1.308770027,-0.029289405,-1.617355082,2
Crypto,XSPEC,5,-1.800576153,1.125608166,-1.25536885,2
Crypto,SNT,5,-1.079316065,0.136675914,-1.544469458,2
Crypto,SBD,5,-1.143280096,0.226572511,-1.240729327,2
Crypto,STRAT,5,-1.103573634,0.524223494,-1.246633709,2
Crypto,SUB,5,-1.369057536,0.340223443,-1.424831709,2
Crypto,SNC,5,-1.952507548,0.176871241,-0.524495319,2
Crypto,XTZ,5,-0.904741086,0.027694109,-0.758740936,2
Crypto,TRX,5,-1.508339714,0.203910722,-1.391897115,2
Crypto,UBQ,5,-1.676525015,-0.578188139,-1.132778001,2
Crypto,VTC,5,-1.520705261,0.68107494,-1.266407441,2
Crypto,VIBE,5,-2.283096933,-0.365021161,-0.997209602,2
Crypto,WAVES,5,-1.149358762,-0.261991075,-1.377851718,2
Crypto,XWC,5,-1.930690543,0.081218899,-0.978913361,2
Crypto,WINGS,5,-1.662250033,-0.619177237,-1.604730986,2
Crypto,XRP,5,-0.600469411,0.093932605,-1.182755349,2
Crypto,BCH,6,-2.288173114,-1.502443852,0.539969649,3
Crypto,BTX,6,-3.076132667,-1.268438016,-0.848483455,3
Crypto,CDT,6,-2.622114803,-2.230775233,-0.922625961,3
Crypto,BURST,6,-2.040276774,-1.019864996,0.274759182,3
Crypto,BCN,6,-2.22453874,-0.89795433,-0.53469907,3
Crypto,DENT,6,-3.945445116,-1.710795764,0.949745092,3
Crypto,DGB,6,-2.862474466,-2.018242566,-0.144845947,3
Crypto,XDN,6,-2.372156504,-0.654576571,0.771778196,3
Crypto,EMC2,6,-2.297449118,-0.528806418,0.564606865,3
Crypto,ETC,6,-2.331902523,-2.046663862,0.153702108,3
Crypto,ETHOS,6,-2.883174648,-1.468183872,0.914173882,3
Crypto,FUN,6,-3.130359982,-2.770234428,0.041187802,3
Crypto,GAME,6,-4.02959372,-1.247168905,-0.77990366,3
Crypto,GRS,6,-3.27377267,-0.840688166,0.669471976,3
Crypto,NLG,6,-2.031194885,-1.33528231,0.562973091,3
Crypto,INCNT,6,-3.360361713,-0.828693741,-0.10264434,3
Crypto,KIN,6,-3.166406487,-1.76777257,0.613878447,3
Crypto,MTH,6,-3.339062224,-2.223458376,1.059801902,3
Crypto,NANO,6,-2.982656365,-1.8607007,-0.793492926,3
Crypto,NAV,6,-2.508297325,-0.553178747,-0.504385996,3
Crypto,NXS,6,-2.37538395,-0.738528249,-0.10738184,3
Crypto,OK,6,-3.7235845,-1.486147088,0.111143481,3
Crypto,RDD,6,-2.817543519,-1.124978099,-0.693350035,3
Crypto,SFT,6,-3.737379856,-1.263797399,1.022863913,3
Crypto,SC,6,-3.233767638,-2.468184452,-0.028897045,3
Crypto,SMART,6,-3.155137257,-1.288923308,-1.199986668,3
Crypto,XLM,6,-1.855982318,-1.146850669,1.059347766,3
Crypto,SYS,6,-2.215100686,-1.048976249,0.724431437,3
Crypto,XVG,6,-3.754711629,-1.082755241,0.211984555,3
Crypto,XZC,6,-2.901772701,-1.87953216,-1.180210946,3
Crypto,EDC,7,-3.165804842,4.376826719,2.327945769,4
Crypto,GNO,7,-0.73471007,4.472311217,1.432303462,4
Crypto,ZEN,7,-0.938435756,4.875031693,1.538834944,4
Crypto,KMD,7,-1.253674223,4.295380682,1.862786512,4
Crypto,NMR,7,-0.845991109,5.624417994,2.019550577,4
Crypto,PAY,7,-2.361967751,4.004003477,1.228164216,4
Crypto,ZRC,7,-2.720462568,4.965593087,1.672070421,4
Crypto,ACT,9,-1.802066651,1.226197013,-0.508136942,5
Crypto,ADX,9,-1.659629797,1.841326527,0.206886507,5
Crypto,ANT,9,-0.779256318,1.707863811,0.451001222,5
Crypto,REP,9,-1.041305917,1.022328167,0.429975164,5
Crypto,BMC,9,-0.780764459,1.345689806,0.412164785,5
Crypto,ADA,9,-0.992505836,1.256799895,-0.234926705,5
Crypto,LINK,9,-0.873080997,1.436464911,0.033091989,5
Crypto,CVC,9,-0.882938958,1.581272648,0.133423644,5
Crypto,MCO,9,-1.525124886,0.972682887,-0.932955221,5
Crypto,MANA,9,-1.195647246,1.045712717,-0.020354192,5
Crypto,DCR,9,-0.72105071,1.426157888,0.436517509,5
Crypto,ONION,9,-1.621027327,2.172141585,-0.822425406,5
Crypto,ETH,9,-0.871095567,1.110724122,0.472005139,5
Crypto,FCT,9,-1.022644073,0.96363891,-0.125521365,5
Crypto,GNT,9,-1.043717824,0.337870977,-0.122376143,5
Crypto,GXC,9,-1.196017721,1.282651211,0.461104846,5
Crypto,MIOTA,9,-0.934469386,1.804020661,-0.735175061,5
Crypto,LSK,9,-1.908378335,1.376481158,-0.33066297,5
Crypto,MAID,9,-0.648089778,0.42955777,-0.163227329,5
Crypto,XEM,9,-1.470721664,-0.303518308,0.419018064,5
Crypto,OAX,9,-1.163629949,1.692233903,-0.33843041,5
Crypto,GBYTE,9,-1.233286685,2.056051498,-0.560002988,5
Crypto,PART,9,-1.04885043,1.436074114,0.412163333,5
Crypto,POE,9,-1.452073043,1.259391349,-0.911183665,5
Crypto,PLBT,9,-1.871907951,0.894336969,0.056202315,5
Crypto,PST,9,-1.995906167,0.815293478,0.286290304,5
Crypto,PRO,9,-1.223266889,1.616565234,-0.572135972,5
Crypto,SAN,9,-1.41107455,1.702010805,0.54229397,5
Crypto,SNGLS,9,-0.961459779,0.865851979,-0.473369269,5
Crypto,STORJ,9,-1.251167699,1.080267737,0.027654408,5
Crypto,VIA,9,-1.374815299,0.979161492,0.258857661,5
Crypto,WTC,9,-1.265954979,1.380768094,-1.168466384,5
Crypto,ZRX,10,-0.837873923,1.950200226,0.677289549,6
Crypto,BNT,10,-0.981483482,2.146289194,0.957657209,6
Crypto,BTM,10,-1.19707354,2.467562097,0.479204473,6
Crypto,EOS,10,-0.861036716,3.276980078,1.203872057,6
Crypto,GAS,10,-1.324809014,2.226562797,0.590847396,6
Crypto,HC,10,-1.624452504,3.266419534,0.402342823,6
Crypto,RLC,10,-1.004504366,1.983061095,0.65631432,6
Crypto,MLN,10,-1.206051101,3.555037192,0.595043225,6
Crypto,MTL,10,-1.02145888,2.645922257,0.899911562,6
Crypto,MDA,10,-1.040666499,2.993703175,0.987448715,6
Crypto,OMG,10,-0.823707708,3.297726195,1.106272413,6
Crypto,PPT,10,-0.942100416,2.058133155,0.25663616,6
Crypto,PZM,10,-1.156300649,3.147925544,1.166684886,6
Crypto,QTUM,10,-1.110208351,2.81072023,1.041436487,6
Crypto,QRL,10,-1.27746401,1.842607254,0.657082957,6
Crypto,SALT,10,-1.01640716,3.110709527,0.973171425,6
Crypto,SKY,10,-1.36004306,2.855983856,0.911350345,6
Crypto,STEEM,10,-1.167698596,2.009579888,0.587672222,6
Crypto,TNT,10,-1.345540059,2.161765691,0.643279556,6
Crypto,WGR,10,-1.244901221,2.567599038,0.884532214,6
Crypto,YOYOW,10,-1.553516142,2.542012257,0.970698952,6
Crypto,ZEC,10,-0.89781985,2.959715635,0.495210564,6
