Date,BTC,ETH,XRP,USDT,BCH,LTC,BNB,EOS,XLM,TRX
01/07/2018,424,416,1690,100,553,467,2006,1739,6900,9548
01/08/2018,391,414,1230,101,481,414,1963,1346,6200,7538
01/09/2018,376,469,1050,101,475,400,1872,1296,5800,6030
01/10/2018,386,453,985,100,575,406,1870,1575,5600,6030
01/11/2018,345,417,975,100,489,372,2262,1576,5500,5025
01/12/2018,360,459,1020,101,520,384,2400,1910,6700,5025
01/13/2018,370,504,1010,100,533,420,2384,2254,6700,5025
01/14/2018,355,493,930,102,507,387,2234,1867,6300,4020
01/15/2018,356,466,840,101,477,377,2103,1797,5900,3518
01/16/2018,296,380,590,103,352,305,1494,1428,4400,2513
01/17/2018,288,366,655,101,347,302,1527,1415,4700,3518
01/18/2018,296,374,800,102,349,312,1535,1460,5000,4020
01/19/2018,299,375,775,100,351,313,1606,1553,5000,4020
01/20/2018,332,417,790,100,404,342,1741,2156,5300,4020
01/21/2018,299,379,690,99,353,308,1513,1867,4600,3518
01/22/2018,282,362,680,101,322,292,1399,1897,4800,3518
01/23/2018,280,356,670,101,322,288,1408,1801,4800,3015
01/24/2018,293,382,680,99,325,292,1466,1921,5600,3518
01/25/2018,290,381,655,99,326,292,1423,1988,6000,3015
01/26/2018,288,381,610,100,318,286,1422,1992,6300,3015
01/27/2018,295,400,610,99,323,293,1425,1982,6100,3015
01/28/2018,304,450,700,98,347,314,1456,2086,6300,3015
01/29/2018,291,427,660,99,329,294,1372,1946,5800,3015
01/30/2018,260,387,570,98,292,268,1210,1606,4800,2513
01/31/2018,263,404,580,99,295,265,1199,1694,5300,2513
02/01/2018,236,374,480,98,253,231,1024,1418,4500,2010
02/02/2018,227,330,440,99,237,213,1038,1360,4000,2010
02/03/2018,236,348,460,100,253,260,1048,1367,4300,2010
02/04/2018,213,301,405,101,231,240,910,1196,3700,1508
02/05/2018,179,252,345,99,176,203,722,981,3300,1508
02/06/2018,200,286,385,101,194,232,891,1158,3700,1508
02/07/2018,196,273,360,100,190,224,871,1057,3400,1508
02/08/2018,213,295,400,102,255,242,925,1182,3600,1508
02/09/2018,225,319,475,100,261,266,1046,1340,4000,2010
02/10/2018,222,310,535,100,250,252,996,1264,4000,2010
02/11/2018,209,294,500,99,242,241,935,1168,3700,2010
02/12/2018,230,313,540,100,255,262,1002,1275,3900,2010
02/13/2018,221,305,515,100,245,258,967,1279,4100,2010
02/14/2018,245,333,570,100,271,346,1118,1385,4500,2010
02/15/2018,262,338,575,101,273,365,1175,1413,4500,2010
02/16/2018,264,341,570,100,308,373,1204,1392,4500,2513
02/17/2018,286,352,600,100,308,372,1257,1410,4700,2513
02/18/2018,272,333,560,101,295,349,1151,1303,4500,2010
02/19/2018,289,341,570,100,305,361,1191,1344,4500,2513
02/20/2018,294,323,545,100,282,377,1065,1289,4000,2010
02/21/2018,275,307,510,100,260,346,1009,1217,3900,2010
02/22/2018,258,293,470,100,242,316,957,1124,3600,2010
02/23/2018,265,312,495,100,252,339,1042,1192,3800,2010
02/24/2018,253,303,475,100,237,339,983,1138,3500,2010
02/25/2018,249,305,470,100,234,357,1005,1097,3500,1508
02/26/2018,267,314,475,99,248,358,1065,1129,3600,2010
02/27/2018,276,317,470,100,248,351,1146,1190,3600,2010
02/28/2018,268,309,450,99,239,329,1123,1168,3300,2010
03/01/2018,282,315,460,100,257,340,1130,1199,3300,2010
03/02/2018,286,309,455,99,253,344,1099,1124,3200,2513
03/03/2018,296,309,450,100,252,341,1099,1111,3500,2010
03/04/2018,297,313,505,99,256,346,1113,1136,3600,2010
03/05/2018,298,308,475,99,252,342,1087,1118,3500,2010
03/06/2018,278,295,460,100,239,318,1009,1007,3300,2010
03/07/2018,257,272,435,100,217,301,971,904,3200,1508
03/08/2018,242,254,410,101,207,286,894,861,3100,1508
03/09/2018,240,263,420,100,212,303,894,851,3100,1508
03/10/2018,228,248,395,101,200,288,825,806,2900,1508
03/11/2018,247,261,415,100,227,306,889,853,3000,1508
03/12/2018,237,253,400,100,209,289,865,810,2900,1508
03/13/2018,237,249,390,99,211,285,1088,814,2900,1508
03/14/2018,213,222,350,100,189,261,963,742,2400,1508
03/15/2018,214,221,345,100,187,266,978,718,2400,1508
03/16/2018,215,217,340,99,194,268,980,707,2200,1508
03/17/2018,204,199,315,100,189,248,967,649,2000,1005
03/18/2018,212,194,325,100,186,250,962,646,2200,1005
03/19/2018,222,201,370,98,198,261,967,883,2500,1508
03/20/2018,230,201,350,99,210,273,985,835,2600,1508
03/21/2018,230,203,345,99,205,274,1073,976,2500,1508
03/22/2018,225,195,330,99,201,265,1083,976,2400,1508
03/23/2018,229,195,320,99,202,272,1262,974,2300,2010
03/24/2018,223,190,320,101,195,259,1408,921,2300,2010
03/25/2018,219,189,320,99,192,259,1374,906,2300,2010
03/26/2018,211,177,295,100,183,242,1297,819,2200,2010
03/27/2018,202,162,285,100,174,220,1238,821,2100,2010
03/28/2018,205,161,285,99,171,213,1252,874,2100,2010
03/29/2018,185,139,255,99,142,186,1097,836,1900,2010
03/30/2018,177,142,250,99,138,192,1113,847,1800,2010
03/31/2018,180,143,255,100,136,189,1189,832,2000,1508
04/01/2018,176,137,240,99,128,187,1190,786,2000,1508
04/02/2018,182,139,250,100,132,193,1357,818,2200,1508
04/03/2018,192,150,275,100,142,218,1437,851,2300,1508
04/04/2018,177,137,250,100,129,192,1311,796,2000,1508
04/05/2018,175,138,245,100,128,193,1339,889,1900,2010
04/06/2018,171,134,235,100,121,183,1318,818,1900,1508
04/07/2018,178,139,240,99,127,188,1340,821,2000,1508
04/08/2018,181,145,250,99,130,191,1303,829,2000,1508
04/09/2018,174,144,245,99,126,186,1276,815,1900,1508
04/10/2018,176,149,245,99,129,185,1295,833,1900,1508
04/11/2018,179,155,265,100,132,192,1315,1179,2100,1508
04/12/2018,203,178,310,99,146,210,1392,1208,2400,1508
04/13/2018,203,178,315,99,147,203,1456,1214,2400,1508
04/14/2018,206,181,315,99,147,205,1424,1194,2500,2010
04/15/2018,215,192,340,99,155,214,1404,1167,2900,2010
04/16/2018,208,184,330,99,152,208,1313,1125,2800,2010
04/17/2018,204,181,325,99,150,215,1266,1182,3000,2010
04/18/2018,210,189,350,99,177,227,1320,1254,3500,2010
04/19/2018,214,205,395,99,192,237,1328,1311,3600,2010
04/20/2018,228,222,460,99,224,252,1353,1590,3900,2513
04/21/2018,229,218,435,99,229,241,1439,1543,3700,2513
04/22/2018,227,224,430,99,239,238,1385,1576,3600,2513
04/23/2018,230,232,435,99,284,247,1466,1613,3700,2513
04/24/2018,250,256,465,100,283,269,1642,2126,4000,3518
04/25/2018,228,222,400,99,255,235,1429,2008,3300,3518
04/26/2018,239,239,425,99,282,249,1575,2151,3800,3518
04/27/2018,231,233,405,100,266,236,1541,2315,3900,3518
04/28/2018,241,247,430,99,277,247,1634,2621,4200,4020
04/29/2018,243,249,435,99,286,249,1619,2992,4500,4020
04/30/2018,238,242,415,99,268,241,1539,2442,4200,4523
05/01/2018,235,243,420,100,268,241,1523,2632,4300,4523
05/02/2018,238,248,425,99,290,246,1549,2668,4300,4523
05/03/2018,251,281,440,99,300,262,1575,2468,4300,4020
05/04/2018,250,284,445,99,301,273,1541,2382,4300,4020
05/05/2018,254,295,450,99,348,288,1545,2472,4300,4020
05/06/2018,249,286,435,99,351,278,1499,2426,4100,4020
05/07/2018,241,272,415,99,329,267,1473,2497,3900,4020
05/08/2018,238,272,405,100,320,259,1455,2519,3800,4020
05/09/2018,240,271,400,100,325,254,1576,2492,3700,4020
05/10/2018,233,262,375,100,304,243,1486,2436,3500,3518
05/11/2018,217,245,340,100,272,222,1397,2069,3100,3015
05/12/2018,219,248,345,100,292,230,1391,1979,3500,3015
05/13/2018,225,265,370,100,296,234,1411,2075,3700,3518
05/14/2018,225,264,370,100,284,239,1384,1947,3600,3518
05/15/2018,219,256,345,100,267,227,1352,1804,3400,3015
05/16/2018,216,255,355,99,254,226,1318,1774,3300,3518
05/17/2018,208,243,330,100,240,215,1341,1726,3100,3015
05/18/2018,213,251,340,100,240,220,1628,1806,3100,3015
05/19/2018,212,251,335,100,235,219,1532,1829,3100,3015
05/20/2018,219,258,350,99,257,226,1518,1946,3300,3518
05/21/2018,217,252,340,100,245,218,1583,1876,3100,4020
05/22/2018,207,234,320,100,227,208,1498,1704,3000,3518
05/23/2018,195,211,295,100,200,193,1358,1511,2800,3015
05/24/2018,195,217,315,99,213,199,1398,1771,2900,3518
05/25/2018,193,212,305,100,202,193,1399,1707,2800,3518
05/26/2018,189,212,305,99,201,192,1372,1715,2800,3518
05/27/2018,190,207,300,99,198,191,1356,1738,2700,3518
05/28/2018,184,186,275,100,177,181,1278,1617,2500,3015
05/29/2018,192,204,300,100,196,194,1352,1692,2800,3015
05/30/2018,191,202,300,99,196,190,1352,1668,2700,3015
05/31/2018,193,208,305,99,198,191,1526,1706,2900,3015
06/01/2018,194,209,310,100,199,194,1531,1710,2900,2513
06/02/2018,197,214,320,99,215,200,1578,2047,2900,3015
06/03/2018,199,223,335,100,232,203,1567,2031,3000,3015
06/04/2018,194,214,330,100,220,194,1533,1882,2900,2513
06/05/2018,197,220,335,100,229,197,1677,1972,2900,3015
06/06/2018,197,219,335,100,225,196,1855,1936,2900,2513
06/07/2018,198,218,335,99,227,197,1748,2026,2900,2513
06/08/2018,196,217,335,100,222,195,1749,1950,2800,2513
06/09/2018,194,216,325,101,217,191,1716,1958,2800,2513
06/10/2018,175,190,290,99,187,173,1525,1582,2400,2010
06/11/2018,178,192,300,100,190,174,1654,1610,2500,2010
06/12/2018,170,179,280,100,174,163,1638,1419,2300,2010
06/13/2018,164,172,265,100,168,152,1569,1410,2200,2010
06/14/2018,172,188,280,100,178,164,1602,1569,2400,2010
06/15/2018,166,177,265,101,169,157,1618,1481,2300,2010
06/16/2018,169,180,265,100,169,158,1700,1476,2300,2010
06/17/2018,167,181,260,101,169,156,1783,1450,2300,2010
06/18/2018,173,187,265,100,176,160,1815,1489,2300,2010
06/19/2018,174,194,270,100,180,160,1796,1490,2300,2010
06/20/2018,175,194,265,99,177,159,1727,1447,2300,2010
06/21/2018,173,190,265,100,174,157,1833,1447,2200,2010
06/22/2018,157,168,240,100,150,138,1676,1203,2000,2010
06/23/2018,159,171,245,100,151,134,1672,1168,2000,2010
06/24/2018,159,165,235,101,149,131,1554,1124,1900,2010
06/25/2018,161,166,240,100,150,133,1604,1144,1900,2010
06/26/2018,157,156,225,100,139,125,1518,1043,1800,1508
06/27/2018,159,160,235,99,142,131,1511,1113,1800,1508
06/28/2018,152,152,220,99,131,121,1518,1035,1700,1508
06/29/2018,160,157,225,100,142,128,1560,1074,1800,1508
06/30/2018,165,164,230,99,149,132,1576,1129,1900,1508
07/01/2018,164,164,230,99,147,130,1548,1129,1900,1508
07/02/2018,170,172,240,99,154,138,1567,1235,2100,1508
07/03/2018,168,168,240,100,151,138,1524,1228,2000,1508
07/04/2018,170,169,245,99,151,138,1506,1235,2000,1508
07/05/2018,171,171,240,101,149,136,1489,1240,2000,1508
07/06/2018,172,171,235,100,146,135,1455,1206,2000,1508
07/07/2018,177,177,245,101,154,140,1548,1253,2000,1508
07/08/2018,174,177,235,100,149,133,1504,1210,2000,1508
07/09/2018,174,172,235,101,146,131,1469,1076,2000,1508
07/10/2018,163,157,220,100,137,123,1372,1001,1900,1508
07/11/2018,165,161,225,100,140,127,1366,999,1800,1508
07/12/2018,160,155,215,99,136,124,1298,958,1800,1508
07/13/2018,161,157,215,100,138,125,1310,967,2000,1508
07/14/2018,162,157,215,100,140,124,1301,971,2000,1508
07/15/2018,164,162,220,99,144,128,1322,1028,2100,1508
07/16/2018,174,173,240,99,160,137,1424,1126,2300,1508
07/17/2018,189,181,250,100,169,145,1474,1219,2500,1508
07/18/2018,190,173,240,100,165,141,1383,1196,2900,1508
07/19/2018,192,169,235,99,164,140,1389,1165,3000,1508
07/20/2018,189,163,220,100,152,134,1298,1097,2700,1508
07/21/2018,191,167,225,100,157,137,1311,1118,2900,1508
07/22/2018,191,166,220,99,157,135,1303,1097,2800,1508
07/23/2018,199,163,220,99,156,134,1292,1107,2800,1508
07/24/2018,217,173,225,99,173,145,1306,1194,3000,1508
07/25/2018,211,171,225,99,165,140,1391,1182,3300,1508
07/26/2018,205,167,220,99,160,136,1441,1156,3000,1508
07/27/2018,210,169,225,99,163,137,1497,1168,3100,1508
07/28/2018,211,168,225,99,163,135,1570,1156,3100,1508
07/29/2018,212,168,225,99,165,136,1508,1158,3000,1508
07/30/2018,211,165,220,99,162,134,1422,1079,2900,1508
07/31/2018,200,157,215,99,154,129,1482,1024,2700,1508
08/01/2018,196,152,220,99,153,126,1459,1008,2700,1508
08/02/2018,195,149,215,100,146,123,1525,981,2600,1508
08/03/2018,191,151,220,99,144,126,1519,1000,2500,1508
08/04/2018,181,147,210,99,138,119,1488,971,2400,1005
08/05/2018,182,148,215,99,141,121,1465,981,2400,1508
08/06/2018,179,147,205,100,138,120,1473,982,2300,1005
08/07/2018,174,137,190,100,131,110,1414,918,2300,1005
08/08/2018,162,129,165,100,116,101,1305,776,2000,1005
08/09/2018,169,132,170,100,121,104,1383,806,2200,1005
08/10/2018,159,121,160,100,114,96,1304,733,2200,1005
08/11/2018,162,116,150,101,113,95,1262,697,2100,1005
08/12/2018,163,115,145,100,113,96,1262,696,2200,1005
08/13/2018,162,103,135,100,106,92,1100,642,2200,503
08/14/2018,160,101,135,99,101,88,1013,636,2100,503
08/15/2018,162,102,140,100,102,88,1017,644,2100,503
08/16/2018,163,104,145,100,103,90,1054,628,2100,503
08/17/2018,169,114,180,99,119,100,1169,765,2300,1005
08/18/2018,165,107,160,100,110,93,1066,708,2200,1005
08/19/2018,168,109,170,100,113,94,1092,738,2200,1005
08/20/2018,162,99,155,101,102,87,1043,661,2100,1005
08/21/2018,167,102,165,100,107,91,1044,682,2100,1005
08/22/2018,164,98,155,100,103,90,1026,656,2000,503
08/23/2018,168,100,160,99,105,93,1045,683,2200,1005
08/24/2018,173,102,160,100,106,94,1100,701,2100,1005
08/25/2018,174,101,160,100,107,94,1090,701,2100,1005
08/26/2018,173,99,160,99,104,93,1096,688,2100,1005
08/27/2018,177,103,165,99,108,98,1205,744,2200,1005
08/28/2018,183,107,175,99,112,102,1235,819,2300,1005
08/29/2018,182,104,170,100,110,100,1201,850,2200,1005
08/30/2018,180,103,165,100,107,98,1157,844,2200,1005
08/31/2018,181,102,165,100,108,100,1184,893,2200,1005
09/01/2018,185,107,170,99,122,107,1224,922,2200,1005
09/02/2018,187,106,170,99,128,106,1215,917,2200,1005
09/03/2018,187,104,165,99,124,106,1211,899,2200,1005
09/04/2018,190,103,165,99,124,110,1222,900,2300,1005
09/05/2018,175,84,140,101,105,95,1085,725,2000,1005
09/06/2018,168,83,150,100,103,93,1105,728,2000,1005
09/07/2018,167,78,145,101,100,91,1080,707,2000,1005
09/08/2018,160,71,135,100,94,86,1024,661,1900,503
09/09/2018,162,71,135,100,96,89,1023,690,1900,503
09/10/2018,163,71,135,100,92,88,1024,700,1900,503
09/11/2018,163,67,130,100,88,85,1008,692,2000,503
09/12/2018,164,66,135,100,86,84,990,686,1900,503
09/13/2018,168,76,140,101,92,88,1032,749,2000,503
09/14/2018,168,76,135,100,89,92,1068,732,2000,503
09/15/2018,169,80,140,100,89,92,1087,750,2000,503
09/16/2018,168,80,140,100,89,92,1069,753,2000,503
09/17/2018,162,71,135,100,83,85,1012,679,1900,503
09/18/2018,164,76,160,100,87,88,1026,708,2000,503
09/19/2018,165,76,160,100,85,88,1034,726,2000,503
09/20/2018,168,81,220,100,90,92,1083,797,2300,1005
09/21/2018,173,89,280,99,99,98,1119,853,2400,1005
09/22/2018,173,87,285,100,97,98,1102,824,2300,1005
09/23/2018,173,88,285,99,97,99,1105,836,2800,1005
09/24/2018,170,83,245,100,92,94,1080,789,2500,1005
09/25/2018,166,79,260,100,88,93,1052,747,2500,1005
09/26/2018,167,78,255,100,102,93,1047,772,2400,1005
09/27/2018,172,82,270,99,112,102,1078,808,2500,1005
09/28/2018,171,80,265,100,107,100,1072,801,2500,1005
09/29/2018,170,84,285,99,107,100,1075,800,2500,1005
09/30/2018,171,84,290,100,105,99,1077,794,2500,1005
10/01/2018,170,83,285,99,105,98,1069,797,2500,1005
10/02/2018,169,82,260,99,106,97,1114,785,2400,1005
10/03/2018,167,80,260,99,102,93,1104,781,2400,1005
10/04/2018,169,80,260,99,102,94,1103,803,2400,1005
10/05/2018,171,82,255,99,103,95,1144,807,2400,1005
10/06/2018,170,81,240,99,101,94,1115,796,2300,1005
10/07/2018,170,82,240,99,103,94,1131,800,2400,1005
10/08/2018,171,83,240,99,105,96,1130,821,2400,1005
10/09/2018,171,82,235,99,103,95,1116,821,2400,1005
10/10/2018,170,81,230,99,102,94,1111,817,2400,1005
10/11/2018,161,68,190,99,86,83,1000,706,2000,1005
10/12/2018,162,71,205,99,88,87,1025,719,2100,1005
10/13/2018,162,72,205,98,89,87,1026,729,2100,1005
10/14/2018,162,71,200,98,87,85,1022,718,2100,1005
10/15/2018,170,76,220,98,91,89,1110,760,2200,1005
10/16/2018,170,76,235,97,91,88,1076,756,2200,1005
10/17/2018,169,75,230,97,89,87,1065,751,2400,1005
10/18/2018,167,73,225,98,87,85,1045,743,2300,1005
10/19/2018,167,74,225,98,88,86,1051,740,2400,1005
10/20/2018,167,74,225,98,89,86,1048,746,2400,1005
10/21/2018,167,74,225,98,89,86,1047,753,2400,1005
10/22/2018,167,74,225,98,89,85,1046,747,2400,1005
10/23/2018,167,74,230,98,88,85,1054,753,2400,1005
10/24/2018,167,74,225,98,88,85,1048,747,2300,1005
10/25/2018,167,73,225,98,87,85,1042,746,2300,1005
10/26/2018,167,73,225,98,87,84,1043,749,2300,1005
10/27/2018,167,74,225,99,87,84,1038,747,2200,1005
10/28/2018,167,74,230,99,88,84,1040,754,2300,1005
10/29/2018,163,71,220,99,83,79,1011,715,2200,1005
10/30/2018,163,71,220,99,84,80,1010,714,2200,1005
10/31/2018,163,71,220,98,84,80,1006,722,2200,1005
11/01/2018,164,72,225,99,84,81,1027,733,2200,1005
11/02/2018,165,72,225,99,92,83,1029,744,2300,1005
11/03/2018,164,72,225,99,95,83,1025,738,2300,1005
11/04/2018,164,75,230,98,111,87,1035,757,2400,1005
11/05/2018,165,75,245,99,111,87,1040,760,2400,1005
11/06/2018,166,79,270,99,125,91,1052,796,2600,1005
11/07/2018,168,78,265,99,123,88,1056,785,2500,1005
11/08/2018,166,77,245,99,114,85,1038,764,2500,1005
11/09/2018,164,76,250,99,108,84,1027,747,2500,1005
11/10/2018,165,77,250,99,111,85,1028,753,2600,1005
11/11/2018,165,76,250,99,106,83,1018,756,2700,1005
11/12/2018,164,76,255,98,103,82,1006,750,2600,1005
11/13/2018,164,75,255,98,102,81,995,726,2500,1005
11/14/2018,148,65,235,96,87,71,904,644,2300,503
11/15/2018,145,65,240,98,84,71,880,651,2400,503
11/16/2018,144,63,235,98,77,69,847,632,2300,503
11/17/2018,143,63,245,98,77,68,830,635,2400,503
11/18/2018,145,64,255,99,77,69,860,638,2400,503
11/19/2018,125,54,235,98,67,59,713,567,2200,503
11/20/2018,115,47,215,96,44,54,619,515,1900,503
11/21/2018,119,49,220,98,47,56,667,529,2000,503
11/22/2018,112,46,210,99,42,52,619,493,1800,503
11/23/2018,112,44,200,98,41,52,598,500,1800,503
11/24/2018,100,41,185,98,36,47,551,453,1500,503
11/25/2018,103,42,185,98,37,50,557,465,1500,503
11/26/2018,97,39,175,97,36,48,530,442,1400,503
11/27/2018,98,40,180,98,36,50,528,421,1400,503
11/28/2018,110,44,195,99,38,56,574,456,1600,503
11/29/2018,110,42,185,99,36,55,575,419,1600,503
11/30/2018,103,41,180,99,34,52,546,400,1500,503
12/01/2018,109,43,185,100,34,56,569,411,1600,503
12/02/2018,107,42,180,99,34,55,565,396,1600,503
12/03/2018,100,39,170,99,32,50,549,360,1400,503
12/04/2018,102,40,175,100,30,51,632,342,1400,503
12/05/2018,97,37,165,99,26,47,643,306,1300,503
12/06/2018,91,33,155,99,21,44,532,260,1100,503
12/07/2018,88,34,150,100,21,41,487,242,1100,503
12/08/2018,90,33,150,102,21,40,505,256,1100,503
12/09/2018,93,34,155,102,22,42,523,282,1200,503
12/10/2018,90,33,150,102,21,40,506,269,1100,503
12/11/2018,88,32,150,101,20,39,531,257,1100,503
12/12/2018,90,33,150,101,20,40,540,275,1100,503
12/13/2018,85,31,150,100,18,38,500,257,1000,503
12/14/2018,84,30,140,100,16,38,487,254,900,503
12/15/2018,83,30,140,100,15,39,490,264,900,503
12/16/2018,84,31,140,101,16,41,500,267,900,503
12/17/2018,91,34,160,101,18,47,549,333,1000,503
12/18/2018,95,36,175,101,21,49,602,367,1100,503
12/19/2018,96,37,175,102,26,48,590,347,1100,503
12/20/2018,106,42,185,102,39,53,623,382,1200,503
12/21/2018,100,40,175,102,39,50,599,364,1100,1005
12/22/2018,103,42,180,102,39,52,638,364,1200,1005
12/23/2018,103,47,185,102,39,54,652,392,1200,1005
12/24/2018,105,51,200,102,36,54,660,388,1300,1005
12/25/2018,98,47,190,102,34,50,597,350,1200,1005
12/26/2018,99,48,185,102,35,50,614,361,1200,1005
12/27/2018,94,42,170,102,30,46,568,322,1100,503
12/28/2018,101,50,185,102,35,53,646,368,1200,1005
12/29/2018,98,50,180,103,33,51,627,365,1100,1005
12/30/2018,100,50,180,102,32,52,645,372,1100,503
12/31/2018,96,48,175,101,30,49,662,357,1100,503
01/01/2019,99,51,180,102,33,52,654,369,1100,503
01/02/2019,102,56,185,102,34,54,666,401,1100,1005
01/03/2019,99,54,180,102,32,52,634,372,1100,1005
01/04/2019,99,56,175,102,32,52,653,378,1100,1005
01/05/2019,99,56,175,102,32,57,653,375,1100,1005
01/06/2019,105,57,180,102,33,64,688,400,1200,1005
01/07/2019,104,55,180,101,32,61,676,385,1200,1005
01/08/2019,104,54,180,102,32,64,714,389,1200,1005
01/09/2019,104,54,185,102,32,63,714,404,1200,1005
01/10/2019,95,46,165,102,27,55,637,339,1000,1005
01/11/2019,95,46,165,102,26,52,654,336,1000,1005
01/12/2019,94,45,160,102,27,52,643,338,1000,1005
01/13/2019,92,42,155,102,25,49,599,314,1000,1005
01/14/2019,95,47,165,102,27,52,662,344,1000,1005
01/15/2019,94,44,160,102,26,51,637,333,1000,1005
01/16/2019,94,45,160,102,26,52,666,340,1000,1005
01/17/2019,95,45,160,102,26,52,690,350,1000,1005
01/18/2019,94,44,160,102,26,51,705,343,1000,1005
01/19/2019,96,45,165,102,26,53,714,346,1000,1005
01/20/2019,93,43,160,102,25,51,698,329,1000,1005
01/21/2019,92,42,160,101,24,51,704,326,1000,1005
01/22/2019,93,43,155,101,26,51,701,340,1000,1005
01/23/2019,92,42,155,101,26,52,703,339,1000,1005
01/24/2019,93,42,155,101,26,53,700,340,1000,1005
01/25/2019,93,42,155,101,25,53,725,340,1000,1005
01/26/2019,93,42,155,101,25,54,754,339,1000,1005
01/27/2019,92,41,150,101,24,53,762,331,900,1005
01/28/2019,89,38,145,101,22,51,668,313,800,1005
01/29/2019,89,38,140,101,22,50,665,317,800,1005
01/30/2019,90,39,160,101,24,52,663,325,800,1005
01/31/2019,89,39,155,101,23,51,674,322,800,1005
02/01/2019,90,39,150,101,23,53,705,325,800,1005
02/02/2019,91,40,155,100,24,56,741,338,800,1005
02/03/2019,89,39,150,100,24,54,725,331,800,1005
02/04/2019,89,39,150,99,24,55,763,333,700,1005
02/05/2019,89,39,145,99,23,55,841,332,700,1005
02/06/2019,88,38,145,100,23,53,870,326,700,1005
02/07/2019,88,38,145,100,23,54,831,326,700,1005
02/08/2019,94,43,155,100,26,70,923,378,800,1005
02/09/2019,95,43,155,100,26,73,954,386,800,1005
02/10/2019,95,45,150,100,25,76,990,394,800,1005
02/11/2019,94,44,150,100,24,70,1027,383,700,1005
02/12/2019,94,44,150,100,25,71,1004,410,700,1005
02/13/2019,94,44,150,100,24,68,961,400,700,1005
02/14/2019,93,44,150,101,24,67,944,382,700,1005
02/15/2019,93,44,150,100,24,69,997,389,700,1005
02/16/2019,93,44,150,100,24,71,982,392,700,1005
02/17/2019,95,48,150,100,25,71,991,400,700,1005
02/18/2019,101,53,160,101,29,78,1035,482,800,1005
02/19/2019,102,52,160,101,28,78,1135,496,800,1005
02/20/2019,103,54,165,101,29,84,1180,544,900,1005
02/21/2019,102,53,160,100,28,80,1128,529,800,1005
02/22/2019,103,54,160,101,29,81,1166,540,900,1005
02/23/2019,107,57,165,101,30,84,1159,593,900,1005
02/24/2019,98,49,150,101,26,72,1087,499,800,1005
02/25/2019,100,50,160,102,27,75,1058,499,800,1005
02/26/2019,99,50,155,101,27,74,1024,482,800,1005
02/27/2019,99,49,155,101,26,74,1065,490,800,1005
02/28/2019,99,49,155,101,26,75,1115,492,800,1005
03/01/2019,99,49,155,101,26,77,1225,489,800,1005
03/02/2019,100,48,155,101,26,79,1276,489,800,1005
03/03/2019,99,48,155,101,26,78,1241,493,800,1005
03/04/2019,97,46,150,101,25,75,1242,456,800,1005
03/05/2019,100,50,155,101,26,86,1485,525,800,1005
03/06/2019,101,50,155,101,26,90,1561,524,800,1005
03/07/2019,101,50,155,101,26,93,1629,526,800,1005
03/08/2019,100,49,155,101,26,91,1545,504,800,1005
03/09/2019,102,50,155,101,27,94,1567,524,800,1005
03/10/2019,102,49,155,101,26,93,1558,519,1000,1005
03/11/2019,101,48,155,101,26,90,1560,500,1000,1005
03/12/2019,101,49,155,101,26,92,1657,508,1000,1005
03/13/2019,101,48,155,101,26,91,1626,503,1000,1005
03/14/2019,101,48,155,101,27,92,1618,501,1000,1005
03/15/2019,102,50,155,101,29,96,1622,517,1000,1005
03/16/2019,104,51,160,101,31,100,1733,532,1000,1005
03/17/2019,104,51,155,101,31,99,1695,525,1000,1005
03/18/2019,104,50,155,101,32,98,1686,521,1100,1005
03/19/2019,105,51,155,101,32,98,1687,525,1100,1005
03/20/2019,105,51,155,101,32,99,1643,521,1100,1005
03/21/2019,104,49,155,101,31,96,1561,510,1000,1005
03/22/2019,104,50,155,101,31,97,1642,507,1000,1005
03/23/2019,104,50,155,101,33,99,1639,513,1000,1005
03/24/2019,104,49,150,101,33,98,1859,508,1000,1005
03/25/2019,102,49,150,101,32,96,1811,511,1000,1005
03/26/2019,103,49,150,101,32,96,1757,522,1000,1005
03/27/2019,105,51,155,101,34,101,1804,600,1000,1005
03/28/2019,105,50,150,101,34,99,1808,593,1000,1005
03/29/2019,106,51,150,99,34,99,1775,594,1000,1005
03/30/2019,106,51,155,100,33,98,1820,575,1000,1005
03/31/2019,106,51,150,100,34,98,1871,581,1000,1005
04/01/2019,107,51,155,100,33,98,1930,583,1000,1005
04/02/2019,126,59,175,101,47,123,2128,699,1200,1005
04/03/2019,128,58,170,101,59,138,2016,725,1200,1005
04/04/2019,127,57,165,101,57,138,2058,706,1100,1005
04/05/2019,130,60,180,101,58,144,2091,742,1200,1005
04/06/2019,130,60,175,100,61,150,2056,743,1200,1005
04/07/2019,134,63,175,100,63,150,2055,758,1300,1005
04/08/2019,136,65,175,101,62,145,1947,771,1300,1508
04/09/2019,134,64,170,101,59,141,1983,772,1200,1005
04/10/2019,137,64,175,100,61,143,1962,811,1200,1508
04/11/2019,130,60,165,101,54,129,1903,742,1100,1005
04/12/2019,131,59,160,101,56,128,1982,747,1100,1005
04/13/2019,131,59,160,101,55,127,2013,742,1100,1005
04/14/2019,133,61,160,101,57,134,2096,771,1100,1005
04/15/2019,131,58,160,100,62,128,2086,747,1100,1005
04/16/2019,135,60,160,101,63,132,2132,771,1100,1005
04/17/2019,135,60,165,101,62,129,2108,758,1100,1005
04/18/2019,136,63,165,100,61,133,2370,764,1100,1005
04/19/2019,137,63,165,101,61,134,2632,763,1100,1005
04/20/2019,137,63,160,101,60,132,2689,760,1100,1005
04/21/2019,137,61,160,101,58,125,2601,729,1100,1005
04/22/2019,139,62,160,101,58,125,2571,729,1100,1005
04/23/2019,144,62,160,101,58,121,2460,719,1100,1005
04/24/2019,141,60,150,101,55,119,2487,668,1000,1005
04/25/2019,134,56,140,99,53,115,2391,638,900,1005
04/26/2019,136,56,145,99,52,118,2459,658,900,1005
04/27/2019,136,57,145,99,52,117,2402,654,900,1005
04/28/2019,136,57,145,99,51,113,2462,656,900,1005
04/29/2019,135,56,145,100,47,110,2334,629,900,1005
04/30/2019,138,59,150,101,53,120,2380,671,900,1005
05/01/2019,139,58,150,100,54,119,2360,664,1000,1005
05/02/2019,142,59,150,100,54,120,2537,665,1000,1005
05/03/2019,149,61,150,100,58,129,2554,707,1000,1005
05/04/2019,150,59,150,100,58,126,2460,689,900,1005
05/05/2019,149,59,150,100,58,123,2475,681,900,1005
05/06/2019,148,62,150,99,57,121,2388,681,900,1005
05/07/2019,150,61,145,99,57,121,2243,676,900,1005
05/08/2019,154,62,150,100,57,121,2231,681,900,1005
05/09/2019,159,61,145,99,56,120,2025,674,900,1005
05/10/2019,164,62,150,100,57,125,2108,671,900,1005
05/11/2019,186,70,160,100,71,145,2263,768,1000,1005
05/12/2019,180,68,155,99,70,137,2240,739,900,1005
05/13/2019,201,71,160,101,76,143,2560,775,1000,1005
05/14/2019,206,78,200,100,77,148,2541,840,1100,1005
05/15/2019,211,89,225,100,80,165,2891,900,1300,1508
05/16/2019,203,95,205,99,79,155,2831,903,1300,1005
05/17/2019,189,88,190,99,72,144,2761,836,1200,1005
05/18/2019,187,85,185,99,71,140,3054,818,1200,1005
05/19/2019,211,94,205,101,84,154,3162,901,1400,1005
05/20/2019,205,91,195,100,82,148,3152,868,1300,1005
05/21/2019,205,92,195,101,83,148,3442,874,1300,1005
05/22/2019,198,88,185,100,78,143,3378,829,1200,1005
05/23/2019,203,89,190,100,81,144,3389,840,1200,1005
05/24/2019,206,90,190,100,81,162,3639,889,1200,1005
05/25/2019,207,91,190,100,81,166,3769,888,1200,1005
05/26/2019,223,96,200,101,86,180,3667,960,1300,1508
05/27/2019,227,98,215,100,88,191,3622,1108,1300,1508
05/28/2019,225,98,220,100,86,186,3587,1118,1300,1508
05/29/2019,223,97,220,100,90,186,3628,1108,1300,1508
05/30/2019,214,92,210,100,84,176,3472,1024,1300,1508
05/31/2019,221,97,215,100,88,186,3522,1182,1300,1508
06/01/2019,221,96,215,100,86,182,3549,1081,1300,1508
06/02/2019,225,98,220,100,88,186,3567,1079,1300,1508
06/03/2019,211,91,210,99,81,174,3375,944,1200,1508
06/04/2019,199,87,200,99,76,165,3159,876,1200,1508
06/05/2019,202,89,200,101,79,168,3334,896,1200,1508
06/06/2019,201,90,205,100,79,180,3385,888,1200,1508
06/07/2019,207,91,210,101,80,190,3397,925,1200,1508
06/08/2019,205,89,205,100,78,192,3448,890,1200,1508
06/09/2019,198,84,190,100,76,187,3286,857,1100,1508
06/10/2019,206,89,200,101,78,209,3447,892,1200,1508
06/11/2019,204,89,195,101,77,220,3469,881,1200,1508
06/12/2019,210,94,200,100,79,220,3730,894,1200,1508
06/13/2019,212,92,200,100,82,213,3778,897,1200,1508
06/14/2019,224,95,200,101,84,216,3557,915,1200,1508
06/15/2019,228,97,205,101,84,224,3530,958,1200,1508
06/16/2019,232,97,210,100,85,222,3484,971,1200,1508
06/17/2019,240,99,220,100,86,218,3647,990,1300,1508
06/18/2019,234,96,210,99,82,219,3692,944,1200,1508
06/19/2019,239,97,215,100,83,221,3795,954,1200,1508
06/20/2019,245,98,210,100,82,219,3949,950,1200,1508
06/21/2019,261,106,220,100,87,225,4174,985,1200,1508
06/22/2019,276,112,235,99,95,230,4065,1038,1200,1508
06/23/2019,280,111,230,99,94,222,3992,1007,1200,1508
06/24/2019,284,112,235,99,95,220,4025,1004,1200,1508
06/25/2019,304,115,230,99,95,221,3872,1000,1200,1508
06/26/2019,335,122,230,99,96,213,3839,940,1200,1508
06/27/2019,288,106,200,98,82,185,3637,819,1000,1508
06/28/2019,320,112,210,100,87,195,3715,869,1100,1508
06/29/2019,308,115,210,99,88,217,3802,889,1100,1508
06/30/2019,279,105,195,99,79,198,3488,801,1000,1508
07/01/2019,273,106,200,99,83,199,3540,836,1000,1508
07/02/2019,278,105,200,100,81,193,3442,819,1000,1508
07/03/2019,308,109,200,101,84,199,3513,849,1000,1508
07/04/2019,289,103,190,99,80,194,3537,799,900,1508
07/05/2019,283,104,185,100,80,192,3517,800,900,1508
07/06/2019,289,104,190,99,81,191,3498,800,1000,1508
07/07/2019,295,110,195,100,82,195,3574,828,1000,1508
07/08/2019,316,113,200,100,83,200,3599,831,1000,1508
07/09/2019,324,111,195,100,83,193,3517,819,1000,1508
07/10/2019,313,105,180,99,77,176,3385,735,900,1508
07/11/2019,293,97,165,99,69,166,3187,651,800,1005
07/12/2019,304,100,170,101,70,171,3408,669,900,1005
07/13/2019,293,97,165,99,68,164,3388,660,900,1005
07/14/2019,264,82,150,99,56,145,3110,572,800,1005
07/15/2019,281,83,155,101,62,147,3053,600,800,1005
07/16/2019,244,72,145,99,56,129,2745,511,700,1005
07/17/2019,250,76,155,101,58,145,2927,535,800,1005
07/18/2019,275,82,160,101,63,164,3110,572,800,1005
07/19/2019,271,80,160,100,61,159,3127,563,900,1005
07/20/2019,277,83,165,101,64,163,3319,600,900,1005
07/21/2019,273,81,165,100,64,161,3282,601,900,1005
07/22/2019,266,79,160,100,62,155,3294,574,800,1005
07/23/2019,255,77,150,99,59,147,3182,578,800,1005
07/24/2019,253,78,155,100,60,153,3135,639,800,1005
07/25/2019,255,79,155,100,60,151,3118,636,800,1005
07/26/2019,254,79,160,100,63,153,3116,643,800,1005
07/27/2019,244,75,155,99,61,144,2999,593,800,1005
07/28/2019,246,76,155,100,62,145,2994,590,800,1005
07/29/2019,245,76,155,100,61,146,2925,586,800,1005
07/30/2019,247,76,155,100,63,147,2897,586,800,1005
07/31/2019,260,79,160,100,65,160,2972,615,800,1005
08/01/2019,268,79,155,101,65,161,3094,601,800,1005
08/02/2019,271,79,155,100,65,154,3015,582,800,1005
08/03/2019,279,80,155,100,66,153,2999,597,800,1005
08/04/2019,283,80,155,101,66,151,2963,589,800,1005
08/05/2019,304,85,160,101,69,157,3012,624,800,1005
08/06/2019,296,82,155,99,66,151,2972,582,700,1005
08/07/2019,308,82,155,100,67,147,3156,588,700,1005
08/08/2019,308,80,150,99,66,146,3315,578,700,1005
08/09/2019,306,76,145,99,63,137,3222,543,700,503
08/10/2019,292,75,145,99,63,138,3191,565,700,1005
08/11/2019,297,78,150,99,67,145,3232,582,700,1005
08/12/2019,293,76,150,99,66,139,3244,574,700,1005
08/13/2019,281,75,145,99,68,137,3169,565,700,1005
08/14/2019,259,67,130,99,62,123,2915,510,600,503
08/15/2019,266,68,130,100,62,124,3015,504,700,503
08/16/2019,267,67,130,100,62,121,2972,499,600,503
08/17/2019,264,67,130,100,61,118,2955,494,600,503
08/18/2019,266,70,140,100,63,124,3003,514,700,503
08/19/2019,281,73,140,100,65,125,3098,518,700,503
08/20/2019,277,71,135,100,63,122,3029,511,700,503
08/21/2019,261,67,130,99,60,118,2902,486,600,503
08/22/2019,261,69,135,100,62,119,2913,506,600,503
08/23/2019,268,70,135,100,63,122,2922,511,600,503
08/24/2019,262,69,135,100,61,119,2849,510,600,503
08/25/2019,261,67,135,99,61,117,2810,494,700,503
08/26/2019,267,68,135,100,62,120,2808,497,700,503
08/27/2019,262,68,130,99,61,118,2762,493,600,503
08/28/2019,251,63,125,99,58,109,2548,457,600,503
08/29/2019,245,61,125,100,56,104,2354,447,600,503
08/30/2019,247,61,125,100,56,104,2389,447,600,503
08/31/2019,248,62,125,100,56,105,2287,463,600,503
09/01/2019,251,62,125,100,56,107,2319,456,600,503
09/02/2019,266,64,130,100,58,108,2448,461,600,503
09/03/2019,274,65,130,100,60,112,2420,467,600,503
09/04/2019,273,64,125,100,59,109,2344,460,600,503
09/05/2019,272,63,125,100,58,106,2447,456,600,503
09/06/2019,267,61,125,100,57,106,2382,449,500,503
09/07/2019,271,64,130,101,60,112,2425,496,500,503
09/08/2019,269,65,130,101,61,114,2426,525,600,503
09/09/2019,266,65,125,100,61,114,2397,539,500,503
09/10/2019,261,65,125,99,60,115,2356,525,500,503
09/11/2019,262,64,125,100,60,113,2247,522,500,503
09/12/2019,268,65,125,100,60,112,2249,517,500,503
09/13/2019,267,65,125,100,59,112,2246,517,500,503
09/14/2019,267,68,130,100,61,114,2266,557,500,503
09/15/2019,267,68,130,100,60,114,2215,565,500,503
09/16/2019,265,71,130,100,61,118,2194,567,500,503
09/17/2019,264,75,140,100,63,120,2259,567,600,503
09/18/2019,263,76,155,100,64,126,2394,568,800,503
09/19/2019,264,80,150,100,64,125,2324,553,800,503
09/20/2019,262,79,145,100,63,122,2298,557,700,503
09/21/2019,258,78,140,100,62,119,2267,557,700,503
09/22/2019,259,76,135,100,61,118,2208,532,600,503
09/23/2019,251,73,130,100,58,108,2096,514,600,503
09/24/2019,222,61,115,101,44,90,1728,393,500,503
09/25/2019,219,62,120,101,46,93,1748,404,500,503
09/26/2019,209,60,120,100,43,90,1662,392,500,503
09/27/2019,213,63,120,101,44,91,1698,397,500,503
09/28/2019,212,63,120,100,45,90,1704,397,500,503
09/29/2019,209,62,120,101,44,88,1646,389,500,503
09/30/2019,214,65,125,100,45,91,1705,411,600,503
10/01/2019,215,64,120,101,45,91,1710,411,500,503
10/02/2019,216,65,125,100,45,92,1715,419,500,503
10/03/2019,213,63,120,100,44,92,1691,408,500,503
10/04/2019,211,64,125,101,44,92,1695,419,500,503
10/05/2019,210,64,125,100,44,92,1690,415,500,503
10/06/2019,206,62,125,101,44,90,1651,410,500,503
10/07/2019,212,65,135,101,47,94,1734,443,600,503
10/08/2019,212,66,135,101,46,93,1732,442,600,503
10/09/2019,221,70,140,101,48,96,1915,451,600,503
10/10/2019,221,69,135,100,46,94,1889,439,600,503
10/11/2019,214,66,135,101,44,91,1797,436,600,503
10/12/2019,215,65,135,100,45,91,1858,429,500,503
10/13/2019,214,66,135,100,45,92,1969,433,600,503
10/14/2019,216,67,145,100,45,92,1985,440,600,503
10/15/2019,211,65,140,100,44,89,1994,415,600,503
10/16/2019,207,64,140,101,43,86,1918,410,600,503
10/17/2019,209,64,150,100,44,89,1997,411,600,503
10/18/2019,205,63,145,100,42,87,1962,401,600,503
10/19/2019,206,62,145,101,42,88,1967,400,600,503
10/20/2019,212,63,145,100,45,89,1983,407,600,503
10/21/2019,212,63,145,100,46,89,1969,408,600,503
10/22/2019,208,62,145,100,45,87,1957,403,600,503
10/23/2019,194,59,135,100,42,80,1797,378,500,503
