Date,MSW,glasso,equally.weighted,?=0,?=0.005,?=0.025,?=0.05,?=0.15,?=0.7,?=1,emp
01/05/2018,100.6794975,106.887529,106.1455467,103.9034073,102.4573713,99.49628073,99.32457778,102.1952062,104.0904854,104.0904854,101.6959704
01/06/2018,107.287604,115.9980429,113.6029333,110.2437522,108.9069671,102.1533114,99.71647861,95.43999088,92.18614434,92.18614434,106.2340668
01/07/2018,107.2083646,115.4834614,113.4422171,109.426425,109.036406,103.7413022,101.404991,98.81550775,96.67133563,96.67133563,103.9870307
01/08/2018,97.68083434,99.87954211,98.96058479,93.00176254,92.85043345,88.6338768,88.05921443,87.15984764,86.11618756,86.11618756,104.522627
01/09/2018,97.10564294,95.16676929,94.05567053,86.55469222,86.33010296,82.50936545,82.27588296,79.29401899,76.82267962,76.82267962,104.0544223
01/10/2018,95.80104611,98.04418175,96.7019465,88.57107004,88.16904803,85.20604726,85.91866764,80.6082653,76.42795838,76.42795838,103.0070674
01/11/2018,86.24803739,94.26886659,92.21923261,86.66412697,87.7145013,83.16566688,82.59696849,75.10120113,69.68887518,69.68887518,104.1139525
01/12/2018,93.52152759,101.6253543,99.01808715,93.7419521,94.8145601,90.6340477,91.10643089,84.73135207,83.0566705,83.0566705,106.1524227
01/13/2018,97.28232031,106.233469,102.7092221,96.95442371,98.14183565,95.62672843,98.0024626,93.78203622,96.82934001,96.82934001,105.5082724
01/14/2018,92.00648798,97.81508845,94.52420819,90.41691872,90.91894607,87.10333919,87.82135073,81.93530844,78.56480443,78.56480443,106.3700919
01/15/2018,88.17478243,92.72952155,89.34056474,86.36743281,87.3710842,84.55028967,85.63283937,80.26780497,75.58625194,75.58625194,104.4680401
01/16/2018,65.83655366,69.63974201,67.5400255,65.88333651,66.52791289,64.2073059,66.03725357,63.34775041,58.19211469,58.19211469,101.201475
01/17/2018,65.69799839,71.51227113,70.32628802,66.6058145,67.14137869,64.17660505,65.48475189,62.31129683,57.68040741,57.68040741,99.58183916
01/18/2018,68.31795261,74.9897845,74.03118584,69.22549955,69.82347785,66.66401693,67.5747525,64.08846947,59.46390508,59.46390508,100.5818323
01/19/2018,68.84406692,75.88273981,74.6052973,70.43630975,71.05151612,68.03117308,68.9382145,65.66412345,61.65456216,61.65456216,99.23036222
01/20/2018,76.39679103,84.05233346,81.50610773,78.35191372,79.09065257,76.97775254,79.0005516,76.95583234,75.69197392,75.69197392,101.3552321
01/21/2018,66.47226063,74.17414382,72.18274823,70.17091674,71.2813668,69.6079379,71.55638078,69.55420855,67.8990286,67.8990286,97.9729061
01/22/2018,62.32904387,71.95408884,70.26289384,69.53763584,71.24426812,70.11490134,72.6980991,70.85321385,69.07964605,69.07964605,98.22154993
01/23/2018,61.89649832,70.32192329,68.50527389,68.19302398,69.70751085,68.23243999,70.34659864,68.32596772,66.59422951,66.59422951,98.18746561
01/24/2018,64.42681209,74.03932373,72.24521685,71.28051845,72.73281024,71.4488125,73.82258035,71.55223104,69.15456183,69.15456183,97.18375244
01/25/2018,64.37921261,73.36766473,71.33240397,71.23297718,72.81565633,71.89151931,74.55344402,72.52980905,70.7923361,70.7923361,97.14836713
01/26/2018,63.02652932,72.86004845,70.88271531,71.72170024,73.54048346,72.64464923,75.26095901,72.92662173,71.16298843,71.16298843,97.69008644
01/27/2018,65.30829377,73.52058923,71.34674417,71.40677782,72.87425946,71.91752865,74.55083983,72.41116001,70.66985314,70.66985314,97.07124136
01/28/2018,69.06628989,77.68317028,75.0540937,73.60397758,74.41131077,73.5693623,76.32495013,74.3526516,72.57713167,72.57713167,97.32606571
01/29/2018,65.63181051,73.72090951,71.50673474,70.58440661,71.63184994,70.85290831,73.48232727,71.52221968,69.81078406,69.81078406,97.02375045
01/30/2018,65.19128264,64.23900211,62.42135381,62.36458468,63.48127361,62.7495344,64.99602629,62.93515396,61.41049143,61.41049143,93.69579281
01/31/2018,57.64768101,65.75921895,63.82767875,64.42999548,65.65271971,65.25984549,67.55950951,65.24946703,63.65915174,63.65915174,94.67341097
02/01/2018,59.02699558,56.62996576,54.90051206,57.08491426,58.44658277,58.39992719,60.37895622,57.97662272,56.54426346,56.54426346,90.84220947
02/02/2018,51.87705109,53.47106922,51.97805392,55.09564601,56.98004966,56.68739469,58.6335502,56.49150993,55.34540854,55.34540854,90.62072919
02/03/2018,48.8067957,56.1180766,54.55880975,56.27088952,57.95133237,57.65923328,59.58966556,57.18981069,55.7367588,55.7367588,92.30509605
02/04/2018,50.35315295,49.28261875,47.76524912,51.20388484,53.30154204,53.47411666,55.30966502,52.97279234,51.48394144,51.48394144,90.7359799
02/05/2018,45.5588165,41.31912206,40.52041302,44.94508839,47.49827276,47.89579025,49.35437816,46.82514101,44.93051156,44.93051156,84.5718811
02/06/2018,36.2066038,46.1862199,44.91358763,49.62779932,52.09464076,52.28833693,54.00742356,51.51697819,49.78920136,49.78920136,88.25625304
02/07/2018,40.9596021,44.23930374,43.15550931,47.27583249,49.58858898,49.5105529,51.07669342,48.6164657,46.8499957,46.8499957,87.08496498
02/08/2018,39.57140122,48.23581718,46.97082849,50.25702333,52.46513182,52.55672592,54.31851006,51.94353736,50.36809728,50.36809728,92.16772589
02/09/2018,43.12956169,52.97519087,51.86084911,53.73627419,55.98314357,55.67202705,57.43147265,54.92039162,53.25466398,53.25466398,92.08899935
02/10/2018,46.29507737,52.06479779,51.21575538,52.37325353,54.54466247,54.1261961,55.64552087,53.21252716,51.5985988,51.5985988,91.6398707
02/11/2018,46.4192768,49.39626761,48.72822654,50.04506007,52.10973064,51.6487998,53.05746655,50.73763055,49.19876546,49.19876546,90.04854276
02/12/2018,44.03824443,52.44456862,51.59280687,52.34611195,54.52765475,54.16314478,55.77124296,53.3327523,51.71517753,51.71517753,91.60347882
02/13/2018,47.30516776,51.65923221,50.82469732,52.40374765,54.63447818,54.37842503,55.8676667,53.4249601,51.80458868,51.80458868,91.521
02/14/2018,45.62387068,56.95933698,55.89928462,55.09838855,57.30899829,56.66461486,58.21506467,55.66972259,53.98126785,53.98126785,92.87926894
02/15/2018,50.19196921,58.36424359,57.21827366,56.01577407,58.21957889,57.45918435,59.100076,56.51603849,54.80191511,54.80191511,94.04735735
02/16/2018,52.07584011,59.88268543,59.33265475,55.95795137,57.97771247,56.84220806,58.36304388,55.79985166,54.10745012,54.10745012,93.54763626
02/17/2018,52.61139843,61.48637189,60.87918022,56.80836315,58.81033735,57.42685623,58.80632308,56.19870385,54.49420518,54.49420518,94.02518089
02/18/2018,55.60934656,57.51742859,56.60861445,54.27324884,56.3094747,55.23617894,56.51616186,53.98929323,52.35180566,52.35180566,93.73896439
02/19/2018,52.48322711,59.62235419,59.12869589,55.15122702,57.10670614,55.86280054,57.23062145,54.69245952,53.03364503,53.03364503,93.40316452
02/20/2018,54.33660673,56.43056541,55.50279247,52.53416732,54.62646644,54.11903066,55.82732311,53.41263915,51.79264142,51.79264142,91.96476497
02/21/2018,54.12092009,53.54890837,52.79251945,50.95514793,52.96818175,52.47947751,54.0629375,51.70472265,50.13652579,50.13652579,91.39404486
02/22/2018,53.69118215,50.39993172,49.8176164,48.76304415,50.65302789,50.13638782,51.67118192,49.42348982,47.92448243,47.92448243,90.61371258
02/23/2018,47.01368083,52.83886498,52.06208001,50.49153224,52.42089169,51.77790894,53.28214129,50.97529326,49.25137079,49.25137079,91.56556367
02/24/2018,48.96693265,50.85778137,50.1509045,48.66875878,50.52080676,49.87041855,51.25879019,48.93481249,47.17724885,47.17724885,90.6879447
02/25/2018,46.34823032,49.98997658,48.73128466,47.74369188,49.57823386,49.01153658,50.55422207,48.6171692,47.17724885,47.17724885,90.5889737
02/26/2018,46.73305489,52.29622378,51.47397687,49.38890652,51.20147495,50.2763063,51.43296585,49.18295089,47.62648063,47.62648063,90.53967412
02/27/2018,48.77482653,53.16214194,52.23251435,50.55188824,52.36231607,51.23547593,52.24796803,49.86475056,47.86002658,47.86002658,91.93233637
02/28/2018,49.66559653,51.28344334,50.46747321,48.98010757,50.69807687,49.46350127,50.27616938,47.80754592,45.49282144,45.49282144,90.60170101
03/01/2018,47.75599195,52.44740317,51.67665136,49.3985122,51.13871737,49.92391932,50.77536719,48.23886507,45.71590457,45.71590457,91.53952015
03/02/2018,49.37071227,52.35238737,52.05696259,48.93946763,50.60519666,49.16344584,49.63085183,46.21455812,43.56631767,43.56631767,90.2589413
03/03/2018,49.63903606,52.10363925,51.41978759,48.9418479,50.63344449,49.292603,49.89773339,46.57473985,43.37728709,43.37728709,91.32527051
03/04/2018,49.88316729,53.19409079,52.50367281,49.35865152,51.0726795,49.75113155,50.39922441,47.12676139,43.89064921,43.89064921,90.86156564
03/05/2018,50.3270048,52.28147328,51.62399878,48.7652121,50.4695714,49.19585985,49.81980719,46.56445383,43.41425068,43.41425068,90.51623823
03/06/2018,50.46455109,49.50299638,49.05750023,46.7660284,48.38644145,47.08962962,47.47558295,43.77130066,40.47607892,40.47607892,90.12454242
03/07/2018,47.43690079,45.7200082,44.95737646,43.96832376,45.45418953,44.127039,44.55826563,41.066428,37.52354275,37.52354275,89.23359994
03/08/2018,44.13193872,43.61178575,42.98698404,42.93146382,44.43632126,43.29683912,43.63221333,39.97180542,36.40351583,36.40351583,89.10406129
03/09/2018,41.35372715,44.09582272,43.4799522,42.73464749,44.22113184,43.0814095,43.40786115,39.76279927,36.2131677,36.2131677,88.42570668
03/10/2018,41.32249715,41.95667528,41.41244226,41.56201996,43.02813321,41.96593839,42.34286184,38.71240059,35.25653827,35.25653827,87.94408653
03/11/2018,39.56878248,44.03032511,43.58867538,42.3016278,43.76052946,42.5794194,42.8346714,39.1327263,35.63934145,35.63934145,88.40968313
03/12/2018,41.89572161,42.49430832,41.98680224,41.69956964,43.1429107,41.97153787,42.21443042,38.50321811,35.06602955,35.06602955,87.6324164
03/13/2018,40.63448217,43.38853487,42.75937006,43.16790278,44.56487673,42.85062823,42.46461071,38.29986755,34.88083213,34.88083213,88.19972752
03/14/2018,40.40146252,39.25372927,38.79705531,40.25074408,41.53361869,39.82379068,39.32608725,35.06295144,31.93287605,31.93287605,86.49607916
03/15/2018,35.89564113,39.20806765,38.72813342,40.35517484,41.63955279,39.8934831,39.35555497,35.06295144,31.93287605,31.93287605,86.44688514
03/16/2018,35.99981931,38.70771775,38.35294733,39.58610908,40.83956201,39.10232753,38.54459885,34.23185454,30.63203835,30.44410763,85.4111702
03/17/2018,36.33560884,35.65991281,34.86356574,37.60720378,38.79618768,37.13894591,36.60067314,32.47508053,28.91060716,28.91486968,85.9059283
03/18/2018,33.93009843,36.12359011,35.2983896,38.1493308,39.36224534,37.70682649,37.19235246,33.1137544,30.03581941,30.23301328,86.13334574
03/19/2018,34.03679359,39.70500453,39.3405471,39.97959639,41.25523624,39.53757943,39.01955746,34.81689678,31.96136751,32.06912497,84.87067656
03/20/2018,36.1571745,40.05705289,39.72729962,40.61515188,41.91279048,40.17434966,39.65611595,35.41392269,32.65598514,32.83282687,85.82105593
03/21/2018,36.98189146,40.89483378,40.42506312,41.15176226,42.458452,40.66634783,40.10347775,35.67665368,32.20458309,32.21690452,85.91094109
03/22/2018,37.13276804,40.12391157,39.64550386,40.96404393,42.26115692,40.46352625,39.88638691,35.42275502,31.67368623,31.58786168,85.82899427
03/23/2018,35.9559022,41.59978038,41.29020624,43.48238557,44.89912307,43.14205862,42.71495747,38.20925551,33.63386818,33.36438145,86.16975586
03/24/2018,36.02116834,41.56885334,41.03042802,45.17303487,46.65367571,44.86184796,44.45966936,39.74376841,33.65799165,33.12320405,88.04744099
03/25/2018,35.22765773,41.13756206,40.62882097,44.39306722,45.84466999,44.07055511,43.65892284,39.01417403,33.14101811,32.62551208,86.33970306
03/26/2018,34.86964047,39.11247175,38.61177903,43.79856865,45.23839773,43.51722184,43.14726255,38.62380056,32.44767172,31.78643547,86.77525144
03/27/2018,33.12648585,37.5338746,37.06765479,43.08385973,44.5080688,42.84498413,42.51829998,38.14980511,32.40906718,31.80296701,86.56068956
03/28/2018,31.42111192,37.62755515,37.14912007,42.9654111,44.38552834,42.72634451,42.39972324,38.05149508,32.73994941,32.25358562,85.77388557
03/29/2018,31.57943004,34.11976546,33.57576316,41.11088568,42.48431172,40.95243914,40.70914782,36.71667825,32.24382871,31.81900086,85.13460209
03/30/2018,27.90748496,34.03765086,33.39490776,41.19775242,42.57088636,41.02357389,40.76455425,36.71667825,32.24382871,31.81900086,85.08295341
03/31/2018,27.50773485,33.96172289,32.98856268,40.96966239,42.28780557,40.56809619,40.08503088,35.36477417,31.05661445,30.64742872,86.08110379
04/01/2018,27.64217791,33.15441246,32.11710677,40.65568477,41.96251569,40.25138889,39.76635638,35.06529918,30.79362171,30.38790103,85.03323473
04/02/2018,26.82035291,34.63284835,33.51215231,41.74368777,43.05817761,41.19755251,40.57167798,35.36223816,31.05438739,30.645231,86.23403424
04/03/2018,27.72351237,36.45848713,35.37644992,42.0879667,43.40066192,41.47686888,40.78721111,35.36223816,31.05438739,30.645231,86.72475544
04/04/2018,29.5488305,33.74106904,32.58023648,41.5296684,42.8454355,41.02457608,40.43871027,35.36223816,31.05438739,30.645231,86.16577867
04/05/2018,26.83119412,34.67914029,33.72021524,42.60896811,43.9883544,42.23162598,41.76739913,36.96372542,32.46078043,32.03309414,86.12410108
04/06/2018,26.99227418,33.2138636,31.70923123,42.50228493,43.45514785,40.23988203,37.96810811,30.45451961,23.12239584,22.81774723,84.41125029
04/07/2018,25.93354485,33.91846108,32.46126399,42.134151,43.10818662,40.18106575,38.22218101,30.84465635,23.12239584,22.81774723,85.27805484
04/08/2018,26.81434064,34.23292973,32.82858421,42.15863303,43.1360348,40.27841036,38.39966341,31.02033089,23.12239584,22.81774723,85.32762934
04/09/2018,27.34774398,33.58456817,32.16512865,42.13085494,43.08415551,40.09276594,38.05917606,30.68267903,23.12239584,22.81774723,84.06686365
04/10/2018,26.84931231,33.90960429,32.47842493,42.15710887,43.08498275,40.05096185,37.96897399,30.59035841,23.12239584,22.81774723,84.50568397
04/11/2018,27.18367013,36.00885314,34.65374943,42.65599221,43.7419561,40.7109231,38.65298462,31.09132319,23.12239584,22.81774723,85.64874073
04/12/2018,28.19603792,38.70348381,37.45288349,42.3974242,43.52050056,41.14921923,39.8339125,32.40315204,23.12239584,22.81774723,89.32364754
04/13/2018,31.62474606,38.8102409,37.60051059,42.39821542,43.49858525,41.10403194,39.82137475,32.52247107,23.20754008,22.90176965,89.4377422
04/14/2018,31.60881852,39.43925783,38.83122491,42.45606606,43.59474475,41.46261593,40.3391438,32.9760929,23.53123771,23.22120241,89.76015226
04/15/2018,31.79830086,40.93305932,40.33685501,42.5393569,43.92751413,42.68829924,42.08274731,34.68822567,24.75298958,24.42685712,90.43651661
04/16/2018,33.5302539,39.78895648,39.17507701,42.47745427,43.70264478,41.84017683,40.85748526,33.23259759,23.71427555,23.40182864,88.70564236
04/17/2018,32.72158678,39.94945072,39.38652644,42.4446697,43.6397783,41.55244532,40.3658026,32.62922997,23.28372161,22.97694745,88.80025519
04/18/2018,32.30808813,42.22770512,41.81597845,42.50764254,43.89466105,42.47018196,41.63679879,34.01948508,24.27578648,23.9559414,90.55546245
04/19/2018,33.97791656,43.93890605,43.58881391,42.57071373,44.33643785,44.14424009,44.06433483,36.47702454,26.02944921,25.68649878,91.55797887
04/20/2018,35.69296132,47.68472395,48.06025768,42.73488799,44.9431413,46.61668896,47.50815538,39.42451055,28.13273035,27.76206818,91.80736918
04/21/2018,37.73639574,47.1832445,47.53943549,42.73179242,44.78065631,45.96432503,46.62640001,38.65410134,27.58297807,27.21955915,91.69599978
04/22/2018,38.31863474,47.11199821,47.47062425,42.73469693,44.94537961,46.69845876,47.67949797,39.53628939,28.21249402,27.84078094,91.65857807
04/23/2018,38.36796068,48.71785833,49.26497971,42.77205472,45.20746467,47.79846547,49.17297387,40.81473985,29.1247768,28.74104396,91.75243475
04/24/2018,39.5638826,53.37690909,54.8913472,43.39764415,46.33881588,51.19724318,53.75421293,44.72492759,31.91502723,31.4945315,93.00299949
04/25/2018,43.11713095,48.0606729,49.28448431,42.7817006,44.82056421,45.9590935,46.26626273,38.27539888,27.31274176,26.95288334,91.74640192
04/26/2018,38.11944132,51.03719289,52.48973719,42.88537316,45.38720913,48.33290885,49.77721966,41.30381534,29.47377362,29.08544258,91.89964799
04/27/2018,40.44179135,50.32431172,51.81254915,43.25793074,45.46199539,47.06588513,48.65997389,40.41825838,28.84185366,28.46184846,92.81286714
04/28/2018,39.306753,52.92660696,55.02789849,42.92164687,45.57715626,49.16037401,51.42046382,42.72099931,30.48505452,30.08339937,93.69544814
04/29/2018,41.26848652,54.16302597,56.45034646,42.93217209,45.64995453,49.50019017,52.03630147,43.1898565,30.81962387,30.41356061,94.626019
04/30/2018,42.19048534,51.89927989,54.20157806,42.92286073,45.37639724,48.21691589,50.24752286,41.77835579,29.81239846,29.41960587,93.17342086
05/01/2018,40.71370526,52.38762027,54.76143924,43.32523714,45.77746613,48.44967903,50.62785052,42.08697687,30.03262576,29.63693157,94.45295136
05/02/2018,40.63032966,53.18932463,55.6521655,42.92566554,45.59741769,49.24614961,51.62657483,42.91737092,30.62518231,30.2216809,94.02340319
05/03/2018,41.33887999,54.46205714,56.39894862,43.00082825,46.61350849,54.01275864,57.57128978,48.0929368,34.31838731,33.86622616,94.8223394
05/04/2018,43.67620199,54.54555982,56.42700019,42.99651524,46.53593271,53.56451632,57.09351585,47.69382203,34.03358509,33.58517635,93.64331871
05/05/2018,43.65140875,56.14716221,58.12537032,43.02412088,46.81710086,54.56721259,58.16227291,48.58662235,34.6706738,34.21387111,94.1444593
05/06/2018,44.89557016,54.9883536,56.91954753,42.99190289,46.45076678,53.4443067,56.96538644,47.58678744,33.95720683,33.50980441,92.74467154
05/07/2018,43.97241161,53.44757657,55.37728351,42.94473595,45.93423477,52.24941158,55.69176785,46.52285334,33.19799966,32.76060016,92.30853954
05/08/2018,42.35186791,52.83442785,54.719159,43.34069919,45.96644911,51.62744307,55.02882209,45.96905285,32.80281607,32.3706233,92.32286011
05/09/2018,41.62346997,53.04377188,54.93264963,43.35320779,46.13447587,51.9964312,55.42212032,46.29759972,33.03726211,32.6019804,95.30143338
05/10/2018,41.72365486,50.67447163,52.0995055,43.28612113,45.60409959,50.45634575,53.78056918,44.92630831,32.05872944,31.63634036,92.69747318
05/11/2018,39.97972502,46.39729129,47.24129331,43.20190286,43.97419522,44.93281005,47.48668092,38.34899723,27.1168545,26.75957699,86.59655784
05/12/2018,36.92425855,47.31799309,48.23043621,43.20822382,44.3336932,45.89433026,48.40875829,38.42622621,27.1168545,26.75957699,87.63934283
05/13/2018,37.60550935,49.17222155,50.47787972,43.25553225,45.18433639,48.43410626,52.14607089,43.90337436,31.29693606,30.88458397,89.21829647
05/14/2018,39.03984473,48.54867343,49.79285218,43.25483874,45.36934831,48.99719907,52.77952407,43.90337436,31.29693606,30.88458397,88.87302244
05/15/2018,38.86939666,46.25250542,47.03740821,43.20871857,44.18952924,45.01087384,47.6372684,37.64553149,26.47249209,26.12370436,85.69451455
05/16/2018,37.32810956,46.06502656,47.17480598,42.79628384,44.34877143,46.63354667,50.68369229,42.79648646,30.55324474,30.15069114,84.86302795
05/17/2018,36.93421182,44.22344392,44.90781532,43.1628361,43.52510224,43.1682728,45.9379854,36.67831208,25.84344129,25.50294161,83.03475417
05/18/2018,35.21310332,45.73282749,46.45714133,43.17757292,43.95698733,43.9959607,46.66053397,36.97014969,25.84344129,25.50294161,83.78685459
05/19/2018,36.02344244,45.34841755,46.0676392,43.17721957,43.7847157,43.7763443,46.44256385,36.82416751,25.84344129,25.50294161,83.97004152
05/20/2018,35.82083544,47.13880682,48.2774543,42.7993083,44.4379027,46.48072551,50.20967267,41.41760394,29.82722534,29.43423739,85.27199691
05/21/2018,37.18146935,46.62360346,47.98526079,43.23111137,44.44931749,46.63789393,51.71839656,45.15410902,33.81009627,33.3646321,85.9642096
05/22/2018,36.51917824,44.03948848,44.99905643,43.17636527,43.32194187,43.52202391,47.51199798,40.00204216,29.29538703,28.90940631,83.55220804
05/23/2018,34.39615244,40.46883563,40.98641783,43.10620873,41.79143976,39.40259973,42.42989175,34.61192598,24.77948321,24.45300168,80.63554055
05/24/2018,31.78030556,42.3041476,43.27118387,42.70753234,42.57679692,41.79078402,45.91289059,39.13046555,28.59925739,28.22244851,83.30053259
05/25/2018,32.58385957,41.49555298,42.3591441,43.11294588,42.58623672,41.44558759,45.02746531,38.37583862,28.04772371,27.67818155,82.61621525
05/26/2018,31.85683296,41.22594617,42.1265648,42.67469278,42.0427083,40.82620487,44.4917765,37.91928378,27.71404177,27.34889603,82.07005845
05/27/2018,31.49549826,40.86546962,41.73348999,42.67624534,42.0712351,40.88006685,44.67819511,38.07816393,27.8301624,27.46348672,82.09529392
05/28/2018,31.22297964,38.20401549,38.63751065,43.04487916,41.77749219,39.99352441,42.84555659,36.51624967,26.68860717,26.33697202,77.79575044
05/29/2018,29.19861893,40.43455304,40.99225101,43.08794117,42.55696544,41.3736881,44.81319074,38.1932175,27.91425153,27.54646793,79.90077816
05/30/2018,31.21068851,40.02824537,40.58275439,42.65730298,42.1493987,40.99287161,44.36314077,37.8096506,27.63391424,27.26982422,79.04080721
05/31/2018,30.9573331,41.17528272,41.76097405,42.66819563,42.35013124,41.35646558,44.98932285,38.34333071,28.02396467,27.65473555,79.31615373
06/01/2018,31.53708075,40.92549669,41.27445268,42.82057903,42.28997931,41.57930743,45.2317397,38.54993683,28.17496675,27.8037481,78.36101541
06/02/2018,31.75652859,42.9603866,43.56297773,43.05266995,43.85679704,43.76015713,47.6041608,40.57189495,29.65275394,29.26206474,82.82813402
06/03/2018,32.56933134,43.844728,44.52777806,43.35144497,44.14802504,44.01155932,47.8776468,40.80498057,29.82310907,29.43017536,84.62056536
06/04/2018,33.34304915,41.91581489,42.30106327,42.92349524,42.84719049,42.31797512,46.03529384,39.23478693,28.67550269,28.29768924,79.35359142
06/05/2018,32.22888507,43.58095524,44.13494623,43.71637035,43.7537336,43.29253132,47.09545755,40.13833926,29.33588138,28.94936713,82.19031729
06/06/2018,32.88682303,43.38983107,43.5854652,44.07127317,43.28676084,43.19302718,46.98721271,40.04608475,29.26845539,28.88282951,80.0496627
06/07/2018,32.83337867,43.26765762,43.53979164,43.40519522,43.44266145,43.75839399,47.60224278,40.57026027,29.6515592,29.26088574,80.52592224
06/08/2018,32.83462876,42.83557208,43.05904318,43.79160473,43.31284756,43.49472459,47.31541199,40.3258012,29.45517765,29.02934747,78.50067654
06/09/2018,32.51164841,42.42991937,42.64255055,44.16202885,42.96218491,42.92359583,46.69411382,39.79628354,29.07888378,28.68079865,77.72314715
06/10/2018,31.86044222,37.25390169,37.01532739,43.01429411,39.1936744,38.37244283,41.74317595,35.57671685,25.95184288,25.50321964,64.90919926
06/11/2018,28.43882497,38.18196928,37.89782488,43.46347643,39.97591654,39.35341832,42.81032282,36.48622077,26.59202219,26.08296115,65.85980047
06/12/2018,28.96447483,36.09097677,35.76124035,43.3117681,38.54296275,37.64688246,40.9538805,34.9040191,25.3923338,24.80766872,59.61902292
06/13/2018,27.1832274,34.90017247,34.58603131,43.19344543,37.42729774,36.26065742,39.44588593,33.61879116,24.47135454,23.9374525,57.89773957
06/14/2018,26.06745135,36.74170644,36.45001042,43.35611127,38.84524767,37.94249288,41.2754581,35.17809204,25.63823116,25.14614195,62.47442209
06/15/2018,27.65087433,35.59112057,35.25937254,43.68363459,38.35592936,36.38350087,39.57952026,33.73268453,24.58480018,24.11293007,60.16500718
06/16/2018,26.35258131,35.89573946,35.54486415,43.30654428,38.46071866,36.71241476,39.93732678,34.03763452,24.80705153,24.33091562,60.00514591
06/17/2018,26.62283342,35.93297408,35.54078506,43.69468033,38.48770808,36.30924896,39.49874588,33.66384244,24.53462721,24.0637201,59.72612573
06/18/2018,26.38202276,36.61768368,36.2224558,43.36577428,39.01823263,37.49879395,40.79278353,34.76671998,25.33841808,24.85208335,60.7793222
06/19/2018,27.43720121,36.8777922,36.48194314,43.37640434,39.12397396,37.64406789,40.9508187,34.9014096,25.43658155,24.94836272,61.12652065
06/20/2018,27.84408686,36.40726405,36.03042558,42.96376778,38.95554027,37.32630464,40.60514231,34.60679783,25.22186482,24.73776717,60.03564306
06/21/2018,27.67594779,36.3590712,35.93072978,43.35599077,39.00236126,37.14800629,40.41118179,34.44148988,25.10138634,24.6196011,59.73081971
06/22/2018,27.45219066,32.88375998,32.44709881,43.07493602,36.96998578,32.36319609,35.20606167,30.0052897,21.86822845,21.44849906,52.1627774
06/23/2018,24.5341294,32.89988152,32.44544003,43.09588991,37.21560932,32.32725613,35.16696465,29.97196824,21.84394336,21.42468008,51.70462947
06/24/2018,24.81616445,32.03182245,31.57073925,43.49280801,37.4282118,31.94913826,34.75563194,29.62139915,21.58844424,21.1740849,50.66087195
06/25/2018,24.32412591,32.35368359,31.89377986,43.12137469,37.48437955,32.40489055,35.25141867,30.0439464,21.89640193,21.47613179,51.12263013
06/26/2018,24.65517266,30.24807384,29.40192465,43.02308333,36.99667133,30.86239343,33.57342468,28.613832,20.85411677,20.45385179,47.05917275
06/27/2018,23.48164281,30.78999486,29.96771847,42.65725329,37.01472298,31.73565375,34.52339441,29.42346862,21.44419001,21.03259943,48.52359039
06/28/2018,23.88099852,29.50218319,28.67727668,42.53705939,36.21060832,30.08048216,32.72282833,27.88888894,20.32576925,19.93564515,45.75377786
06/29/2018,22.79134246,30.58869699,29.73328948,43.07627989,37.59922104,31.35080386,33.94710267,28.38845753,20.55557734,19.93564515,47.27440335
06/30/2018,23.75943562,31.39533005,30.55612138,42.75149046,38.5575821,32.32851255,34.78608832,28.71888007,20.70658952,19.93564515,48.53204251
07/01/2018,24.55557356,31.23332035,30.40340344,42.74268752,38.31685023,32.10948157,34.55732772,28.57493362,20.6410812,19.93564515,48.42365991
07/02/2018,24.39162042,32.53210579,31.72352128,42.83953398,40.01266095,33.62904216,35.78102199,29.19643252,20.92444345,19.93564515,50.69402228
07/03/2018,25.69008267,32.1121577,31.29697428,43.20816824,39.86136154,33.35174725,35.50236073,29.17677637,20.91555191,19.93564515,50.5100389
07/04/2018,25.23486053,32.20046717,31.39816586,42.82949029,39.91621548,33.48300171,35.61590688,29.22459149,20.93718665,19.93564515,50.53163725
07/05/2018,25.50823098,32.14769387,31.31812629,43.64534858,39.75359161,33.17932624,35.28337446,29.0104518,20.84035408,19.93564515,50.76374053
07/06/2018,25.33642801,31.83056859,31.01225945,43.24958482,39.52176949,33.05176858,35.23771681,29.00553425,20.84035408,19.93564515,50.07648878
07/07/2018,25.38303893,32.81139154,31.94112364,43.72295449,40.56738724,33.93652612,35.84875548,29.2186328,20.84035408,19.93564515,51.60964402
07/08/2018,25.99322746,32.11968235,31.27256547,43.28237054,40.21099969,33.69026863,35.72628379,29.18821987,20.84035408,19.93564515,50.47077372
07/09/2018,25.78859851,31.51417733,30.63369734,43.67586882,39.36324059,32.70024203,35.18558106,29.03710747,20.84035408,19.93564515,48.39804839
07/10/2018,25.27135318,29.7638443,28.95700306,43.1066059,36.98316404,30.57469917,33.66525471,28.49540123,20.84035408,19.93564515,45.52339644
07/11/2018,23.68522617,29.94966203,29.12909072,43.13212616,37.53735839,31.07620821,34.06930518,28.65271851,20.84035408,19.93564515,45.28809629
07/12/2018,24.04779976,29.11423839,28.33894174,42.65806226,36.51414862,30.21582872,33.4608319,28.4365853,20.84035408,19.93564515,44.13680235
07/13/2018,23.37294478,29.58640188,28.808047,43.07194954,36.66738787,30.33770918,33.59065611,28.54691601,20.92121228,20.01299318,44.74809577
07/14/2018,23.59507511,29.63213498,28.85510117,43.08240011,36.81980629,30.48460802,33.77501861,28.70359592,21.03603847,20.12283461,44.80178818
07/15/2018,23.64173148,30.28502978,29.52922679,42.6896546,37.03511892,31.00800803,34.71556729,29.50291832,21.62183883,20.68320456,45.45469433
07/16/2018,24.2084677,32.20895406,31.43745411,42.78898455,38.51144832,32.71643601,37.12704843,31.55230817,23.12377761,22.11994207,46.88757186
07/17/2018,25.88143789,33.77247621,32.96727362,43.34227115,40.80294829,35.03202333,40.14964869,34.12105573,25.00633868,23.92077853,48.39444467
07/18/2018,27.4994669,33.51686971,32.74311916,43.35397441,40.99170339,35.07419401,40.06838673,34.0519955,24.95572643,23.87236343,48.60139748
07/19/2018,27.19177774,33.39309605,32.61919244,42.95828848,41.22388465,35.17017938,40.06740649,34.05116244,24.95511591,23.87177941,48.13846773
07/20/2018,27.20679498,31.88603865,31.10559436,43.35992895,40.63758741,34.31220993,39.08997016,33.22049118,24.34634087,23.28943215,44.99692933
07/21/2018,26.19902843,32.52948408,31.74532611,43.37029867,41.06103456,34.83380533,39.68419446,33.72549088,24.7164406,23.64346533,46.44117421
07/22/2018,26.62490284,32.15632643,31.38066391,42.94679225,40.86004799,34.70592413,39.53850661,33.6016785,24.62570208,23.55666589,45.64733959
07/23/2018,26.5699563,32.18417172,31.39827552,42.99183626,41.92816298,35.91181869,40.91231442,34.76920486,25.48134851,24.37516752,45.57056398
07/24/2018,27.00655983,33.82531361,33.00276177,43.09493476,44.61471066,39.01719764,44.45009793,37.77577932,27.68478031,26.48294526,49.05360746
07/25/2018,28.96202534,33.89281815,33.08553533,43.06075505,43.99814781,38.37080648,43.71370086,37.14995452,27.22613134,26.04420689,49.0917487
07/26/2018,28.30830011,33.19835945,32.39315885,43.0274936,42.88940445,37.01641532,42.17071922,35.83865631,26.26511866,25.12491311,47.09171718
07/27/2018,27.60540631,33.75814154,32.92440017,43.35838194,44.01173711,37.83310815,42.95071152,36.49945949,26.74940228,25.5881733,48.33904963
07/28/2018,28.16668652,33.8515576,33.00229888,43.34293091,44.1461727,37.84601364,42.93179548,36.4832728,26.73753952,25.57682552,48.49945926
07/29/2018,28.24509662,33.67369577,32.83594671,43.02850906,44.27646926,37.90245479,43.26843071,36.77482345,26.95120859,25.78121891,48.65497108
07/30/2018,28.25799059,32.88145613,32.04217683,42.6013568,44.00856323,37.21417055,42.48386888,36.11034377,26.46423057,25.3153813,48.42960052
07/31/2018,27.91966852,31.90628264,31.09467014,41.84590227,41.8970746,35.66017344,40.79268552,34.67375401,25.41139533,24.30825111,46.00144027
08/01/2018,26.41031724,31.59980594,30.80938194,41.8250601,41.19494405,35.71468972,40.85857211,34.72692371,25.45036187,24.34552605,45.07256205
08/02/2018,26.00231703,31.21349263,30.40855284,41.74573149,40.83129588,34.6484554,39.31180032,33.41017772,24.48535667,23.42241308,44.72982989
08/03/2018,25.5111658,31.17204138,30.37858873,41.31339951,40.12424096,34.31114625,38.92909265,33.08492344,24.24698718,23.19439154,43.96235842
08/04/2018,25.41035686,29.24875151,28.17997058,41.21870004,37.89547399,32.39025782,36.74967132,31.23268433,22.8895345,21.89586778,41.05024413
08/05/2018,24.2503026,30.30982261,29.51566755,41.2295627,38.09254223,32.6527481,37.04749024,31.48579365,23.07503103,22.07331165,41.76105546
08/06/2018,24.46113853,29.02359578,27.92913758,41.5971412,37.4614323,32.16149335,36.49011738,31.01209552,22.72787132,21.74122262,40.5686906
08/07/2018,24.03592004,27.83391388,26.78340311,41.54865998,36.35457309,30.86112512,35.01473225,29.75820028,21.80892762,20.86217156,39.42838482
08/08/2018,22.89888293,25.48323078,24.46149579,41.43420359,33.85585459,28.6197203,32.47165614,27.5968995,20.22497255,19.34697819,36.80892197
08/09/2018,21.01940208,26.36694354,25.32063741,41.50211146,35.23009099,29.67745781,33.67175483,28.61683525,20.97245407,20.0620105,38.26382646
08/10/2018,21.85220354,25.02366024,24.04886534,41.40505024,33.11049819,27.83282209,31.11733735,26.04610719,19.08844154,18.25978559,37.72172205
08/11/2018,20.42318658,24.46973664,23.49398846,41.82966454,33.6995839,28.22602454,30.77234946,25.08795769,18.38624138,17.58806892,38.16671688
08/12/2018,20.10674509,24.50798698,23.54304488,41.43657292,33.84358643,28.3235379,30.70536611,24.88934235,18.24068192,17.4488284,37.91477925
08/13/2018,20.37152672,22.22293389,20.71207738,41.43016079,33.7088583,28.01063253,28.8730536,22.1704852,16.24810985,15.54275667,37.87923688
08/14/2018,19.60735207,21.5812555,20.1272724,41.0047374,33.18093281,27.55104397,28.25103654,21.576811,15.81302313,15.12655768,37.44848868
08/15/2018,19.24040662,21.81021789,20.32998439,41.42856142,33.75823406,28.02081802,28.66518458,21.84052275,16.00628988,15.31143444,37.88965841
08/16/2018,19.44225616,22.03015628,20.5151732,41.43523834,33.89819879,28.16672805,29.02375278,22.2762679,16.32563495,15.61691629,37.92665106
08/17/2018,19.65685631,25.00370505,23.94194977,41.14464388,35.18915383,31.86981917,32.0292661,24.53828029,17.95885041,17.17923158,38.05078699
08/18/2018,21.18686774,23.59335901,22.61167285,41.47311852,34.34014971,29.36424731,29.78215743,22.86879273,16.76551011,16.03769585,38.0732402
08/19/2018,20.15780597,24.05717156,23.0494258,41.50357602,34.77736751,30.34775261,30.40698897,23.3150378,17.07426294,16.3330453,38.20741828
08/20/2018,20.56161009,22.65686804,21.71672529,41.81609067,33.70508037,27.88574687,27.60158838,21.14732287,15.47767279,14.80576536,38.15627888
08/21/2018,19.4077679,23.17694547,22.20001369,41.4925765,34.6545108,29.04302703,28.44974715,21.78092977,15.93252639,15.24087313,38.17921212
08/22/2018,20.09827492,21.67866031,20.05274279,41.44532947,34.05085837,27.76109986,27.29423874,20.93862253,15.33955868,14.67364698,37.99512635
08/23/2018,19.51653082,23.08924434,22.00948355,41.11783864,34.88516208,28.48045559,27.89537453,21.38679131,15.66076653,14.98091074,37.97664802
08/24/2018,20.07402112,23.35630638,22.24080036,41.5788716,35.85944248,29.08789273,28.45465742,21.70617355,15.88622045,15.1965774,38.53198656
08/25/2018,20.49016342,23.32989473,22.21598104,41.59420104,36.08939009,28.8725605,28.30545122,21.77982285,15.95453892,15.26193007,38.59518627
08/26/2018,20.56608031,23.1168153,22.0235107,41.1820312,35.78969836,28.42654355,27.83643344,21.32117949,15.61104123,14.93334409,38.22452988
08/27/2018,20.37652819,24.08790425,22.92442324,41.27184975,36.72389257,29.43868803,28.8431955,22.14018396,16.21438737,15.51049812,38.4797351
08/28/2018,21.1860358,25.00074608,23.77430052,41.36421768,37.83581345,30.49593434,29.8633696,22.87510924,16.74890436,16.02181099,38.77774146
08/29/2018,21.92565941,24.66700739,23.47451755,41.72416162,37.57300572,29.85542092,29.26474084,22.50419156,16.48406386,15.76846758,38.99889073
08/30/2018,21.66762096,24.27348335,23.11832735,41.68819588,37.20368578,29.34119295,28.73836481,22.03075632,16.13199356,15.43168115,38.90084078
08/31/2018,21.47367361,24.55321001,23.3852646,41.71928285,37.76731688,29.95245448,29.3370677,22.48972041,16.46806944,15.7531675,38.99364321
09/01/2018,21.54820455,25.41094108,24.17408308,41.40803236,39.17264648,31.45762113,30.81131001,23.61987077,17.29562061,16.54479352,38.95245164
09/02/2018,22.36214421,25.51362977,24.26722279,41.435682,39.37539332,31.46492414,30.81846298,23.62535422,17.29963586,16.54863446,39.07300799
09/03/2018,22.50441866,25.2345252,24.00632825,41.42969605,39.26952347,31.35499086,30.71078833,23.54281111,17.23919377,16.49081625,39.05383202
09/04/2018,22.2778237,25.47324126,24.22125807,41.47697034,40.12754594,32.25218566,31.58954986,24.21646743,17.73247776,16.96268609,39.20671571
09/05/2018,22.45260659,22.28631436,21.2726336,41.98619925,35.89832313,28.16774221,27.58902315,21.14967397,15.48682212,14.8145175,38.88185626
09/06/2018,19.77280014,22.25142539,21.26156033,41.48781195,34.78849277,27.50469485,26.9395984,20.65182664,15.12227404,14.46579496,38.17036514
09/07/2018,19.3155273,21.79275304,20.83302357,41.81852367,34.29844804,26.63888519,26.2364516,20.11279611,14.72756961,14.08822521,38.30718494
09/08/2018,18.82574341,20.12144038,18.36476153,41.28570824,32.82036791,25.03361282,24.9639277,19.13728257,14.01325105,13.40491622,37.57546076
09/09/2018,17.97402112,20.30895153,18.53420253,41.34112967,33.1602796,25.18474432,25.26870769,19.37092613,14.18433625,13.56857437,37.7220599
09/10/2018,18.19429704,20.26913218,18.50012856,41.35038616,33.30012328,25.07945054,24.75442461,18.97667805,13.89564859,13.29241904,37.77827674
09/11/2018,18.19210711,19.89489679,18.17665796,41.31676218,33.06463432,24.24227773,23.84527673,18.27972762,13.38530752,12.80423259,37.76170999
09/12/2018,17.91799314,19.74519451,18.03960815,41.31932479,33.18036986,24.12746914,23.59431183,18.08733858,13.24443089,12.66947161,37.82122029
09/13/2018,17.97879259,20.80521888,18.97569693,41.80942714,34.39373419,25.94308975,24.9019176,19.08974579,13.9784423,13.37161856,38.39223402
09/14/2018,18.82371573,20.75080696,18.91909962,41.44295402,34.36945008,25.24978991,24.2364419,18.57959384,13.60488418,13.01427712,38.49027731
09/15/2018,18.7758653,21.05120235,19.18466222,41.46078731,34.52997914,25.32564654,24.30925419,18.63541155,13.64575662,13.05337524,38.687912
09/16/2018,19.0043546,20.98880065,19.13242295,41.44714666,34.39239183,25.23722056,24.224377,18.57034492,13.59811167,13.00779861,38.50039273
09/17/2018,18.92027158,19.82156185,18.10331314,41.30497395,33.12397559,23.70766836,22.75621021,17.44485204,12.77397093,12.21943498,37.89742461
09/18/2018,17.89333974,20.67014416,18.85531925,41.35767209,33.59574333,24.45678961,23.47526703,17.99607914,13.17760628,12.60554795,38.04604428
09/19/2018,18.55387971,20.72482528,18.9063558,41.37298928,33.73907315,24.17959805,23.20919998,17.79211283,13.0282522,12.46267755,38.13685397
09/20/2018,18.62880562,22.8728473,21.69993036,41.44869932,34.37181309,25.44278938,24.42169575,18.72160896,13.70887457,13.11375314,38.63517927
09/21/2018,19.72732169,24.40726817,23.13350951,41.1667621,35.48843728,26.98856436,25.93205786,19.87944866,14.45053619,13.82321819,38.71588309
09/22/2018,21.17551419,24.11540457,22.85725408,41.54177448,35.42002864,26.64699278,25.59312837,19.61962618,14.12830749,13.5149779,38.82750508
09/23/2018,21.03576171,24.68928739,23.39620063,41.15293086,35.3601717,26.81923385,25.76660514,19.75261303,14.25110759,13.63244707,38.57863185
09/24/2018,21.13131125,23.36232628,22.15553421,41.4772983,34.747773,25.74924336,24.71617582,18.94735662,13.64382541,13.05152786,38.60179622
09/25/2018,20.15454753,23.02172812,21.85332273,41.4095937,33.95409014,24.88786589,23.87924267,18.30576583,13.06651417,12.49927851,38.3175656
09/26/2018,19.83382217,23.27834877,22.09101526,41.42897803,34.20874432,24.8464753,23.83109128,18.26885309,13.3702612,12.78983945,38.27349516
09/27/2018,19.88509857,24.31935504,23.04106561,41.13656527,35.15286092,25.87011252,24.82539499,19.03108375,13.88925838,13.28630624,38.31191208
09/28/2018,20.80943081,24.03189095,22.77159899,41.49432295,34.98069683,25.48451224,24.31601956,18.53005897,13.4469796,12.8632274,38.56855862
09/29/2018,20.5114352,24.22451888,22.97231531,41.09373684,34.75796831,25.86507082,24.51236182,18.43057677,13.36948915,12.78910092,38.31019284
09/30/2018,20.68507974,24.25539306,22.99645076,41.48028291,34.88199594,25.97657934,24.51989062,18.31132441,13.26559053,12.68971268,38.56682786
10/01/2018,20.76272704,24.0955088,22.85879364,41.07546894,34.69226533,25.79375226,24.40062456,18.30115697,13.25925462,12.68365183,38.30847368
10/02/2018,20.69446631,23.80355808,22.55767419,41.070874,34.51534277,25.53873923,24.25059097,18.27815094,13.2777208,12.70131636,37.78698698
10/03/2018,20.17755268,23.48193239,22.27351244,41.03311433,34.23247729,25.07873773,23.7417711,17.86677409,12.91957178,12.35871509,37.78698698
10/04/2018,20.0744464,23.62210874,22.40079838,41.06869694,34.62036618,25.32301296,23.90919612,17.96812569,12.94060226,12.37883261,37.78698698
10/05/2018,20.25477414,23.82504492,22.5711888,41.11188439,34.87494659,25.60872193,24.04968279,18.07370356,13.01663919,12.45156867,38.1701068
10/06/2018,20.40522914,23.35059985,22.12389265,41.06577549,34.68960659,25.38380282,23.79918088,17.88544755,12.88105766,12.32187292,36.72497558
10/07/2018,20.13429676,23.57147808,22.32646403,41.09148152,34.76848163,25.47332277,23.89510632,17.95753699,12.9329763,12.3715377,37.99926519
10/08/2018,20.17037429,23.79209718,22.52572247,41.1250871,35.03240801,25.81472414,24.33615365,18.28899079,13.17168855,12.59988712,37.98919023
10/09/2018,20.44611094,23.61184769,22.35953994,41.10771108,34.97830903,25.7560262,24.32222229,18.27852116,13.16414835,12.59267425,37.85737131
10/10/2018,20.29716587,23.43667232,22.19908461,41.07286765,34.67533729,25.54660404,24.16422571,18.15978431,13.07863435,12.51087254,37.80640909
10/11/2018,20.07805149,20.68827193,19.65918523,40.76095483,32.79168943,22.7955491,21.5407436,16.18819748,11.65870211,11.15258154,31.72805942
10/12/2018,18.19994362,21.2645826,20.2029972,40.80698155,32.9104437,23.15308551,21.83411183,16.40866819,11.8174846,11.30447106,32.32038035
10/13/2018,18.56537982,21.32751982,20.26678016,40.4367065,32.97941584,23.35070809,22.03733106,16.56139053,11.92747487,11.4096865,32.11780431
10/14/2018,18.70408512,21.09205401,20.04620336,40.42638896,32.99098268,23.1391572,21.82507283,16.40187524,11.81259233,11.29979117,32.11780431
10/15/2018,18.54856883,22.16941823,21.03361909,40.62679911,34.57025986,24.41090041,22.98671868,17.27486981,12.44132099,11.90122584,32.68950272
10/16/2018,19.64417824,22.14556043,21.04157443,40.22751958,34.56944299,24.37746842,22.90459834,17.21315513,12.39687422,11.85870856,32.48251165
10/17/2018,19.70788844,22.13438827,21.03889105,40.20782192,34.29286314,24.1688649,22.75896512,17.10370954,12.31805176,11.7833079,33.56396286
10/18/2018,19.72302989,21.78184814,20.70818798,40.52886262,33.93079795,23.87120078,22.51120503,16.91751405,12.1839542,11.6550317,33.22991297
10/19/2018,19.29292499,21.91140948,20.83006631,40.53460309,33.87603863,23.80826416,22.44083505,16.86462994,12.14586719,11.6185981,34.08935118
10/20/2018,19.22294982,22.00079671,20.91059712,40.54749585,34.00616448,23.95451358,22.58216176,16.97083912,12.22235879,11.69176909,34.05819015
10/21/2018,19.39746619,21.99422536,20.90722622,40.54014682,33.9698549,24.06893842,22.7192343,17.07385122,12.29654787,11.76273752,34.04259992
10/22/2018,19.36927874,21.92833588,20.84827106,40.5357519,33.98743664,23.96559487,22.608301,16.99048315,12.23650638,11.70530252,34.02700082
10/23/2018,19.29886199,21.99627658,20.91608651,40.53674838,33.93157608,24.05324678,22.71154693,17.06807404,12.29238716,11.75875743,34.13580963
10/24/2018,19.16303483,21.83361202,20.75457652,40.53905186,34.02989531,23.97551132,22.61723774,16.99719925,12.2413433,11.70992946,33.25318165
10/25/2018,19.17983351,21.76905052,20.69817939,40.52464772,33.92415128,23.91482072,22.56707534,16.95950144,12.21419343,11.6839582,33.16161606
10/26/2018,19.13668505,21.7722291,20.70155991,40.52285327,33.92293704,23.96648448,22.61582754,16.99613946,12.24058004,11.70919934,33.17330684
10/27/2018,19.16466525,21.68682639,20.61426844,40.8861438,33.95971229,23.94770069,22.59810233,16.9828187,12.23098646,11.70002222,32.14410257
10/28/2018,19.08744503,21.8829704,20.80519099,40.89561486,34.00121652,24.09075922,22.73309863,17.08427048,12.3040518,11.76991569,33.10734438
10/29/2018,19.19561115,21.09782165,20.08509885,40.77381451,33.15087032,23.08992314,21.78866575,16.37451476,11.79288738,11.28094164,31.81822172
10/30/2018,18.49028854,21.12611428,20.11054058,40.77623941,33.16216335,23.06506668,21.7652101,16.35688748,11.78019225,11.26879763,31.80664635
10/31/2018,18.64119539,21.12103773,20.11247779,40.39701658,33.07838566,23.20345164,21.89579623,16.45502495,11.85087063,11.33640775,31.77185881
11/01/2018,18.77654842,21.3565397,20.32273648,40.81117076,33.38790237,23.5048334,22.18019329,16.66875368,12.00479756,11.48365251,31.99008398
11/02/2018,18.85746141,21.75025395,20.68574196,40.83895444,33.46614338,23.80620444,22.46458024,16.88247481,12.15871903,11.63089202,32.04350847
11/03/2018,18.85746141,21.76300416,20.70000585,40.81943291,33.32978086,23.60325139,22.27306484,16.73854806,12.05506332,11.53173615,31.9068866
11/04/2018,19.00124928,22.5181883,21.40001021,40.50406658,33.5120977,24.12479968,22.76522071,17.10841071,12.32143753,11.78654669,31.9813847
11/05/2018,19.20976527,22.71925204,21.59570848,40.89317868,33.74286286,24.22573096,22.8604639,17.17998742,12.37298691,11.83585824,32.19898049
11/06/2018,19.5229373,23.73926016,22.56138454,40.96116678,34.07759326,25.18998076,23.77037237,17.86379752,12.86546535,12.3069575,32.4057139
11/07/2018,20.17942242,23.47323187,22.30620903,40.96283113,34.38770434,24.93897277,23.5335102,17.68579199,12.73726618,12.18432364,32.75059917
11/08/2018,20.22486295,22.84653344,21.7178952,40.89454126,33.94656714,24.33050828,22.95933638,17.2542916,12.42650061,11.88704883,32.3650698
11/09/2018,19.75800642,22.60940497,21.50987244,40.84637675,33.58645784,24.07479514,22.71803423,16.9098206,12.45295666,11.9842775,32.44280814
11/10/2018,19.51319163,22.82941164,21.71322684,40.87305546,33.71035799,24.21327614,22.84871098,17.10014402,12.53110304,12.03940136,32.47346282
11/11/2018,19.55731359,22.73925459,21.63530811,40.85647474,33.72113858,24.18374345,22.82084264,16.80602272,12.45266521,12.01269359,32.4761228
11/12/2018,19.55377586,22.47973432,21.40998239,40.44706032,33.5100929,24.04428159,22.68924031,16.63828667,12.52860915,12.13588797,32.42530032
11/13/2018,19.52472306,22.17840294,21.13463788,40.41378225,33.4480779,23.90399597,22.55686064,16.53225114,12.44393758,12.05337967,32.40993025
11/14/2018,19.35709965,19.53013825,17.72703162,39.16939155,30.01040243,21.27102538,20.07227392,14.50522027,11.12201007,10.83309105,30.55822034
11/15/2018,17.36698894,19.55201913,17.75194163,39.8323042,29.53429037,21.00312583,19.81947214,14.28631893,11.19123291,10.95711364,30.90610714
11/16/2018,17.16020947,18.96047238,17.23607464,39.76476941,29.15283007,20.50533425,19.24259242,13.87049113,10.86549289,10.63818807,30.63192917
11/17/2018,16.79151236,19.02289287,17.3088389,39.74292673,29.04166556,20.53141598,19.41994473,13.99833064,10.96563638,10.73623656,30.9733875
11/18/2018,16.8635032,19.2758958,17.52631341,40.16318422,29.40130463,20.68358595,19.59441287,14.12409118,11.06415129,10.83269055,31.41877819
11/19/2018,16.92120274,17.04484573,15.6329621,39.11635058,25.18040883,18.04490486,17.37817795,12.52657946,9.812735463,9.607454195,30.16016437
11/20/2018,16.02473714,14.85127621,13.71000542,37.97696694,22.91226808,16.36365918,15.73989293,11.34566697,8.887663939,8.701735059,28.64546073
11/21/2018,12.89535135,15.45497496,14.2274582,38.82709625,23.67304013,16.83994658,16.15117483,11.64212816,9.119897751,8.929110567,29.36366156
11/22/2018,13.52520948,14.48761515,13.37658678,38.92918417,22.42560311,15.7647147,15.06014143,10.85568688,8.503836497,8.325937242,28.89653769
11/23/2018,12.63376037,14.29203052,13.19943965,38.55054856,22.32867384,15.75680081,15.25344143,10.99740737,8.614853692,8.434631969,27.99599614
11/24/2018,12.57548951,12.98908932,12.04818391,38.23081299,19.79481045,14.12013663,13.72651068,9.909857495,7.762918069,7.60051874,26.75401392
11/25/2018,11.2108333,13.23586875,12.25813919,38.32232991,20.44314491,14.539444,14.10509007,10.17573052,7.971190537,7.804434172,26.77339142
11/26/2018,11.53095093,12.62727204,11.73006318,37.79194094,19.23107217,13.69160834,13.36411465,9.645260183,7.555644932,7.397581732,25.82293659
11/27/2018,10.93403103,12.70292873,11.78952067,38.18145586,19.44155745,13.54110333,12.76817227,9.190159614,7.199140468,7.048535299,26.29762339
11/28/2018,10.94891354,13.74391866,12.6977646,38.84276502,21.54560943,14.85538857,13.80367693,9.918866721,7.769975475,7.607428506,27.61028614
11/29/2018,12.03773851,13.41508345,12.38991193,38.85701897,21.65378862,14.34193766,12.73970617,9.104107315,7.13173113,6.982536156,26.88195533
11/30/2018,11.90713935,12.86180632,11.90707622,38.73509055,21.04387267,13.61460009,12.09362424,8.642401277,6.770052251,6.628423557,26.1838653
12/01/2018,11.90713935,13.31894856,12.29794098,39.19745236,21.9131517,14.50272048,12.8825269,9.206170517,7.211682659,7.060815109,26.9485765
12/02/2018,11.7211214,13.12149154,12.12757053,38.78819077,21.59404817,14.22336434,12.63437946,9.028838254,7.072768873,6.924807383,26.57746043
12/03/2018,11.50451076,12.31089863,11.40421591,38.67011571,20.65552467,13.09256205,11.62990648,8.311017161,6.51046146,6.374263375,25.14955693
12/04/2018,10.81015356,12.4557985,11.51112087,39.070185,20.79491841,13.17066645,11.69928532,8.360596986,6.549299972,6.41228939,25.38997323
12/05/2018,10.9198641,11.7422478,10.86374184,38.59474663,20.00454215,12.35142684,10.97156831,7.840552519,6.141921502,6.013433229,24.25782697
12/06/2018,10.346576,10.48908762,9.741527397,38.47179026,19.10926414,11.33646724,10.06999648,7.196267117,5.637218504,5.519288558,22.63316063
12/07/2018,9.367225165,10.19340249,9.481459397,38.79907738,18.71518645,10.72696807,9.462966858,6.762468821,5.297401242,5.186580234,22.45693462
12/08/2018,9.261525088,10.28698375,9.55135246,39.56203741,18.80545541,10.6050881,9.326593184,6.665012841,5.221058793,5.11183486,22.86773591
12/09/2018,9.267059239,10.72212651,9.950021551,39.6227199,19.13973981,10.99729604,9.715578073,6.942991008,5.438813866,5.325034522,23.06519056
12/10/2018,9.598134965,10.34833074,9.613011976,39.57381219,18.72259851,10.49863789,9.227334803,6.594080361,5.165493612,5.057432095,22.87162783
12/11/2018,9.249051366,10.19787129,9.472187533,39.16415263,18.35183488,10.17785372,8.951966307,6.397295262,5.011341385,4.906504715,22.83582811
12/12/2018,9.095666045,10.36259463,9.618013563,39.19197358,18.56909962,10.42854302,9.177362858,6.55836918,5.137519146,5.030042852,22.87771084
12/13/2018,9.258534793,9.83233528,9.129323207,38.73871863,18.19890246,10.10811541,8.902006801,6.36159297,4.983373882,4.879122289,22.51580019
12/14/2018,8.877841155,9.469915394,8.778206199,38.72263704,18.17062183,10.03619359,8.838666751,6.316328613,4.947915905,4.844406089,22.26365094
12/15/2018,8.642990772,9.495626571,8.795253378,38.72133035,18.21354934,10.14475651,8.934275854,6.384653229,5.001438209,4.896808712,22.26365094
12/16/2018,8.641512232,9.67286954,8.955374252,39.10292411,18.5974014,10.76244786,9.478263766,6.773400368,5.305964504,5.194964353,22.45758799
12/17/2018,8.682346451,10.64469032,9.839718627,39.16738345,19.03186306,11.91366383,10.4921157,7.497923894,5.87352229,5.750648897,22.70908534
12/18/2018,9.535935507,11.33280711,10.48492217,39.198439,19.12906865,12.19227713,10.73748464,7.673270567,6.010880658,5.885133744,22.93914016
12/19/2018,10.01793095,11.45403606,10.62627094,39.58729734,19.23336805,12.06677354,10.62695624,7.594284254,5.949006481,5.824553967,23.13699263
12/20/2018,10.09986793,12.61080428,11.73303402,39.66195533,19.57064757,13.03565878,11.4802333,8.204057027,6.426673903,6.292228643,23.3509737
12/21/2018,11.1069895,12.58340602,12.06322007,39.63519508,19.4324591,12.57321188,10.8119509,7.726485993,6.052567129,5.925948139,23.08281466
12/22/2018,10.62217566,12.99456856,12.44648302,39.64861702,19.50554735,12.81080197,11.14719919,7.966062665,6.240240269,6.109695179,23.34789421
12/23/2018,10.89307265,13.37482586,12.80269322,39.64690451,19.6117858,13.16136183,11.64773142,8.323755304,6.520439925,6.384033091,23.34789421
12/24/2018,11.1159486,13.61399647,13.00899401,39.65580323,19.59478027,13.10402466,11.56446744,8.264252814,6.473828461,6.338396734,23.59454408
12/25/2018,11.53218272,12.77426605,12.21992365,39.62569633,19.45456024,12.63289914,10.88222617,7.776706424,6.091907462,5.964465477,23.34528857
12/26/2018,10.6165494,12.87880356,12.31947805,39.630613,19.444813,12.60109925,10.8372771,7.744584716,6.066744821,5.939829236,23.34528857
12/27/2018,10.72842782,11.35711304,10.49439606,39.60628555,19.24778732,11.95960944,9.931999179,7.097650852,5.559967142,5.443653285,23.07719481
12/28/2018,9.942094691,12.80670982,12.22699796,39.60628555,20.53799518,12.81629726,10.64344571,7.816560081,6.286506794,6.154993813,23.4106478
12/29/2018,10.81670101,12.49529537,11.92282272,39.9926914,20.03124726,12.47330149,10.35860082,7.598418388,6.103932107,5.976238568,23.53413158
12/30/2018,10.81824534,12.2129475,11.17634207,39.60251571,20.2441817,12.61465233,10.47598729,7.682959957,6.170599391,6.04151118,23.40562354
12/31/2018,10.73309725,11.89527184,10.88370576,39.21233999,19.61403273,12.20826506,10.13849818,7.385082957,5.891276549,5.768031739,23.26948492
01/01/2019,10.45116257,12.22004771,11.18420606,39.59867158,20.11687833,12.53362443,10.40869672,7.650957362,6.15795536,6.02913166,23.43922172
01/02/2019,10.78528271,13.00821952,12.33521962,39.59867158,20.60388673,12.85615562,10.67654656,7.90936099,6.414995524,6.280794575,23.48611594
01/03/2019,11.18068396,12.58573289,11.94235791,39.59867158,20.07076426,12.50361741,10.38377703,7.640836956,6.155709165,6.026932456,23.3603733
01/04/2019,10.80310223,12.668163,12.01854578,39.59867158,20.0818552,12.47191495,10.39514257,7.649200214,6.162446881,6.033529219,23.41228522
01/05/2019,10.96711393,12.75978289,12.09721832,39.59867158,20.04145263,12.66810857,10.97413032,8.075244706,6.505682314,6.369584208,23.41228522
01/06/2019,10.91055106,13.34680964,12.65554178,39.59867158,20.82235938,13.47364392,12.00747284,8.835623295,7.118268275,6.969354943,23.50924598
01/07/2019,11.43577226,13.09483906,12.41418202,39.20853373,20.60128706,13.27005432,11.66497844,8.583600948,6.915230796,6.770564984,23.26386074
01/08/2019,11.30243361,13.25570078,12.55652347,39.59482783,20.67613322,13.41081872,12.03704183,8.85738145,7.135797359,6.986517321,23.57368362
01/09/2019,11.30923489,13.32556216,12.61441168,39.59482783,20.74694629,13.48207154,12.01251754,8.839335404,7.121258871,6.972282976,23.57368362
01/10/2019,11.39309865,11.83001864,11.16307951,39.59482783,19.32305513,12.00343615,10.40443515,7.656038103,6.167955708,6.038922803,23.36201814
01/11/2019,10.13493127,11.77024698,11.09723135,39.59482783,19.35451699,11.83439193,10.00253524,7.36030258,5.92970146,5.805652805,23.41936813
01/12/2019,10.05838863,11.7042054,11.0518728,39.59482783,19.25705911,11.71632962,9.963070897,7.331262995,5.906306216,5.782746987,23.38361646
01/13/2019,10.0277136,11.23234777,10.60196763,39.59482783,18.84651402,11.22526979,9.368419833,6.893692753,5.55378526,5.437600728,23.23073509
01/14/2019,9.603824637,11.82362148,11.15405524,39.59482783,19.41079362,11.8358339,9.971754199,7.337652548,5.91145385,5.787786933,23.44603413
01/15/2019,10.15473262,11.53262451,10.87690834,39.59482783,19.1277489,11.54031319,9.699287618,7.13715973,5.749930252,5.62964239,23.36026533
01/16/2019,9.859209038,11.6507487,10.98504874,39.59482783,19.21841343,11.61053097,9.778110776,7.195161254,5.796658185,5.675392779,23.45616737
01/17/2019,9.996163262,11.75154726,11.08310142,39.59482783,19.30601159,11.65130537,9.795947039,7.208285957,5.807231876,5.68574527,23.53494021
01/18/2019,10.04167597,11.67811637,11.01134662,39.59482783,19.19829757,11.59274169,9.753295382,7.176901003,5.781947126,5.660989475,23.6289097
01/19/2019,9.937986519,11.86464088,11.17761432,39.59482783,19.56147429,11.8115224,9.936829169,7.311953185,5.890749599,5.767515812,23.68192102
01/20/2019,10.14633144,11.53495742,10.8736911,39.59482783,18.88888087,11.40615702,9.596576321,7.061580269,5.689040956,5.57002689,23.58176756
01/21/2019,9.771432478,11.48159643,10.82667175,39.20472785,18.75672355,11.33049231,9.537150278,7.017851989,5.653812018,5.535534938,23.43260069
01/22/2019,9.750548193,11.56966712,10.9201848,39.20472785,18.90404833,11.41693632,9.607300978,7.06947194,5.695398746,5.576251676,23.41269073
01/23/2019,9.867093896,11.58742573,10.94460611,39.20472785,18.80296962,11.35762555,9.559166337,7.034052367,5.666863574,5.548313457,23.4259629
01/24/2019,9.810883883,11.60141161,10.94994385,39.20472785,18.88438245,11.40488797,9.596986371,7.061882001,5.689284041,5.570264891,23.40602807
01/25/2019,9.84608796,11.63388705,10.97635576,39.20472785,18.87869564,11.40145352,9.612359119,7.073193941,5.698397312,5.579187513,23.54825802
01/26/2019,9.82824973,11.67733075,11.01191151,39.20472785,18.89259522,11.40984792,9.632151334,7.087757918,5.71013053,5.590675273,23.71013438
01/27/2019,9.832252971,11.40397711,10.75357539,39.20472785,18.79677423,11.35197854,9.548387634,7.026120927,5.660473746,5.542057303,23.75722315
01/28/2019,9.746301401,10.75212424,10.14428724,39.20472785,18.20045854,10.99184425,9.208553465,6.776056093,5.459013304,5.34481139,23.20620053
01/29/2019,9.295785821,10.68596519,10.08514811,39.20472785,18.08466067,10.92191018,9.158032617,6.738880645,5.429063542,5.315488174,23.18653243
01/30/2019,9.228522508,11.00225189,10.37723986,39.20472785,18.28033112,11.04008187,9.300565665,6.843762691,5.513559963,5.398216939,23.17996074
01/31/2019,9.493145699,10.90563384,10.28488934,39.20472785,18.13300207,10.95110511,9.222763612,6.78651254,5.467437361,5.353059216,23.24518504
02/01/2019,9.551978205,11.00043017,10.37390402,39.20472785,18.28935589,11.03759415,9.334212059,6.868521178,5.533506213,5.417745916,23.42635876
02/02/2019,9.616849963,11.2589127,10.61799332,38.81462783,18.45962319,11.14676375,9.46442439,6.964337102,5.610698668,5.493323514,23.43163908
02/03/2019,9.695978092,11.05925165,10.43586463,38.81462783,18.16023089,10.9611997,9.296363697,6.840670699,5.511068953,5.395778041,23.34273279
02/04/2019,9.595337839,10.99462161,10.37404052,38.42452779,18.13361499,10.9461023,9.307355877,6.848759226,5.517585335,5.402158101,23.35795015
02/05/2019,9.615173928,11.05454821,10.42543857,38.42452779,18.17110291,10.96142188,9.329348271,6.864942191,5.530622863,5.414922885,23.7468634
02/06/2019,9.624151761,10.97853103,10.35045203,38.8107072,17.89658861,10.79702478,9.159112194,6.739675045,5.429703537,5.31611478,24.08333641
02/07/2019,9.418569331,10.92508677,10.30269513,38.8107072,17.82199932,10.75256171,9.135124398,6.722023776,5.415483095,5.302191828,23.89436134
02/08/2019,9.424794274,12.10675626,11.38948531,38.8107072,19.0476045,12.30886338,10.45732182,7.694954422,6.199307973,6.069619182,24.94312454
02/09/2019,10.17960628,12.20177573,11.46993938,38.8107072,19.06845165,12.45112485,10.57818382,7.78388997,6.270957371,6.139769683,25.14336728
02/10/2019,10.26253504,12.34469583,11.59810814,38.8107072,19.15783203,12.69077655,10.78178629,7.933709563,6.391656954,6.257944245,25.39993979
02/11/2019,10.32463173,11.99013139,11.26462058,38.8107072,18.9597442,12.22959996,10.38998147,7.645402452,6.159387279,6.030533624,25.31127996
02/12/2019,10.17242325,12.08744176,11.35588152,38.8107072,18.98380577,12.3159114,10.46330964,7.699360528,6.202857677,6.073094626,25.2769824
02/13/2019,10.21547124,11.93376341,11.21824738,38.8107072,18.88220205,12.07136162,10.25554589,7.546478876,6.079691197,5.952504775,24.99556727
02/14/2019,10.13150485,11.83119539,11.11855842,39.19688658,18.82749654,12.00169442,10.19635826,7.502926034,6.044603598,5.918151204,25.09356304
02/15/2019,10.05763518,11.94523901,11.22638146,38.80686459,18.81799215,12.08721546,10.26901493,7.556389989,6.087675916,5.960322454,25.30303731
02/16/2019,10.09926868,11.97854649,11.25751853,38.80686459,18.85788615,12.17225201,10.34125999,7.60955106,6.13050422,6.002254796,25.19566279
02/17/2019,10.15701679,12.16147012,11.426508,38.80686459,19.05257323,12.30595948,10.45485473,7.693139033,6.197845436,6.068187241,25.26458285
02/18/2019,10.39259863,13.17168629,12.37188628,39.19300573,20.11957655,13.16992661,11.18886095,8.233252887,6.632978893,6.494217757,25.87148284
02/19/2019,11.053829,13.32846231,12.51040964,39.19300573,20.25702143,13.23623551,11.24519544,8.274706269,6.666375099,6.526915319,26.53658044
02/20/2019,11.13423969,13.91351294,13.05268008,39.19300573,20.4870984,13.6300874,11.57980277,8.520924969,6.864736969,6.721127482,26.93766449
02/21/2019,11.41119494,13.41112811,12.59081091,38.80302235,20.25622579,13.33371357,11.32801052,8.33564522,6.715469519,6.57498269,26.29748792
02/22/2019,11.18344289,13.74113908,12.8964922,39.18912526,20.30135517,13.40109301,11.47510406,8.452695118,6.805046633,6.662685861,26.60208615
02/23/2019,11.33222371,14.1656983,13.29196435,39.18912526,20.87600619,13.85183298,12.00505628,8.809230399,7.055847256,6.908239764,27.01508653
02/24/2019,11.78669497,12.74237028,11.96482452,39.18912526,18.93044269,12.2680149,10.27401458,7.503852306,6.028904776,5.9027808,25.24039829
02/25/2019,10.58464311,12.97229175,12.1690334,39.57522814,20.03446606,12.91418315,10.59807401,7.732633099,6.231899512,6.101528909,25.80776123
02/26/2019,10.83786805,12.75708563,11.97912402,39.18532126,19.39661333,12.57896417,10.37539349,7.597834289,6.134035611,6.00571231,25.34889949
02/27/2019,10.74162309,12.80208256,12.01757213,39.18532126,19.4481481,12.59024804,10.42150382,7.623740984,6.146159546,6.017582613,25.46658005
02/28/2019,10.74888566,12.88967703,12.09517379,39.18532126,19.509381,12.65622095,10.53080973,7.725022292,6.234517968,6.104092588,25.69604767
03/01/2019,10.74809601,13.04896886,12.23984097,39.18532126,19.67530521,12.81989971,10.78930771,7.931079059,6.400817115,6.266912776,26.23244061
03/02/2019,10.78156981,13.12390907,12.30666783,39.18532126,19.76192062,13.01699274,11.10892556,8.182567354,6.603782004,6.465631664,26.64246622
03/03/2019,10.74961787,13.04359477,12.23349912,39.18532126,19.70806211,12.93405178,10.97873694,8.075033094,6.516995941,6.380661155,26.43125605
03/04/2019,10.69007593,12.70557243,11.91625118,39.18532126,19.11029224,12.45757827,10.49964997,7.742820555,6.248882145,6.118156268,26.05437088
03/05/2019,10.3791313,13.55346105,12.69854066,39.18532126,20.02793393,13.48217389,11.91985283,8.786521317,7.091206078,6.942858884,27.8250923
03/06/2019,10.86789172,13.70761233,12.83927808,39.18532126,20.14174456,13.80034072,12.45979767,9.214193308,7.436360902,7.28079311,28.44457095
03/07/2019,10.91373025,13.79668752,12.91734468,39.18532126,20.22787772,13.96737264,12.75471768,9.444213442,7.621999804,7.462548468,28.83169274
03/08/2019,10.93398871,13.57690772,12.71107806,39.18532126,20.18715438,13.83380523,12.5346022,9.282907761,7.499268184,7.346363493,28.42888028
03/09/2019,10.84923374,13.78401054,12.90960055,39.18532126,20.26077319,14.07343904,12.92644416,9.570110486,7.718007612,7.553547329,28.63136773
03/10/2019,11.09826209,13.99717805,13.13518427,39.18532126,20.2273048,13.96301292,12.74340475,9.435992625,7.616036176,7.457053496,28.5437928
03/11/2019,11.06805144,13.8304078,12.97549869,39.18532126,20.16114527,13.74607961,12.38611008,9.174154557,7.416795567,7.26843191,28.4487326
03/12/2019,10.88908612,13.98197878,13.10619455,39.18532126,20.22043808,13.93810489,12.6983644,9.403053455,7.591256272,7.43374122,28.92176662
03/13/2019,10.97283233,13.89657851,13.02947988,39.18532126,20.18034931,13.80684603,12.48255684,9.244895188,7.470880161,7.319766281,28.73605138
03/14/2019,10.93649366,13.95367278,13.0944325,39.18532126,20.20474429,13.88612518,12.61190553,9.33970747,7.543113559,7.388195056,28.74507386
03/15/2019,10.98235152,14.19856936,13.33663984,39.18532126,20.31052985,14.14517408,13.00122672,9.662987326,7.78240946,7.62257636,28.85287035
03/16/2019,11.17346474,14.65939105,13.76410283,39.18532126,21.15156418,14.69190231,13.51735983,10.01310375,8.029698944,7.864787077,29.96477275
03/17/2019,11.427664,14.48865253,13.61323681,39.18532126,20.57717667,14.3700022,13.31777375,9.894870102,7.928158081,7.765331634,29.15941129
03/18/2019,11.32680565,14.60360358,13.75435907,39.18532126,20.51544566,14.26632534,13.171052,9.784273339,7.855534434,7.694199513,29.09243623
03/19/2019,11.33512053,14.65366946,13.79831336,39.18532126,20.5324196,14.30432916,13.2413871,9.854498678,7.915821042,7.75324797,29.1100291
03/20/2019,11.40496885,14.59821472,13.74695061,39.18532126,20.41859335,14.32855577,13.24265159,9.821510479,7.866333339,7.704776632,28.96782728
03/21/2019,11.49899794,14.21286006,13.37244948,39.18532126,20.12610864,14.17184663,12.98969351,9.598559909,7.693382667,7.535377977,28.62109716
03/22/2019,11.28787793,14.33408403,13.47635174,39.44414509,20.36379319,14.20567317,12.98712854,9.557408707,7.660399391,7.503072102,28.68650744
03/23/2019,11.35766451,14.46653726,13.61182881,39.43397183,20.4362846,14.38279884,13.20511591,9.67415069,7.753969756,7.594720743,28.85133118
03/24/2019,11.43018349,14.56698035,13.67358235,40.08667319,20.49881058,14.05070683,13.04086671,9.585933652,7.683262542,7.525465696,28.1106372
03/25/2019,11.37590416,14.43013545,13.55251398,39.94802963,20.34570939,13.98900904,13.01848947,9.622820231,7.712827661,7.554423614,28.02458318
03/26/2019,11.28932758,14.41524835,13.54746712,39.7901158,20.2074363,14.01652532,13.16931079,9.808431831,7.861598006,7.700138552,27.99729945
03/27/2019,11.18404298,14.96414901,14.06437652,39.92877906,20.89145408,14.7833966,14.506577,11.08844203,8.887544436,8.705014361,28.95422524
03/28/2019,11.53067846,14.81745168,13.92721725,39.93813302,20.40942129,14.44151529,14.30284536,10.9534006,8.779306802,8.598999684,28.17524848
03/29/2019,11.46811891,14.80993718,13.92910295,39.18076747,20.48958441,14.73253443,14.58715621,11.17113145,8.953821183,8.769929934,27.85680558
03/30/2019,11.69370476,14.83880445,13.9454223,39.74237706,20.72177398,14.6749899,14.50031784,11.10462891,8.900518452,8.717721921,28.10705044
03/31/2019,11.68276911,14.8517558,13.95126851,40.07579479,20.54893484,14.62457392,14.4611047,11.07459872,8.876448823,8.694146627,27.93709822
04/01/2019,11.71449738,14.97901006,14.05536465,40.45624459,20.8640646,14.65434567,14.49744616,11.10242972,8.898755768,8.715995438,28.14463137
04/02/2019,11.83329188,17.20113683,16.11704873,42.02984775,23.87036554,16.87388059,16.65129223,12.75188745,10.22081966,10.01090713,30.10630569
04/03/2019,13.71888927,17.66799872,16.60058065,41.38429479,23.91639777,16.77802313,16.48374911,12.62357963,10.11797912,9.910178699,30.32299521
04/04/2019,13.92575714,17.35909736,16.27763656,41.64487125,23.59134845,16.4452331,16.12215213,12.34666154,9.896025322,9.692783329,30.05445641
04/05/2019,13.67099179,18.01935331,16.88409648,42.08323248,24.73669453,17.19802721,16.86015694,12.91995811,10.35901503,10.14626427,30.89089057
04/06/2019,14.14387519,18.0822285,16.95446536,41.79994981,24.67747818,17.31180187,16.97169639,12.97095148,10.38509344,10.17180709,30.32003069
04/07/2019,14.18823263,18.46243558,17.32380448,41.77907707,25.04398536,18.09388485,17.73841467,13.55662497,10.85387687,10.63096277,30.30874558
04/08/2019,14.54463343,18.70670506,17.95896598,41.05770354,24.97111911,18.56569991,18.20096051,13.9404105,11.17413455,10.94464308,29.1799404
04/09/2019,14.70419107,18.01289326,16.86109736,41.17016973,24.51631562,18.11986968,17.76388901,13.65214387,10.96303155,10.73787566,29.39540404
04/10/2019,14.39810861,18.57566395,17.77437293,40.90100007,24.79070035,18.26593067,17.9070805,13.81814189,11.12039682,10.892009,29.31013422
04/11/2019,14.73508643,17.13499958,16.0024536,40.1750474,23.29379098,16.94177564,16.60893966,12.81477756,10.31221448,10.1004249,28.37615073
04/12/2019,13.8141744,17.22043122,16.07425346,40.7795595,23.17032947,16.87718704,16.54561996,12.76592268,10.27290033,10.06191818,28.87937205
04/13/2019,13.87010395,17.20321209,16.05287358,41.00151028,23.19316027,16.846902,16.51592989,12.74301504,10.25446627,10.04386271,29.18659829
04/14/2019,13.82306516,17.58612712,16.3798594,41.7905277,23.71862513,17.20496165,16.86695514,13.01385174,10.47241201,10.25733233,29.98823673
04/15/2019,14.08255769,17.42620411,16.27028038,41.36095564,23.20686263,16.55777038,16.23247852,12.52431556,10.07847602,9.8714869,29.89366119
04/16/2019,13.7830306,17.76251642,16.55399812,42.01235505,23.70718588,17.16032144,16.82319193,12.98008584,10.44524016,10.23071853,30.34021028
04/17/2019,14.16666598,17.67295754,16.47595284,41.75682674,23.76845313,17.07771634,16.74220968,12.91760325,10.39495962,10.18147065,30.39649192
04/18/2019,14.1938503,18.06139104,16.7812131,43.50965094,24.7334377,17.7285272,17.38023479,13.4098773,10.7910988,10.56947403,32.82658523
04/19/2019,14.43119599,18.29071169,16.98117801,45.17358659,25.10306511,17.71252495,17.36454692,13.39777318,10.78135847,10.55993373,33.74452063
04/20/2019,14.42948079,18.21808099,16.91454936,45.45518734,24.97662123,17.69853673,17.35083351,13.38719248,10.77284404,10.55159417,33.62740526
04/21/2019,14.45431994,17.87691821,16.59708668,44.97516969,24.45527516,17.22672861,16.88829448,13.0303163,10.48566124,10.27030946,32.65948991
04/22/2019,14.28832738,17.91359334,16.62680229,44.81643735,24.54149106,17.36190993,17.02082004,13.1325676,10.56794416,10.35090248,32.55507233
04/23/2019,14.42521999,17.81198622,16.52429249,44.21343153,24.30101663,17.26933185,16.93006073,13.06254143,10.51159322,10.29570885,31.95246113
04/24/2019,14.62046076,17.19166671,15.96313433,44.34584458,23.4344312,16.50863534,16.18430877,12.48714976,10.04856822,9.842193344,30.40573446
04/25/2019,14.20675113,16.33737826,15.20981805,43.20010034,21.97296282,15.44113393,15.13777936,11.67969053,9.398795514,9.205765498,28.87881482
04/26/2019,13.52207179,16.56586297,15.41542753,43.47694389,22.32033911,15.772275,15.49983316,11.95903642,9.6235887,9.42594194,29.53951582
04/27/2019,13.73280857,16.51234177,15.36575748,43.24307418,22.43302974,15.80946104,15.52639014,11.97952669,9.640077483,9.44209208,29.12756773
04/28/2019,13.73666088,16.44904818,15.29906496,43.48869087,22.36149407,15.69618363,15.49995035,11.95912684,9.623661459,9.426013204,28.75592376
04/29/2019,13.65212795,16.12039923,14.98173223,43.29308263,21.88610389,15.29760289,15.0396969,11.60401413,9.337897745,9.146118432,27.94939147
04/30/2019,13.42137546,16.75936289,15.58576307,43.81534634,22.81366207,16.17544199,15.87895313,12.25154985,9.858977981,9.656496857,29.59686515
05/01/2019,13.81821426,16.88292551,15.71794723,43.39729494,22.62369566,16.0277905,15.72710935,12.13439342,9.764700707,9.564155825,29.34149643
05/02/2019,13.89178752,17.05598971,15.86975368,44.11468446,23.05238277,16.10758597,15.79861168,12.18956168,9.80909531,9.607638664,29.90446826
05/03/2019,14.09384366,17.56689531,16.35084784,44.18640138,23.74907626,16.88848034,16.56176199,12.77837721,10.28292265,10.07173466,30.38471174
05/04/2019,14.73208695,17.22898269,16.01947076,43.78981486,23.12958266,16.47912071,16.15155742,12.46188016,10.02823345,9.822276205,30.17466242
05/05/2019,14.8191966,17.16927822,15.96449865,43.85405921,23.08707291,16.33815957,16.02320402,12.36284794,9.948540964,9.744220419,30.0184637
05/06/2019,14.70921928,17.11075758,15.90947848,43.14151301,23.9698182,16.77997166,16.45271656,12.69424222,10.21521816,10.00542066,29.83359506
05/07/2019,14.75181101,16.91470812,15.73093554,42.4908717,23.37143774,16.58964815,16.26707879,12.55101172,10.09995875,9.892528429,28.93261323
05/08/2019,15.01811246,17.05525025,15.84894583,42.76118408,23.47792789,16.690704,16.37182537,12.63182989,10.16499417,9.956228161,29.59332094
05/09/2019,15.1357828,16.81847573,15.63200259,41.43624785,22.99067068,16.57713653,16.25510512,12.54177333,10.0925245,9.885246857,28.59187554
05/10/2019,15.543545,17.13671548,15.91485791,42.44131279,23.38732333,16.72855056,16.24431508,12.48994774,10.05081979,9.844398672,29.41345361
05/11/2019,15.92071714,18.79698198,17.46291383,44.89497823,24.43221373,18.67150298,18.36131778,14.1803541,11.41111129,11.17675286,31.14425482
05/12/2019,18.15394428,18.18614055,16.89394841,44.07986404,24.0283049,18.10668755,17.69110225,13.63136861,10.96933568,10.74405032,30.56470205
05/13/2019,17.16626361,19.33711364,17.95004904,47.47023735,25.31466402,19.43789304,18.65459705,14.28179581,11.49274272,11.25670777,32.80287629
05/14/2019,18.89089922,20.43189723,18.94422268,47.56750602,25.46550242,20.4938772,20.03372572,15.43675744,12.42215503,12.16703205,32.82283593
05/15/2019,19.86140995,22.63957926,21.18662543,49.28863782,26.68161434,22.27354295,21.50449247,16.49667976,13.275088,13.0024477,35.32314163
05/16/2019,20.78216565,21.55620628,19.97200103,48.16317125,26.31141331,22.18092682,21.5300574,16.54751702,13.3159974,13.04251691,34.44447518
05/17/2019,20.24627405,20.3190474,18.83603669,46.42168309,25.37424034,21.20126766,20.57914503,15.81865417,12.73450967,12.47297163,34.28673059
05/18/2019,18.79389384,20.22528938,18.75641641,47.37757402,25.40633405,20.85804483,20.24599361,15.56326555,12.53067967,12.27332783,34.39340583
05/19/2019,18.52588596,22.05232168,20.43614194,50.49788431,26.82471306,22.23969723,21.58710328,16.5630872,13.25677353,12.98450936,35.27771463
05/20/2019,20.58511289,21.38125479,19.82130487,49.71069245,26.20325046,21.59130563,20.95773786,16.09649088,12.92441843,12.65898009,34.90364136
05/21/2019,20.00608744,21.65778262,20.07394358,50.91394631,26.61550953,21.67622705,21.04016738,16.14506783,12.92614544,12.66067163,35.32784247
05/22/2019,20.06294136,20.80964941,19.29038453,49.73432681,25.99778667,21.10165367,20.48245408,15.73287727,12.63591672,12.37640356,34.91727173
05/23/2019,19.23072521,21.06229347,19.51917092,50.31766725,26.13735962,21.24434477,20.6209581,15.83897503,12.72039765,12.45914944,34.96814175
05/24/2019,19.64031081,21.64161905,20.05813495,51.60329044,27.70862005,23.40354052,22.91127357,17.6369028,14.16432671,13.87342345,35.04173475
05/25/2019,19.92026139,21.80240581,20.20351415,52.27450835,28.18082571,23.97666213,23.52440311,18.11927695,14.55172495,14.25286541,35.08217164
05/26/2019,20.04536584,23.42628091,21.97087017,52.97820336,29.94501522,26.74962756,25.612434,19.60119614,15.74186518,15.41856285,35.57485444
05/27/2019,21.40656345,24.16308764,22.65899785,52.72705786,30.73466998,28.1299636,27.05672841,20.73085198,16.64910011,16.30716523,35.28467692
05/28/2019,22.1117708,24.07721383,22.57229689,52.44547719,30.38317244,27.45960274,26.35211232,20.17908829,16.20597462,15.87314053,35.25408595
05/29/2019,21.94799125,24.13948598,22.64321357,52.54581713,30.4579865,27.49167078,26.38574267,20.2054077,16.22711193,15.89384373,35.24256583
05/30/2019,21.77143971,23.19932469,21.77123007,51.31726377,29.39537912,26.11035513,24.93697445,19.07155691,15.31650801,15.00194155,35.11484774
05/31/2019,20.84730188,24.04346266,22.54826892,52.21635992,31.18805299,28.14289011,26.51926332,19.70205348,15.73016292,15.40710093,35.81712117
06/01/2019,21.65410565,23.72306405,22.24560265,52.31826579,30.17366241,26.87680846,25.53830358,19.43512153,15.59047774,15.27028457,35.91573113
06/02/2019,21.4382867,23.98183053,22.4787232,52.86637542,30.32577822,26.97634916,25.60526559,19.59939286,15.74035462,15.41708331,36.16607986
06/03/2019,21.90100223,22.51086399,21.12304526,50.37355257,28.27773663,24.91903124,24.02300007,18.83925331,15.20201273,14.88979775,34.22318675
06/04/2019,20.40398421,21.54296952,20.24541027,47.95254727,27.0317902,23.76646179,23.12982082,18.29909169,14.79189569,14.48810359,32.21638343
06/05/2019,19.13042922,21.9743995,20.63346082,49.31921607,27.58416484,24.10029091,23.39011498,18.47030916,14.92470966,14.61818986,33.65698636
06/06/2019,19.51749024,22.18124037,20.82706728,49.42185852,27.91863131,24.37918989,23.57566569,19.04138664,15.45447979,15.1370797,34.42865675
06/07/2019,19.65364013,22.59312306,21.19949258,50.11881041,28.87571883,25.32820013,24.26771226,19.57098159,15.88431269,15.55808481,34.83220827
06/08/2019,20.10004463,22.36805651,20.99295346,50.02022357,28.97001402,25.50814604,24.39772509,19.67032611,15.96494326,15.63705941,34.48124072
06/09/2019,19.75688442,21.45878391,20.15482306,48.61013734,28.27200713,24.9778343,24.01523392,19.37814136,15.72779859,15.40478515,34.36599469
06/10/2019,18.96036895,22.52373401,21.13160504,50.22514044,30.31641734,27.00533528,25.48521872,20.50200093,16.63995196,16.29820496,34.80876729
06/11/2019,19.79597025,22.49702864,21.10552999,50.16957987,31.17717694,28.01265116,26.20206196,21.04839502,17.08341947,16.73256465,34.77758402
06/12/2019,19.55632711,22.99199023,21.54724592,51.71929451,31.27786957,27.95699705,26.16280667,21.01851674,17.05916949,16.70881271,34.55828083
06/13/2019,20.16690079,23.01994079,21.57821643,52.13246285,30.74787429,27.31740649,25.71145445,20.67495307,16.78032437,16.43569444,34.59354949
06/14/2019,20.32008429,23.24187145,21.77227107,52.28597638,30.94527723,27.58711437,25.87124123,20.7609341,16.85010879,16.50404564,33.12971182
06/15/2019,21.28842173,23.57370796,22.07529619,52.4396561,31.57598833,28.33315265,26.33972533,21.01250963,17.05429397,16.70403732,33.22613986
06/16/2019,21.58828116,23.66092307,22.15859807,52.32291426,31.40379718,28.2719172,26.24630789,20.96263972,17.01381827,16.66439289,32.83464604
06/17/2019,22.04852992,24.23064718,22.68314331,53.63501295,31.27044499,28.04693624,25.9959438,20.82882814,16.90521334,16.55801847,33.81809944
06/18/2019,22.70609203,23.57592783,22.06915539,53.18717898,31.16886042,27.93907746,26.06304649,20.86480664,16.93441442,16.58661983,34.16672588
06/19/2019,22.09601625,23.89318608,22.34754296,54.18049728,31.51120855,28.14176404,26.19652979,20.93631553,16.99245288,16.6434663,34.9575194
06/20/2019,22.49486182,23.98392003,22.41717836,55.29603964,31.40551549,27.99754446,26.09230084,20.88057274,16.94721059,16.59915319,35.94315182
06/21/2019,23.01352043,24.90383411,23.24219676,57.44144565,32.23905343,28.81846773,27.01746411,22.0361395,17.88509834,17.51777884,37.49648783
06/22/2019,24.29422659,25.64681739,23.9231549,58.03126533,31.82305095,28.27573705,26.45899597,21.44939478,17.40888121,17.05134214,36.94290882
06/23/2019,25.72038818,25.37268772,23.66753785,58.08156353,31.43359801,28.0078174,26.15582517,21.06579736,17.09754366,16.74639876,36.20852652
06/24/2019,25.90228552,25.48826305,23.76714964,58.52447472,31.49937501,28.12723187,26.29068093,21.23531917,17.23513193,16.88116128,36.33274196
06/25/2019,26.25946039,25.61906945,23.86964621,59.48773617,31.01550013,27.55086795,25.63921005,20.41402528,16.56854865,16.22826811,35.42243662
06/26/2019,27.63958774,25.81003564,24.0091888,61.63545816,30.74449463,27.42466197,25.49718247,20.23752584,16.42529717,16.08795869,34.92060458
06/27/2019,29.80756406,22.88788265,21.34579466,56.91535999,29.35147753,26.5076933,24.52042445,19.14270918,15.53671577,15.21762674,32.57349696
06/28/2019,25.43965777,24.08628318,22.43281728,60.21154556,31.72330062,29.26209841,27.06833315,21.13182137,17.15113045,16.798885,33.53865917
06/29/2019,27.63451975,24.43542981,22.76138062,59.16942901,30.79071725,28.18606212,26.07296678,20.35475453,16.52044299,16.18115043,33.60377228
06/30/2019,27.16052756,22.57088006,21.05914566,55.77935665,28.55292881,25.3567083,23.45572823,18.31151761,14.86209929,14.55686536,32.18993176
07/01/2019,24.60356352,22.82511859,21.30219966,55.34872062,28.10076457,24.80209273,22.94269192,17.91099825,14.53702745,14.23846977,32.62835498
07/02/2019,24.26843401,22.6645051,21.14558102,55.86292828,28.59457696,25.30905876,23.41165095,18.27710718,14.83417089,14.52951055,32.47057548
07/03/2019,24.39000287,23.31095212,21.7141864,58.80778497,30.78421808,27.88988049,25.79898974,20.14086497,16.34684471,16.01111747,33.07040352
07/04/2019,26.56781545,22.28940353,20.7797023,56.68445999,29.1793225,26.09425943,24.13798551,18.84414513,15.29439349,14.98028122,32.2969391
07/05/2019,24.93973571,22.18638074,20.68372491,56.3869324,28.93127139,25.65612542,23.7935828,18.76540065,15.27268779,14.9590213,32.50336576
07/06/2019,24.49113888,22.4886915,20.98044984,56.57473895,29.16728368,26.08306768,24.13562739,18.86511541,15.31599025,15.00143443,32.38135301
07/07/2019,25.0970764,22.9869696,21.42283652,57.50653299,29.67652568,26.70663632,24.74623858,19.4474375,15.81208593,15.48734143,32.75663089
07/08/2019,25.50736065,23.40190473,21.789518,59.23551728,30.7717675,28.23260976,25.97899177,19.84660893,16.00996696,15.68115843,32.90815121
07/09/2019,26.97042932,23.18716228,21.5921849,59.59531391,31.05325139,28.68200304,26.28858431,19.76553915,15.87449913,15.5484728,32.85152791
07/10/2019,27.35721893,21.78305076,20.2970098,58.15909224,30.13154955,27.28648324,24.79306988,17.99015894,14.305628,14.01182274,32.02117501
07/11/2019,26.34633138,19.68885055,18.04153485,56.0014638,28.831781,25.15092849,22.71048935,16.06637199,12.68610215,12.42555829,30.93301564
07/12/2019,24.40930586,20.45496357,18.7257353,57.67299009,29.68459658,26.04855905,23.45138289,16.53819388,13.0586555,12.79046023,31.59525941
07/13/2019,25.3035144,20.02532942,18.35052032,56.29404437,28.84514154,25.27529387,22.88490499,16.23583227,12.81990899,12.55661704,30.89223281
07/14/2019,24.47006084,17.94165685,16.45723088,54.07577089,27.11841097,22.3261196,19.99938509,14.02650126,11.07540819,10.84794434,28.97424098
07/15/2019,21.73283355,18.43039923,16.90380603,55.65984518,28.17785924,23.58478582,21.06095669,14.72193202,11.62452442,11.38578296,30.34088795
07/16/2019,22.96583248,16.52052917,15.18962385,52.10632513,25.90269757,20.14340391,17.87623568,12.41291573,9.801311528,9.600014743,28.87179269
07/17/2019,19.92794583,17.47874483,16.05261078,53.37814819,26.63274201,20.73969194,18.50756451,12.92662754,10.2069414,9.997313898,29.57835718
07/18/2019,20.35175958,18.40900633,16.8883887,55.21562579,27.89685932,22.54274827,19.98633713,13.86288346,10.94621461,10.7214041,30.29695634
07/19/2019,22.23344855,18.41381157,16.90590961,54.65045558,27.6089415,22.20480504,19.67217103,13.6449722,10.77415059,10.55287389,29.863136
07/20/2019,21.91824757,18.97075158,17.40490666,55.46734794,28.13964589,23.1719181,20.66904358,14.33642095,11.32012261,11.08763287,30.25426209
07/21/2019,22.36390729,18.82862604,17.28261433,54.82441421,27.85944722,23.0182926,20.59472214,14.28487026,11.27941788,11.04776413,29.95448017
07/22/2019,22.19034751,18.21836947,16.71431934,54.46115085,27.48376885,22.19034223,19.77483706,13.7161832,10.83037922,10.60794771,29.62252667
07/23/2019,21.58329053,17.72913004,16.28124681,53.36489573,26.81102999,21.79061913,19.58805119,13.58662516,10.72807942,10.50774892,29.00879359
07/24/2019,20.73458231,18.07615306,16.59701393,53.57782296,27.14013631,22.7982358,20.85471467,14.46520577,11.42181186,11.18723366,29.52268793
07/25/2019,20.65561214,18.08348507,16.60234508,53.71793688,27.21634406,22.86261277,20.86278987,14.47080688,11.42623452,11.19156549,29.45327088
07/26/2019,20.78344674,18.24478559,16.75047811,53.68928501,27.3142728,22.92946196,21.00455362,14.56913676,11.50387638,11.26761276,29.578542
07/27/2019,20.76775896,17.58992811,16.16706022,52.89737307,26.60678072,21.57259609,19.53307437,13.54849225,10.69796945,10.47825734,28.80697333
07/28/2019,19.84383351,17.6877105,16.25073233,53.39312676,26.81042223,21.62280941,19.50775458,13.53092999,10.68410219,10.46467488,28.93673045
07/29/2019,20.09524618,17.62433625,16.19485119,53.3264452,26.78521731,21.51896913,19.38824389,13.44803522,10.61864799,10.40056496,28.58145713
07/30/2019,19.96477489,17.66379267,16.23257985,53.36803666,26.85707983,21.62394489,19.43652959,13.48152705,10.64509333,10.42646718,28.52671984
07/31/2019,20.15254616,18.22375374,16.73512625,53.73054629,27.47305873,22.69676623,20.38051421,14.13629178,11.16209943,10.93285514,28.98752514
08/01/2019,21.10299543,18.30019769,16.79489416,54.4571582,27.72791215,22.83401925,20.20935317,14.0175714,11.06835712,10.84103808,29.69311811
08/02/2019,21.57001237,18.10220343,16.61599097,53.91920958,27.58323645,22.52802485,19.84850896,13.76728337,10.87072821,10.64746802,29.17233697
08/03/2019,21.82019108,18.25442387,16.75584571,53.9403955,27.79921472,23.06114197,20.37997646,14.1359188,11.16180492,10.93256667,29.1493109
08/04/2019,22.29903522,18.23514985,16.73321151,54.4582796,28.01334745,23.03391311,20.28517894,14.07016553,11.10988575,10.88171381,29.09219055
08/05/2019,22.5795318,18.79761484,17.24506601,54.54439977,28.76042964,24.4690583,21.55828801,14.95321691,11.80714833,11.5646562,29.45321302
08/06/2019,24.08795325,18.03367257,16.53826995,53.45268128,28.01315828,23.32866572,20.36785477,14.12751097,11.15516605,10.92606416,28.90502827
08/07/2019,23.35933711,18.2535596,16.72889209,54.06785698,28.42388846,23.79003679,20.76968019,14.40622432,11.37523976,11.14161805,29.95605794
08/08/2019,24.15799144,18.1435253,16.62877371,53.59637638,28.12948424,23.61588927,20.55523736,14.25748291,11.25779266,11.02658305,30.53513717
08/09/2019,24.14408079,16.61141465,14.97999664,53.5142457,25.21411998,17.86645336,14.4214941,7.600950564,4.310779092,4.222245433,30.52572235
08/10/2019,23.70041074,17.47822706,15.98596097,53.21719036,27.3133349,21.67331252,18.28614654,11.00695737,6.945730677,6.803081068,30.47820119
08/11/2019,22.82800792,17.90765193,16.37958259,53.32527797,27.63389202,22.28893513,18.84074435,11.19775326,6.957172321,6.814287726,30.49424168
08/12/2019,23.34008724,17.71408434,16.20096231,53.24761505,27.4365102,22.04832554,18.65084104,11.13367921,6.947656841,6.804967673,30.48091649
08/13/2019,22.9735361,17.52330781,16.03274259,52.94082398,27.19104395,22.10552166,18.86266221,11.20530912,6.913911506,6.771915391,30.43361649
08/14/2019,22.15512676,15.09774022,13.56617428,52.34367578,23.70894893,15.9520174,12.66411741,5.769929391,2.59215738,2.538920327,30.34648551
08/15/2019,20.09988563,15.44493255,13.88733956,52.98952185,23.98348436,16.02698649,12.7385723,5.797673568,2.599509459,2.546121411,30.6681483
08/16/2019,20.60799088,15.11126384,13.57828866,52.98952185,23.96575373,15.87843747,12.58090715,5.725891455,2.567324432,2.514597391,30.37088555
08/17/2019,20.62608106,15.00898555,13.48913478,52.98952185,23.85998752,15.68584527,12.46098309,5.671312259,2.542852696,2.490628249,30.25193837
08/18/2019,20.47769858,15.63692813,14.05112194,52.98952185,24.28090492,16.2085892,12.87346777,5.859052216,2.627029873,2.573076618,30.58342943
08/19/2019,20.79437246,15.92867678,14.3001919,52.98952185,24.54313093,16.58438087,13.1363979,5.978719261,2.680685122,2.625629908,31.22345755
08/20/2019,21.83499408,15.63688618,14.04958155,52.98952185,24.27898583,16.22639357,12.83378362,5.840951493,2.618914031,2.565127457,30.75026109
08/21/2019,21.45840466,14.87648054,13.37759874,52.45695936,23.65709061,15.47393057,12.24731239,5.574064284,2.499249512,2.447920576,29.76201787
08/22/2019,20.25980321,15.10914983,13.57744225,52.98416942,23.9788097,15.84869044,12.63759595,5.75170552,2.578898714,2.525933963,29.93359953
08/23/2019,20.36237558,15.26647715,13.71325671,52.98416942,24.14525665,16.11504029,12.84621356,5.852428867,2.624060155,2.57016789,29.93359953
08/24/2019,21.01517114,15.06588732,13.54184564,52.98416942,23.9492051,15.74194901,12.52078919,5.680352364,2.546906018,2.494598325,29.93359953
08/25/2019,20.3552106,15.11276423,13.61157776,52.45166072,23.75771225,15.53834615,12.39172394,5.642375141,2.529878128,2.47792015,29.6327568
08/26/2019,20.19304791,15.25445135,13.73105408,52.97881753,24.04392628,15.7801577,12.5903058,5.743382868,2.575167077,2.522278966,29.93057596
08/27/2019,20.61365382,14.84050279,13.35214518,52.44636262,23.69736914,15.62150627,12.46799027,5.686241692,2.549546623,2.497184698,29.62976362
08/28/2019,20.32568442,14.14933229,12.75848834,52.44636262,23.19160093,14.67378415,11.76517193,5.385863876,2.414865882,2.365269995,29.62976362
08/29/2019,19.35843284,13.80590566,12.46207092,52.97346618,23.06617916,14.1293789,11.32800354,5.170562344,2.31833089,2.270717614,29.9275527
08/30/2019,18.87916965,13.83697687,12.48770509,52.97346618,23.08749228,14.0998985,11.29284409,5.154514136,2.311135337,2.263669841,29.94327055
08/31/2019,19.04806012,13.85861035,12.51110065,52.97346618,23.10314592,14.17022857,11.29566826,5.155803202,2.311713317,2.264235951,29.89734656
09/01/2019,19.12085743,13.91733371,12.56051639,52.97346618,23.19987803,14.26618763,11.39169618,5.199634258,2.331365897,2.283484911,29.91204423
09/02/2019,19.30759687,14.2942284,12.88115707,52.97346618,23.63163623,14.7566071,11.85619532,5.411650591,2.4264279,2.376594556,29.96888695
09/03/2019,20.31199694,14.42348345,12.9949021,52.97346618,23.82871069,15.08444215,12.12643596,5.534999431,2.481733959,2.430764753,29.9568066
09/04/2019,20.89536946,14.18841372,12.79428699,52.97346618,23.60755767,14.79897074,11.9002385,5.431753695,2.435441552,2.385423087,29.92310688
09/05/2019,20.72362494,14.17186467,12.77565907,52.97346618,23.53753793,14.64904476,11.80312619,5.387427679,2.415567046,2.365956759,29.96836922
09/06/2019,20.69627532,13.77220686,12.40231811,52.97346618,23.30451566,14.38776752,11.59530701,5.297497703,2.375868469,2.327073501,29.96680991
09/07/2019,20.27229496,14.25060203,12.81639391,53.50056969,23.88167964,15.02389646,12.10139999,5.516704126,2.472660078,2.421877229,30.29303561
09/08/2019,20.60030356,14.64366667,13.18912292,53.50056969,24.04142006,15.29884333,12.32002413,5.611192123,2.514356057,2.462716867,30.30613789
09/09/2019,20.53995467,14.30447825,12.87378452,52.96822132,23.85191529,15.22388393,12.26043386,5.585461318,2.503004438,2.451598384,30.00751078
09/10/2019,20.4322303,14.18528298,12.77383361,52.43587291,23.63929017,15.16222074,12.21141054,5.56428793,2.493662742,2.442448545,29.7173145
09/11/2019,20.07054467,14.08237363,12.68529891,52.96287104,23.63479891,14.95623689,12.04764124,5.493540495,2.462447145,2.411874047,30.0024147
09/12/2019,20.09091337,14.10988484,12.70765299,52.96287104,23.71719921,14.98510429,12.07059658,5.503464075,2.466826557,2.416163515,29.99646644
09/13/2019,20.51812009,14.08559823,12.68681157,52.96287104,23.6974177,14.9084389,11.98349628,5.463751594,2.449026168,2.398728706,29.99646644
09/14/2019,20.4566973,14.3843818,12.94610469,52.96287104,24.41712503,15.30404347,12.23909559,5.580289465,2.501262125,2.449891855,29.99646644
09/15/2019,20.56198697,14.37395778,12.93997745,52.96287104,24.41286093,15.28764956,12.22060389,5.571858362,2.497483038,2.446190382,29.99646644
09/16/2019,20.48625861,14.47151586,13.02531439,52.96287104,24.44330418,15.40458778,12.3524477,5.631971187,2.524427507,2.472581471,29.99646644
09/17/2019,20.52306641,15.03972376,13.5460691,52.96287104,25.8400205,16.15383888,12.82412135,5.847025925,2.620821838,2.566996081,30.20313457
09/18/2019,20.67530778,15.80166823,14.25619583,52.96287104,27.75970313,16.81789856,13.03194904,5.94178282,2.663294873,2.608596816,30.53147943
09/19/2019,20.73897284,15.71318195,14.1817946,52.96287104,27.10198023,16.61991299,12.99094907,5.923089308,2.65491585,2.600389879,30.53147943
09/20/2019,20.93717376,15.3550794,13.83397725,52.96287104,26.47277786,16.18662175,12.65226713,5.768670767,2.585700579,2.532596134,30.17782371
09/21/2019,20.73996246,15.17762521,13.68513608,52.96287104,25.94615162,16.03760633,12.53578928,5.71556389,2.561896398,2.509280837,30.17782371
09/22/2019,20.40084646,14.7508383,13.27155136,52.96287104,25.38752066,15.82162576,12.36696814,5.638591635,2.527395001,2.47548802,29.77428721
09/23/2019,20.37928422,14.22094817,12.82197203,52.96287104,24.60353031,15.02007299,11.7404347,5.352930171,2.399352503,2.350075226,29.77428721
09/24/2019,19.59774589,12.01250406,10.87726265,53.48986913,21.56043596,10.87214808,8.498210679,3.874671552,1.736750264,1.701081339,29.57395133
09/25/2019,17.49552398,12.1988251,11.03679315,53.48986913,22.18144045,11.21199055,8.763848418,3.99578634,1.79103774,1.754253873,29.57395133
09/26/2019,16.94693781,11.86394063,10.75252825,52.95762724,21.81758519,10.54704225,8.244091819,3.758808677,1.684816861,1.650214531,29.30520753
09/27/2019,16.2726302,12.05591303,10.91574166,53.48451571,21.91058785,10.70036217,8.474989642,3.864084159,1.73200466,1.696433199,29.58674016
09/28/2019,16.48464652,12.06272933,10.92443689,52.95238509,21.89769659,10.84941815,8.691796189,3.962934869,1.776312673,1.739831225,29.30399466
09/29/2019,16.53968405,11.87657574,10.76169477,53.47922141,21.84687167,10.64597364,8.380194176,3.820863144,1.712631635,1.677458052,29.56240073
09/30/2019,16.22850375,12.37743544,11.24221877,52.94714347,22.53879824,11.04570565,8.660345839,3.948595407,1.769885272,1.733535829,29.5273688
10/01/2019,16.74186713,12.13171719,10.97944449,53.47392764,21.90995807,10.73869967,8.545732584,3.896338675,1.746462153,1.710593768,29.58100528
10/02/2019,16.89236535,12.24806096,11.08030179,52.94190236,22.52606789,10.98427922,8.589203908,3.916158977,1.755346239,1.719295395,29.31024279
10/03/2019,16.89236535,12.06210226,10.92234421,52.94190236,21.82839124,10.679405,8.46160611,3.857982076,1.729269513,1.693754226,29.31065816
10/04/2019,16.54492804,12.18174322,11.02219798,53.46832411,22.45290162,10.76170027,8.487038586,3.869577751,1.734467061,1.698845028,29.58638259
10/05/2019,16.49921994,12.13661337,10.98550696,52.93666795,22.42382779,10.75832262,8.483996773,3.868190868,1.733845416,1.69823615,29.31336366
10/06/2019,16.48186712,12.0212647,10.88574164,53.46303765,22.30654043,10.76844878,8.493115674,3.872348537,1.735709015,1.700061475,29.55752881
10/07/2019,16.00966346,12.66419665,11.48890596,53.46303765,23.69493635,11.31785073,8.895159236,4.055656155,1.817873283,1.780538275,29.80697397
10/08/2019,16.67815623,12.64233709,11.46973762,53.46303765,23.67352775,11.23798366,8.82347904,4.022974308,1.803224247,1.766190096,29.79990646
10/09/2019,16.6849183,13.08672862,11.84472373,53.46303765,24.66831014,11.58416491,9.088315502,4.143723763,1.857347969,1.81920224,29.83617223
10/10/2019,17.46294123,12.85581952,11.64879102,52.93143405,23.93318202,11.128611,8.727096694,3.979029771,1.783526916,1.746897305,29.53161579
10/11/2019,17.36312794,12.60391676,11.43251747,53.45762109,23.66380842,10.85626569,8.438226427,3.847322351,1.724491487,1.68907433,29.79964459
10/12/2019,16.73253144,12.43529003,11.23008485,52.92620327,23.75410398,10.94592863,8.527617431,3.888079258,1.742760021,1.706967669,29.05177512
10/13/2019,16.82331563,12.71837151,11.52599285,52.92620327,24.02580303,10.91075219,8.491808146,3.871752383,1.7354418,1.699799748,29.51720184
10/14/2019,16.84846597,12.92719447,11.70221783,52.92620327,25.108323,11.27486131,8.65208111,3.944827189,1.768196238,1.731881484,29.51720184
10/15/2019,17.00798585,12.65399621,11.46610807,52.92620327,24.45975258,10.95868934,8.43416769,3.845471811,1.723662017,1.688261895,29.51720184
10/16/2019,16.67265521,12.454593,11.29399583,53.45233831,24.1895959,10.7892091,8.257946295,3.765125483,1.687648253,1.652987772,29.78509983
10/17/2019,16.30908169,12.68456608,11.48823639,52.92097301,25.46375428,11.10208985,8.375109625,3.818544895,1.711592522,1.67644028,29.5147704
