"","Dates","USD","CNY","EUR","GBP","JPY"
"782","Apr 15, 2020",1.00147012408859,1.02843384464619,0.97705962292666,1.00537081184418,0.988412667691507
"781","Apr 14, 2020",1.0055707383168,1.02986878021879,0.974745366029918,1.00076967184412,0.989874564823652
"780","Apr 13, 2020",1.00136826289964,1.02614675485317,0.976533903638794,1.00564600142691,0.990978526997731
"779","Apr 10, 2020",1.00003196647139,1.02236533078952,0.973314773966409,1.00895297031854,0.995991804270976
"778","Apr 9, 2020",0.999770978297874,1.02314443635813,0.973699249752586,1.00831280849316,0.995731870498305
"777","Apr 8, 2020",0.996059709603659,1.02264619503065,0.976339953777551,1.01032667868204,0.995236595345424
"776","Apr 7, 2020",0.996530166944092,1.02020432853184,0.973937199880857,1.01531136119483,0.994700160210194
"775","Apr 3, 2020",0.993026153967072,1.02339855932721,0.977805742453368,1.01760539160139,0.988923116878787
"774","Apr 2, 2020",0.997304015618195,1.02654655813331,0.977559625314312,1.0110875866344,0.988238447943399
"773","Apr 1, 2020",0.999916597739237,1.03156035563814,0.970754580945139,1.01499261127469,0.983941435861849
"772","Mar 31, 2020",1.00162623530729,1.03076265370064,0.966444047159194,1.01333012271571,0.989026584748384
"771","Mar 30, 2020",1.00090963165546,1.03261390198673,0.964154568012974,1.01273090384739,0.990892264118001
"770","Mar 27, 2020",1.00318978877162,1.03438322916176,0.958342560322006,1.01176082855506,0.993886495348979
"769","Mar 26, 2020",0.994558725447601,1.02218896945114,0.959836504910421,1.0239243870232,1.00085975859937
"768","Mar 25, 2020",0.982551796884334,1.01574466740372,0.96111240163566,1.0390926591752,1.00330167414844
"767","Mar 24, 2020",0.980269935568516,1.00600766530381,0.967123154101605,1.04739484006466,1.0010616310158
"766","Mar 23, 2020",0.974765374432024,1.00453677087008,0.967606373810863,1.06037424448203,0.995350815265682
"765","Mar 20, 2020",0.976414310997853,1.00673262584322,0.971737499502919,1.05370304273911,0.993538095168323
"764","Mar 19, 2020",0.973591710574007,1.0055623783144,0.969239304842862,1.06484682002095,0.989682657952881
"763","Mar 18, 2020",0.986057959679925,1.00971257647128,0.959084367807893,1.06733123792468,0.981168865030883
"762","Mar 17, 2020",0.996857357329395,1.01504971803448,0.96481361896713,1.03919154338007,0.985690651095424
"761","Mar 16, 2020",1.00759849533074,1.02386401598971,0.959014980867214,1.03203203090039,0.979380926597301
"760","Mar 13, 2020",1.00209763436748,1.02048755215958,0.960392453416154,1.02539051819183,0.992988492341733
"759","Mar 12, 2020",1.01389690058902,1.03556759702432,0.964901776281684,1.01325995065775,0.974145364774906
"758","Mar 11, 2020",1.02163686092823,1.03324518990613,0.964873216286978,1.00109886648816,0.98073761647274
"757","Mar 10, 2020",1.02118936292956,1.03218425297984,0.963581022072435,0.993988440082332,0.990528365621876
"756","Mar 9, 2020",1.03458363269277,1.04424954780576,0.961793874181866,0.989737376469749,0.97236232340861
"755","Mar 6, 2020",1.02486846592281,1.03228436607289,0.966616229541457,0.986752990874037,0.990991627456897
"754","Mar 5, 2020",1.02091773539062,1.02907641424021,0.966802032120318,0.9892345238513,0.995233091235173
"753","Mar 4, 2020",1.01526193358565,1.02173796614517,0.97041534471518,0.991025249657858,1.00239753666757
"752","Mar 3, 2020",1.01467113117453,1.02642146015679,0.966718605124345,0.995038092576606,0.998180745515004
"751","Mar 2, 2020",1.01084208228964,1.02240119361524,0.966405916245397,0.995982360763327,1.00527321580011
"750","Feb 28, 2020",1.00951128307517,1.02560232644052,0.974481939990288,0.98934388842648,1.00181782641415
"749","Feb 27, 2020",1.00687567245064,1.02475344691172,0.974295554896091,0.981827125755676,1.01316228944877
"748","Feb 26, 2020",1.00295568829283,1.02338699577705,0.98117783194246,0.976492477519933,1.01686132679547
"747","Feb 25, 2020",1.00517464403362,1.024336684819,0.983348605993933,0.971075240353625,1.01708057820682
"746","Feb 24, 2020",1.00214980490083,1.02356942280486,0.982736152480185,0.973693232981293,1.01880475988082
"745","Feb 21, 2020",1.00108822042235,1.02215059409353,0.982547576425171,0.969768837725382,1.02563055398701
"744","Feb 20, 2020",0.997749331460425,1.01813256904137,0.984792927156202,0.973178547572217,1.02715687304511
"743","Feb 19, 2020",1.00081573260445,1.01766977026757,0.98579550713375,0.973277267289665,1.02332972163099
"742","Feb 18, 2020",1.00451500268813,1.02128538087694,0.990722300682084,0.97081661021197,1.01346165178011
"741","Feb 17, 2020",1.00586299344452,1.02033205703533,0.988090427514585,0.971613857721009,1.01491400559746
"740","Feb 14, 2020",1.00652197175823,1.02181950285189,0.989059163733049,0.969215277240243,1.01428506473663
"739","Feb 13, 2020",1.0068456910159,1.02069982218414,0.988519920588682,0.969653501901856,1.01516596575573
"738","Feb 12, 2020",1.00577999202346,1.01887414474643,0.984583138546006,0.974945676399166,1.01658490057793
"737","Feb 11, 2020",1.00715880380538,1.01940749855546,0.982073635088991,0.976914934712592,1.01520423727623
"736","Feb 10, 2020",1.00599600749087,1.02092011605412,0.98136811161829,0.978694193491873,1.01375504381713
"735","Feb 7, 2020",1.00584082007307,1.02326177320686,0.978111945948651,0.980186128971823,1.01341394900944
"734","Feb 6, 2020",1.00744561989778,1.02038579873319,0.9765627738594,0.978965249942131,1.01752840132913
"733","Feb 5, 2020",1.00916134226199,1.02257811613366,0.976614680558385,0.975180284374542,1.01750075285823
"732","Feb 4, 2020",1.01023327351497,1.02728994154491,0.973673474367012,0.974058316491255,1.01598430307681
"731","Feb 3, 2020",1.01086417679062,1.0313097100294,0.972882797928769,0.977333815856743,1.00882221444654
"730","Jan 31, 2020",1.01770724309901,1.02575154137497,0.976435666768973,0.96860564976442,1.0128481138509
"729","Jan 30, 2020",1.01386981494564,1.02188378090659,0.978149654355215,0.972723948602195,1.01442836961368
"728","Jan 29, 2020",1.0122479450046,1.02024909116333,0.978524304048086,0.976763942409263,1.01308443674136
"727","Jan 28, 2020",1.01232065468214,1.02032237556248,0.977624832350304,0.976198143571486,1.01445850933807
"726","Jan 27, 2020",1.01313674447095,1.0211449159978,0.978628627575717,0.975075695771764,1.0129506942011
"725","Jan 24, 2020",1.01284586214496,1.02085173444065,0.977916425281202,0.97314138809178,1.01628680392251
"724","Jan 23, 2020",1.0137329077506,1.02174579155132,0.976075346834696,0.970554687405404,1.01913154044269
"723","Jan 22, 2020",1.01497965282837,1.01856333932325,0.973818689791899,0.970345543205307,1.02364672726717
"722","Jan 21, 2020",1.01333851132554,1.01681333643739,0.973106977028103,0.975524522399333,1.02236374643697
"721","Jan 20, 2020",1.01348376918736,1.01121597353104,0.972275594644567,0.97872047367434,1.02539506497801
"720","Jan 17, 2020",1.01360986977065,1.01029611970602,0.972936009110349,0.97896960283038,1.02524344186884
"719","Jan 16, 2020",1.01500993142518,1.01450849531126,0.970066436856485,0.975093094066706,1.02665957254428
"718","Jan 15, 2020",1.01476694591871,1.01603498069414,0.968646085258014,0.977919647593485,1.02389807811044
"717","Jan 14, 2020",1.0141261533654,1.01439138839963,0.969869450557546,0.978703729614231,1.02408956337459
"716","Jan 13, 2020",1.01350669654167,1.01518549234257,0.968845518003271,0.980525388035036,1.02309178420523
"715","Jan 10, 2020",1.0145142226498,1.01995362151584,0.970996475792121,0.976019022845771,1.01973071300591
"714","Jan 9, 2020",1.0138880343699,1.02118028517287,0.971692161944285,0.974907039456317,1.01956677554119
"713","Jan 8, 2020",1.01470297339803,1.02412417270642,0.972473184936227,0.973140821202055,1.0168458591191
"712","Jan 7, 2020",1.01729479579683,1.02659224616307,0.970734203759292,0.973837046007793,1.01290467042703
"711","Jan 6, 2020",1.01797191256557,1.03183122823146,0.967587991400801,0.971287687400794,1.01301805053582
"710","Jan 3, 2020",1.0169083640843,1.02920175087242,0.969716022760116,0.976278026129938,1.00925190592115
"709","Jan 2, 2020",1.01713494988273,1.02925372789159,0.968957722347039,0.972150466611122,1.01405300576868
"708","Jan 1, 2020",1.01934237344228,1.03132453028105,0.967697139833071,0.966191590055103,1.01737687993
"707","Dec 31, 2019",1.01970884183186,1.03169530643006,0.968045041011004,0.965513988195114,1.01699361307297
"706","Dec 30, 2019",1.01589547623041,1.03130594768885,0.965614327060941,0.97326335045318,1.01561564091421
"705","Dec 27, 2019",1.01363383103527,1.03035025429821,0.965406654614543,0.973898467888773,1.01838044065632
"704","Dec 26, 2019",1.01049401721277,1.02726143751785,0.969192292613543,0.97710289690532,1.01726713843731
"703","Dec 25, 2019",1.01060555996918,1.02633225823469,0.969837118539877,0.979623306340273,1.0147812325611
"702","Dec 24, 2019",1.00969872674576,1.02806675496141,0.969289283291116,0.980012899121877,1.01414878081644
"701","Dec 23, 2019",1.00939219150683,1.02851730110282,0.968995015987235,0.980476320208479,1.01384089458206
"700","Dec 20, 2019",1.01038719690226,1.02866498281893,0.97070301641722,0.976237912322951,1.01530414864552
"699","Dec 19, 2019",1.01123606487518,1.03005816503218,0.967858935109911,0.976676923067659,1.01560004385315
"698","Dec 18, 2019",1.01201282325794,1.0300553342519,0.969356401968943,0.972341005082734,1.01777398339402
"697","Dec 17, 2019",1.01383042967767,1.03075632892211,0.967860045106871,0.970138529014343,1.01913649289424
"696","Dec 16, 2019",1.01689994311645,1.03333039132047,0.971223330450657,0.958382519577397,1.02240881251723
"695","Dec 13, 2019",1.01672780122482,1.03256454479765,0.973115102566638,0.958603520591913,1.02111547973529
"694","Dec 12, 2019",1.01467027544613,1.029796784064,0.97028182592954,0.968519924935827,1.01839691313026
"693","Dec 11, 2019",1.01498893388562,1.03806926577367,0.970586544122239,0.966528600316514,1.01172710185128
"692","Dec 10, 2019",1.0135547074102,1.03592498479648,0.972559413230751,0.967964484360459,1.01169343717347
"691","Dec 9, 2019",1.01296231686877,1.03607015636261,0.974578646320048,0.968289647787113,1.00970699769786
"690","Dec 6, 2019",1.01281911637073,1.03529088875348,0.974764284217578,0.968661780853625,1.01002923725117
"689","Dec 5, 2019",1.01338125346661,1.03730849489583,0.971314336079492,0.967798832466354,1.01198553968441
"688","Dec 4, 2019",1.01175670880614,1.03639533606679,0.972126430057803,0.970060993202624,1.01129221669853
"687","Dec 3, 2019",1.01023606604258,1.03651104037117,0.970127704932006,0.976853469564484,1.00773157850396
"686","Dec 2, 2019",1.00921842404582,1.0322408573276,0.969580148529815,0.980180728467674,1.01005241227614
"685","Nov 29, 2019",1.00726813011464,1.02923621437866,0.97317432858442,0.978539663531402,1.01290979350065
"684","Nov 28, 2019",1.00673681799276,1.02913215194139,0.973303940162663,0.979541389437859,1.01237550552352
"683","Nov 27, 2019",1.00677717568361,1.02823718348228,0.974307406207067,0.978948179748143,1.0127858540804
"682","Nov 26, 2019",1.00713011801774,1.02925616219545,0.972719392324958,0.983467178946335,1.00842474859824
"681","Nov 25, 2019",1.00767622215277,1.03022422764679,0.973890377556906,0.981468284222673,1.00776874590836
"680","Nov 22, 2019",1.00718880234571,1.03026737696901,0.972454457272802,0.986181974705384,1.00487682731508
"679","Nov 21, 2019",1.0094541648438,1.03101523632166,0.971633210503728,0.982058499608692,1.00695161572519
"678","Nov 20, 2019",1.00971898355782,1.03225401339879,0.970598418361968,0.981681806102579,1.00693764396488
"677","Nov 19, 2019",1.01023311157166,1.03156128254813,0.97055498297454,0.981927798858947,1.00689380461944
"676","Nov 18, 2019",1.01033993878105,1.03143548085316,0.971302855462529,0.98000054371023,1.00811349873599
"675","Nov 15, 2019",1.0095077752028,1.0279896751019,0.972222070253854,0.983252201705255,1.00802470437338
"674","Nov 14, 2019",1.00895922301379,1.02926360561662,0.9742712156659,0.984112381989706,1.00432714504568
"673","Nov 13, 2019",1.00732045866038,1.02798704523214,0.97408263618196,0.98491868441953,1.00658052994223
"672","Nov 12, 2019",1.00738372074214,1.02576818455877,0.973929359819143,0.985360254551772,1.00840118662481
"671","Nov 11, 2019",1.00780952658005,1.02659713570204,0.972302879076275,0.985017000536027,1.00919756651199
"670","Nov 8, 2019",1.00628241413373,1.02292146484765,0.971900652032941,0.989972522008684,1.00970105790592
"669","Nov 7, 2019",1.00799610096336,1.02207110863559,0.970980810401106,0.988365570036191,1.01142056664471
"668","Nov 6, 2019",1.00891525492083,1.02589103140831,0.970577549119151,0.986097721828007,1.00947108005438
"667","Nov 5, 2019",1.00887567505926,1.02755122843568,0.969680398699854,0.983777373305054,1.01119152226122
"666","Nov 4, 2019",1.01031626407026,1.03205722838579,0.966333363377895,0.985309064168028,1.00725498074326
"665","Nov 1, 2019",1.01234833039078,1.03517739347676,0.964936593789192,0.983347775128929,1.00565573285262
"664","Oct 31, 2019",1.01242410098846,1.03554908372321,0.966301959932253,0.982912555388595,1.00424364732149
"663","Oct 30, 2019",1.00981398362898,1.03519762269845,0.964025717846546,0.983296692188036,1.00916494333099
"662","Oct 29, 2019",1.00815289470173,1.03503287031712,0.965766477095857,0.984465925068708,1.00796775965542
"661","Oct 28, 2019",1.00775736593127,1.03491965054256,0.966352965372518,0.984206308001478,1.00812749075578
"660","Oct 25, 2019",1.00733527315663,1.03412026581717,0.967663740312779,0.98708478393624,1.00502296190615
"659","Oct 24, 2019",1.00823540459411,1.03558637011984,0.966382098815328,0.985686604240081,1.0054581516203
"658","Oct 23, 2019",1.00969507986222,1.03658683234885,0.965524278603742,0.982039152307252,1.00765547911325
"657","Oct 22, 2019",1.00894771897795,1.03747615076864,0.965346572207852,0.984735002012903,1.00496417734577
"656","Oct 21, 2019",1.01050953168985,1.03897934529789,0.964797285711327,0.979657186395131,1.00772601447832
"655","Oct 18, 2019",1.01127741685173,1.04057702845254,0.963592914918223,0.979512200843071,1.00682040500627
"654","Oct 17, 2019",1.00881784111683,1.03741589130382,0.965329685113393,0.983340722626509,1.00659475524898
"653","Oct 16, 2019",1.00632825806771,1.03720987149693,0.967446176356316,0.98533937870608,1.00503465825016
"652","Oct 15, 2019",1.00510905430751,1.03424455498814,0.969590565107922,0.987555321608833,1.00464761410261
"651","Oct 14, 2019",1.00343918937631,1.03044134532309,0.968406932418841,1.00003513634036,0.998648184156628
"650","Oct 11, 2019",1.00370494133217,1.03370393969493,0.967488232964786,0.997021141622335,0.999189144607789
"649","Oct 10, 2019",0.999787585716745,1.03376609817612,0.966904736968849,1.00958573016779,0.991158439352097
"648","Oct 9, 2019",0.995787833435762,1.03197436078015,0.966110282253004,1.02506467135811,0.98262160003068
"647","Oct 8, 2019",0.996134015095108,1.0340699849535,0.967718483850245,1.02429460730473,0.979396109965881
"646","Oct 7, 2019",0.997075361820111,1.03561219489105,0.967359438317224,1.01912401914896,0.982335748079129
"645","Oct 4, 2019",0.998540883169545,1.03713435845006,0.968143576880403,1.01723451196616,0.980478946342403
"644","Oct 3, 2019",0.998285267171578,1.03686886292701,0.968958313074786,1.01735039603325,0.980044631034662
"643","Oct 2, 2019",0.997226992644072,1.03576968622664,0.968567994452066,1.01852722995397,0.981386365545787
"642","Oct 1, 2019",0.995788048874285,1.03427512746728,0.969502212139764,1.01655709223565,0.985181914114445
"641","Sep 30, 2019",0.994348102706037,1.03277952756688,0.970957902525299,1.01633645125187,0.986770204209608
"640","Sep 27, 2019",0.995966680239951,1.03075597886536,0.969146076716725,1.01824109525223,0.987096166239099
"639","Sep 26, 2019",0.996127598737034,1.03235542053554,0.970787045666449,1.01565215023885,0.986249554419378
"638","Sep 25, 2019",0.997080050540751,1.03322661093625,0.969911078434478,1.01424300655584,0.986734807155285
"637","Sep 24, 2019",1.00251513803115,1.03661548149381,0.968262092867975,1.00843525506689,0.98548591201556
"636","Sep 23, 2019",1.00008973589603,1.03441273774405,0.968261440948408,1.01077042788638,0.98769306760607
"635","Sep 20, 2019",1.00203654146067,1.03250982047027,0.968013161287608,1.00896103069052,0.989615741433386
"634","Sep 19, 2019",1.00221448232351,1.03340672069058,0.966158229526775,1.0053625363577,0.99402450078584
"633","Sep 18, 2019",1.00066528875163,1.03028264331605,0.965623364323817,1.0080832121134,0.99643880786993
"632","Sep 17, 2019",1.00227749128729,1.03278722414181,0.963551921373794,1.00744062448779,0.995191331446217
"631","Sep 16, 2019",1.00056230090847,1.02747250271573,0.968079969692173,1.01137375434208,0.99348826756259
"630","Sep 13, 2019",1.00280913722865,1.03152826905199,0.963849548608273,1.0078490122744,0.995166757429737
"629","Sep 12, 2019",0.999848896958314,1.02846872357162,0.962068550133386,1.01844138806899,0.9925044922428
"628","Sep 11, 2019",0.998242889345997,1.03224142664642,0.965092087698743,1.01743263203603,0.988343868865842
"627","Sep 10, 2019",0.999836766315448,1.03330848230561,0.963653211174708,1.01729842111101,0.987351429778959
"626","Sep 9, 2019",1.00017567152426,1.03501026293475,0.963660476704378,1.01776891112891,0.9849310510603
"625","Sep 6, 2019",0.999578878250006,1.0334776780965,0.964681393197744,1.02256203376197,0.981314605293276
"624","Sep 5, 2019",0.999606325028034,1.03827002811021,0.964175893284092,1.01831989990292,0.981341550564663
"623","Sep 4, 2019",0.999342679694297,1.03763317337161,0.96392159269715,1.02483163106733,0.976219517883356
"622","Sep 3, 2019",0.995433787100983,1.03833305932889,0.965554880452502,1.03483090268545,0.968288085625546
"621","Sep 2, 2019",0.994726866914214,1.03658393514117,0.965292692459488,1.03559578078291,0.970157816579082
"620","Aug 30, 2019",0.996843118693348,1.03660212891977,0.965436459498752,1.0301588957473,0.973045560079789
"619","Aug 29, 2019",0.998512460022519,1.03655351708453,0.961207736928543,1.02924943108742,0.97660037867596
"618","Aug 28, 2019",0.999402706263394,1.04049811998737,0.960362706987326,1.02828354838434,0.973800525100279
"617","Aug 27, 2019",1.00176426980482,1.04252012112565,0.961352491384808,1.02416834569693,0.972514335198456
"616","Aug 26, 2019",1.00029731022793,1.03939470157258,0.95909293991838,1.02870127958482,0.974855904027108
"615","Aug 23, 2019",1.00502567993278,1.03623239684451,0.959882429594127,1.02838662361761,0.972727544961107
"614","Aug 22, 2019",1.00182252033835,1.03112477007232,0.96236809431119,1.02737472182455,0.979101910428925
"613","Aug 21, 2019",1.00007843445787,1.0263653136688,0.960373351322926,1.0361410692976,0.979050249581287
"612","Aug 20, 2019",1.00188258308735,1.0278238347483,0.960719551999358,1.03435974183048,0.977228783411712
"611","Aug 19, 2019",1.00028441024383,1.02475993364226,0.961103498804792,1.03635447253054,0.979435584504653
"610","Aug 16, 2019",1.00160822005905,1.02496641707451,0.961309347554279,1.03571248286041,0.97834067073622
"609","Aug 15, 2019",1.00156976955554,1.02364642039052,0.959886557219595,1.04120973404982,0.975912073686843
"608","Aug 14, 2019",1.00238442504511,1.02308082403948,0.95789328026131,1.04432361508658,0.974773064516828
"607","Aug 13, 2019",1.00083889663129,1.0242809480003,0.953646599536274,1.04271342264941,0.98098936934524
"606","Aug 12, 2019",1.00412628727521,1.02979006449093,0.953251980437213,1.04487673215395,0.970935077705928
"605","Aug 9, 2019",1.00237183241791,1.02860247726316,0.952653335993562,1.04682933422009,0.97255193766964
"604","Aug 8, 2019",1.00344671284111,1.0271831272448,0.955276998366243,1.03912649921302,0.977372392784726
"603","Aug 7, 2019",1.00309960658087,1.02902864483999,0.953451781454729,1.03801085058425,0.978876376709347
"602","Aug 6, 2019",1.00414713837225,1.02517173809029,0.954340585260865,1.03682387022781,0.981742606683292
"601","Aug 5, 2019",1.00405865342386,1.02864111613283,0.954042746047345,1.03900327548673,0.976769941513709
"600","Aug 2, 2019",1.00455514897069,1.01305014478169,0.962533842579469,1.0383811044832,0.983156122750761
"599","Aug 1, 2019",1.00355165564749,1.00592846165523,0.963708678792088,1.03923517349499,0.989084884006994
"598","Jul 31, 2019",1.00161525463141,1.00187721755926,0.962595437367428,1.03509052259622,1.00014377872707
"597","Jul 30, 2019",1.00321289018796,1.00353357780088,0.957190031681198,1.03724574360557,1.00044947207156
"596","Jul 29, 2019",1.00353879181383,1.00515733221299,0.958462328786113,1.03190871619606,1.00234092161885
"595","Jul 26, 2019",1.00649108843399,1.00603773383246,0.962888973160696,1.0212868488746,1.00427312992491
"594","Jul 25, 2019",1.00844829175163,1.00702697207217,0.962936628558158,1.01655743745739,1.00594823630426
"593","Jul 24, 2019",1.0094784224825,1.00804098317582,0.964457511463852,1.01607383371118,1.00280479779985
"592","Jul 23, 2019",1.00872150481236,1.00826714556255,0.962660671862435,1.01898742287867,1.00233074328155
"591","Jul 22, 2019",1.0109464574098,1.01077018846644,0.959941814428189,1.01805953714531,1.00138558282407
"590","Jul 19, 2019",1.01184542984617,1.01183072770546,0.95971842739321,1.01693071910284,1.00078954827866
"589","Jul 18, 2019",1.01449426667661,1.01415523222398,0.957587563266437,1.01551398700999,0.999497151908918
"588","Jul 17, 2019",1.01059894609739,1.00932143555134,0.958428590710776,1.02126489803509,1.00159811074972
"587","Jul 16, 2019",1.00930887806767,1.00841429571058,0.958279424413374,1.02211704450628,1.00309974255849
"586","Jul 15, 2019",1.01249010304564,1.01181337368568,0.957204587041123,1.01643371319696,1.00328649270669
"585","Jul 12, 2019",1.01358622758122,1.01336531606307,0.957162002245942,1.01282212186876,1.00427958698274
"584","Jul 11, 2019",1.01161091598992,1.00983236927102,0.95680410851372,1.01516979344283,1.00780262955565
"583","Jul 10, 2019",1.01119012017747,1.00980901398773,0.956729002475525,1.01639916590272,1.00710487866725
"582","Jul 9, 2019",1.00874382363403,1.00957927686837,0.957957679027439,1.01660186070719,1.00828071472592
"581","Jul 8, 2019",1.0100042015907,1.00994550004026,0.958724584330589,1.01419193103567,1.00824218893528
"580","Jul 5, 2019",1.01050719346635,1.01216633812528,0.958234016667559,1.01380825981013,1.00642471100262
"579","Jul 4, 2019",1.01437368206294,1.01279662230122,0.956717956014873,1.0132266330444,1.00412842404927
"578","Jul 3, 2019",1.01381654736586,1.01363977799271,0.956839949493673,1.01317964791406,1.00376309156607
"577","Jul 2, 2019",1.0144146187838,1.0130291085014,0.956756565943932,1.01212042816461,1.00491408704971
"576","Jul 1, 2019",1.01475209522029,1.01024031658324,0.957074860643636,1.00875971571591,1.01037294284903
"575","Jun 28, 2019",1.01773567400444,1.01544357645754,0.952847577279733,1.0072501450098,1.00820403882416
"574","Jun 27, 2019",1.01729069934806,1.01652207379605,0.952430973013895,1.00834355159654,1.00692257267212
"573","Jun 26, 2019",1.01744910999131,1.0171090880578,0.952579283819427,1.00747787860805,1.00689252662623
"572","Jun 25, 2019",1.01852901539352,1.01815903405901,0.953915572799102,1.00841922870975,1.00244353282555
"571","Jun 24, 2019",1.01985882114827,1.01907343664714,0.952230077606449,1.00563538489403,1.00478240298603
"570","Jun 21, 2019",1.01946712538891,1.0176451406393,0.954577147636642,1.00524915191006,1.00449010398939
"569","Jun 20, 2019",1.01801471625355,1.01353280673167,0.959501895947336,1.0070146828828,1.00305903223918
"568","Jun 19, 2019",1.01279305195817,1.01592754072017,0.960293827231863,1.006684989828,1.00535356576253
"567","Jun 18, 2019",1.01025450120086,1.0133224173154,0.960682673095105,1.01076223056445,1.00598751864139
"566","Jun 17, 2019",1.00946215292439,1.01584252048352,0.957780269416497,1.01187197588023,1.00621808209964
"565","Jun 14, 2019",1.01022578974956,1.01656694810028,0.959257506158148,1.00806800128044,1.00697926485366
"564","Jun 13, 2019",1.01319175972613,1.01897738897177,0.956358118706901,1.0044079638446,1.00835419003503
"563","Jun 12, 2019",1.01353468498309,1.01874793169544,0.955603005809498,1.00372916032626,1.00971915637375
"562","Jun 11, 2019",1.01503207471785,1.01932387155528,0.953449500732837,1.00227881331921,1.01139730739492
"561","Jun 10, 2019",1.01368995525537,1.02086294986777,0.953591466157205,1.00401029240835,1.00931538653835
"560","Jun 7, 2019",1.01592758526031,1.01997222380209,0.954074410298212,1.00226955640959,1.00921132539999
"559","Jun 6, 2019",1.01389884686646,1.01793540853976,0.957133461719923,1.00294328701843,1.00933718645911
"558","Jun 5, 2019",1.01260836702191,1.01655151164452,0.960442060514344,1.00293903219421,1.00851739574756
"557","Jun 4, 2019",1.01397885103639,1.01780946727325,0.95925960915502,1.00327722727875,1.00680996190501
"556","Jun 3, 2019",1.01350407034047,1.01665548587093,0.959673465646493,1.00548161068078,1.00578018476171
"555","May 31, 2019",1.01158597865964,1.01492250884803,0.962810199167055,1.00586649517683,1.00573436570807
"554","May 30, 2019",1.00780630613091,1.01067642274893,0.963718132440675,1.00438743814932,1.0142838051144
"553","May 29, 2019",1.00778062083708,1.01249569225085,0.963693570793013,1.00284238183562,1.0140728880501
"552","May 28, 2019",1.00924634953482,1.01332304606317,0.962624431951197,1.00214523185999,1.01360174191643
"551","May 27, 2019",1.01045413063347,1.01274451094788,0.960442297664381,1.00131319616863,1.01611363866474
"550","May 24, 2019",1.0114270895367,1.01405768467244,0.960828821087283,0.999608680273359,1.01514181578603
"549","May 23, 2019",1.0092195071295,1.01335475117597,0.960772673950636,1.00199177601926,1.01570608921554
"548","May 22, 2019",1.00759608390219,1.01112441972336,0.961586640581907,0.999746987633569,1.02101096152278
"547","May 21, 2019",1.00828558672243,1.0112156699409,0.961600729859817,0.997010625393332,1.0230057601031
"546","May 20, 2019",1.00931225533716,1.01371185542145,0.96172041615522,0.99637723208746,1.01996976239471
"545","May 17, 2019",1.00878331503583,1.01411869894344,0.96218278723109,0.996362060497133,1.01962048773432
"544","May 16, 2019",1.01166907182186,1.01188956549516,0.963750738989429,0.993238111222019,1.02049365742677
"543","May 15, 2019",1.01374646991671,1.01283322461884,0.963247976258271,0.991201787773818,1.02007598602674
"542","May 14, 2019",1.01475629761538,1.0138273981668,0.963343418672867,0.987981725118933,1.02127846645507
"541","May 13, 2019",1.01626125708754,1.01568537127864,0.963798595066525,0.985488677246093,1.01999373806114
"540","May 10, 2019",1.01759921641516,1.00897912802654,0.964092669006,0.98346188876309,1.02722300847198
"539","May 9, 2019",1.01764380799078,1.00952607917066,0.965651362239256,0.9828656806163,1.02558612032934
"538","May 8, 2019",1.01784720459499,1.00313180467676,0.968011152001727,0.983190012429485,1.02906212191676
"537","May 7, 2019",1.01880527851199,1.0032026345768,0.969030757720397,0.978995196640242,1.03134039074416
"536","May 6, 2019",1.01868477867516,1.00124859209104,0.968265574621522,0.97721551516332,1.03617573943288
"535","May 3, 2019",1.02022845784774,0.99833348912738,0.969407072188052,0.973056190918729,1.04083724131358
"534","May 2, 2019",1.0169093504888,0.995085612629774,0.968309850928455,0.980112027591357,1.04127932023241
"533","May 1, 2019",1.01769133139309,0.995895172805501,0.967429620082135,0.979842778296925,1.04086527778786
"532","Apr 30, 2019",1.01771692262596,0.995920215944315,0.965937392129395,0.981018247315787,1.04117178880713
"531","Apr 29, 2019",1.01527399534218,0.993337834014227,0.966104259537957,0.986189629097928,1.04072343072263
"530","Apr 26, 2019",1.01453711651418,0.992056708762641,0.968642675373304,0.986748563756284,1.03950231229288
"529","Apr 25, 2019",1.01346419738498,0.992966076658477,0.969020637052608,0.987105724102066,1.03886826734055
"528","Apr 24, 2019",1.01353904564718,0.98991734026935,0.967150350636182,0.987051280664814,1.0440634058503
"527","Apr 23, 2019",1.01593304220871,0.99284600331162,0.963054781682892,0.986574504740685,1.04345119916873
"526","Apr 22, 2019",1.01749152939064,0.992314073096202,0.961824616553304,0.984636230602679,1.04579930033962
"525","Apr 19, 2019",1.01779637099738,0.991457860081752,0.963087784796884,0.983780309345754,1.04592571703266
"524","Apr 18, 2019",1.01723656794123,0.991636786826284,0.96407391175612,0.983239215626575,1.0458174503019
"523","Apr 17, 2019",1.01964417498228,0.990887373569375,0.960712106114228,0.981979218650484,1.0491353066616
"522","Apr 16, 2019",1.01880022580239,0.993619992681343,0.961218222619733,0.980910432255776,1.0477056770716
"521","Apr 15, 2019",1.02016149622748,0.994413991484192,0.960113672128085,0.978375763375341,1.04938657995009
"520","Apr 12, 2019",1.0198837777887,0.993520886884701,0.960503636601857,0.979390842271523,1.04910090557036
"519","Apr 11, 2019",1.018761389758,0.994647905836695,0.963675622222386,0.980361035828182,1.0445788669018
"518","Apr 10, 2019",1.02095624367383,0.996286435132652,0.964013074787713,0.979907619729162,1.04073604051665
"517","Apr 9, 2019",1.0202492993508,0.994988778796711,0.964214319205504,0.981280108874273,1.04113953842482
"516","Apr 8, 2019",1.01947026027759,0.99489560991651,0.963695091168203,0.980402735540227,1.043527174876
"515","Apr 5, 2019",1.01773122451453,0.993582973353835,0.965734312564875,0.980776289989498,1.04408327715552
"514","Apr 4, 2019",1.01856917869541,0.994164247558019,0.966204206549602,0.978640345455938,1.04438178482156
"513","Apr 3, 2019",1.02066140921649,0.995316533980729,0.966993848157105,0.974366803270124,1.04474643191125
"512","Apr 2, 2019",1.01959217939137,0.996036804513313,0.968476914197824,0.975523865569199,1.04224770298082
"511","Apr 1, 2019",1.01955115254781,0.994248661105247,0.967786820481255,0.977790419323715,1.04248660681043
"510","Mar 29, 2019",1.01947927013465,0.994252627921445,0.967284535814823,0.982845136291388,1.03773273241325
"509","Mar 28, 2019",1.01951101112606,0.998283234380733,0.966338004691598,0.98172287841062,1.03570561262499
"508","Mar 27, 2019",1.02259253871116,0.99953246257266,0.967952681932764,0.974026138455745,1.03770936900521
"507","Mar 26, 2019",1.02335601191832,0.99858360856688,0.966932551122821,0.973467567060382,1.03961169000682
"506","Mar 25, 2019",1.02559454709375,0.999829134776287,0.965008599926428,0.975854693446539,1.03557646078322
"505","Mar 22, 2019",1.02552650645447,1.00105918414074,0.964835422091655,0.975403399153207,1.03503694416928
"504","Mar 21, 2019",1.0239496320325,0.996722864431266,0.958229394872773,0.981494125238838,1.04181304495015
"503","Mar 20, 2019",1.02641518623967,0.998421909216411,0.9571499144913,0.977280346943615,1.04319068005573
"502","Mar 19, 2019",1.02461213029939,0.999243589694795,0.960703380075289,0.970156679725621,1.0479436708663
"501","Mar 18, 2019",1.0240814490108,0.998889726865946,0.961513833073366,0.97042622043466,1.04768299558152
"500","Mar 15, 2019",1.02432740190852,0.999248697518767,0.962726020101354,0.967956576172128,1.04840488009129
"499","Mar 14, 2019",1.02235310421469,0.998689379950796,0.962720373920954,0.970072954269298,1.04873095953416
"498","Mar 13, 2019",1.02576303941526,0.999650593793079,0.963966138903391,0.966220066151052,1.04704872915063
"497","Mar 12, 2019",1.0205693646071,0.994796736914509,0.962344225764161,0.980818578952092,1.04352772420023
"496","Mar 11, 2019",1.02085712268208,0.997747182732668,0.965875355350831,0.975194962150005,1.04232221138782
"495","Mar 8, 2019",1.01881837124098,0.995029214671453,0.964705506179853,0.983232052959157,1.03995995161931
"494","Mar 7, 2019",1.01844478921929,0.993672887716111,0.968362671856934,0.977881025155647,1.04350614295272
"493","Mar 6, 2019",1.02156206410146,0.996269040588553,0.961649270347347,0.974584841402487,1.04838850339381
"492","Mar 5, 2019",1.02160452483461,0.995672160583034,0.961580501661782,0.974111915940425,1.04955771080474
"491","Mar 4, 2019",1.02261380700604,0.996611247363764,0.959918165405673,0.974174881859507,1.04928007467565
"490","Mar 1, 2019",1.02324712256398,0.997094648992791,0.957354146603235,0.973621115614654,1.05152711373942
"489","Feb 28, 2019",1.02539710740798,0.997357101070833,0.959802252532817,0.971415277026788,1.04874652276352
"488","Feb 27, 2019",1.02701822215163,0.997904226083197,0.961538295055429,0.969467006285363,1.04672686308724
"487","Feb 26, 2019",1.02698491138467,0.999811734922855,0.9591022472048,0.973822732280451,1.04273245341031
"486","Feb 25, 2019",1.02337408175189,0.994690522422891,0.958888987936333,0.981713923127987,1.04357658175892
"485","Feb 22, 2019",1.02230241882973,0.997332708615809,0.95929942782362,0.984025484439574,1.03901069452082
"484","Feb 21, 2019",1.02199760679769,0.997866922127651,0.959557305967264,0.983732085146013,1.03879473944086
"483","Feb 20, 2019",1.02163015782107,0.997730813792297,0.959212306773775,0.98350675577648,1.03992213108111
"482","Feb 19, 2019",1.02122221621894,1.00288197154425,0.958503193466592,0.982087554082143,1.03725646458672
"481","Feb 18, 2019",1.01822367525925,1.00112086706141,0.958181534110381,0.98995034541476,1.03421084342281
"480","Feb 15, 2019",1.01743061130599,1.00127247146673,0.958843068919981,0.991735982222875,1.03228429482427
"479","Feb 14, 2019",1.01628905731849,1.0000161465014,0.957659076576968,0.996624713201512,1.03093944589613
"478","Feb 13, 2019",1.01561497631804,0.997626300204938,0.959942627962124,0.993283952212538,1.03510478717567
"477","Feb 12, 2019",1.0180161288959,1.00199660827642,0.956794296769642,0.992178805358147,1.03269141419905
"476","Feb 11, 2019",1.01610058934215,1.00281301788482,0.959211934739277,0.993503553996807,1.02981528832601
"475","Feb 8, 2019",1.02127440227537,1.00087057937999,0.959421806757046,0.99099160808804,1.02896373300594
"474","Feb 7, 2019",1.02150599957582,1.0010975496475,0.958225904657981,0.990831300003186,1.02994742276578
"473","Feb 6, 2019",1.0211696431506,1.00076791321538,0.956606070182912,0.992044689136884,1.03110849010441
"472","Feb 5, 2019",1.02228558134932,1.00186155632345,0.95329898650361,0.992229691660198,1.03223528951414
"471","Feb 4, 2019",1.02431450447254,1.00384994402545,0.953119467599674,0.987249222742662,1.03353154803496
"470","Feb 1, 2019",1.02602122165929,1.00552256307449,0.953397047906925,0.985542434927157,1.03157950391784
"469","Jan 31, 2019",1.02882220194254,1.00169010516492,0.956656812790846,0.986164666241941,1.02853880587185
"468","Jan 30, 2019",1.02875834770507,1.00397475296937,0.953969422587183,0.985457173376488,1.02989186163148
"467","Jan 29, 2019",1.0259793621522,1.0037075465229,0.955323838223249,0.986404583388443,1.03050117001037
"466","Jan 28, 2019",1.02704147123138,1.00659704399649,0.956640757290668,0.980457481896726,1.03128505457592
"465","Jan 25, 2019",1.02684443649379,1.00670233299254,0.958205979216719,0.9774310153131,1.03287859717101
"464","Jan 24, 2019",1.02154346388459,1.00762067979898,0.961740493673145,0.98226814035793,1.02839064714265
"463","Jan 23, 2019",1.0229111614323,1.00948993918431,0.956713185258713,0.983326208835094,1.02939182162317
"462","Jan 22, 2019",1.02068737019366,1.00966822374474,0.956371572093115,0.98978076682431,1.02509213618385
"461","Jan 21, 2019",1.019560911779,1.00707250167438,0.95477348609171,0.993556279904246,1.02667565140761
"460","Jan 18, 2019",1.01959186527409,1.00428828366869,0.955019522555827,0.994995604671926,1.02773661711312
"459","Jan 17, 2019",1.02297833630434,1.00723746394849,0.955578273486627,0.989817334825945,1.02607798602411
"458","Jan 16, 2019",1.02233134337395,1.00368894423508,0.954538642264638,0.997026747992033,1.02402099209131
"457","Jan 15, 2019",1.02288126059276,1.0048530582607,0.953854467701239,0.999362317171664,1.02062718380879
"456","Jan 14, 2019",1.02481769859962,1.00779771066682,0.950424332932249,1.00086794461802,1.017854471192
"455","Jan 11, 2019",1.02384907919446,1.00610135021608,0.950288873930358,1.00107972537898,1.02046476491194
"454","Jan 10, 2019",1.0222644569303,1.00833184631175,0.946206675621702,1.00749370525961,1.01766515857482
"453","Jan 9, 2019",1.02330181461967,1.01351827432035,0.943681417973901,1.00530178270024,1.01634888703893
"452","Jan 8, 2019",1.01821127207358,1.01390603283418,0.947223684717731,1.00580186217395,1.01671541491141
"451","Jan 7, 2019",1.01992765486509,1.01528912768707,0.945997826981841,1.00262771348969,1.01814833015272
"450","Jan 4, 2019",1.01733797096787,1.01540153584884,0.950309529879085,1.00481138205533,1.0137883572596
"449","Jan 3, 2019",1.01740626574628,1.01588362294704,0.950481617291651,1.0120373672463,1.00582253817741
"448","Jan 2, 2019",1.01419510681255,1.01120364165289,0.951583806977391,1.01062713809905,1.01391573987467
"447","Jan 1, 2019",1.01659234985936,1.01603104754335,0.943769928203654,1.00164809744906,1.02415308627829
"446","Dec 31, 2018",1.01707500039971,1.01651343159255,0.943784976421994,1.00148470638679,1.02333191207235
"445","Dec 28, 2018",1.01443899520407,1.01387888184345,0.943606426725744,1.00309522455786,1.02719981995322
"444","Dec 27, 2018",1.01224625871333,1.00989298435165,0.942644227512818,1.00588712905688,1.0316714233512
"443","Dec 26, 2018",1.0094949344375,1.00994964206384,0.946529098186262,1.0039141105758,1.03220416765182
"442","Dec 25, 2018",1.012415369108,1.01313617978301,0.948405286164924,1.00274787720547,1.02515073827224
"441","Dec 24, 2018",1.0130398159835,1.01551269117181,0.945863253412164,1.00031158610558,1.02736431618196
"440","Dec 21, 2018",1.00944719217978,1.01299667738832,0.944765211371664,1.00412029406801,1.03085774230314
"439","Dec 20, 2018",1.01166558416147,1.01207717093271,0.940811304823715,1.00429322533733,1.03368052709107
"438","Dec 19, 2018",1.00733118962256,1.00878020794162,0.942463135367997,1.00366080333043,1.04035086042371
"437","Dec 18, 2018",1.00743916977096,1.00931284882783,0.943743707626846,1.00111023919067,1.04092489004064
"436","Dec 17, 2018",1.00631029054376,1.00848892607681,0.943864425787294,1.001379256327,1.04253043872971
"435","Dec 14, 2018",1.00366752095028,1.00737168308098,0.944590550318508,1.00202815950131,1.04495326600452
"434","Dec 13, 2018",1.00608402352921,1.00598169453796,0.942367153491966,0.998752339477856,1.04977861017224
"433","Dec 12, 2018",1.00638002154229,1.00604369879415,0.942323049441995,1.00132220009969,1.04676089285016
"432","Dec 11, 2018",1.00249324055681,1.0050714673644,0.942845159506118,1.00853918546782,1.04373068172562
"431","Dec 10, 2018",1.00410553721536,1.0083949030951,0.941155227325008,1.00423169697629,1.04494832052143
"430","Dec 7, 2018",1.00928043907245,1.00831255756512,0.944179433635739,0.996219013613918,1.04468078134825
"429","Dec 6, 2018",1.01001234989417,1.0100710519182,0.945079145068616,0.992626787394421,1.0448819342813
"428","Dec 5, 2018",1.00852103071784,1.00476964842029,0.946152673203514,0.995089289386502,1.04815439782345
"427","Dec 4, 2018",1.00959401419933,1.00299277178924,0.947159301878968,0.997289626791701,1.04546885429621
"426","Dec 3, 2018",1.00687993068221,1.00698234062533,0.943970029744433,0.994229096021049,1.0508864357786
"425","Nov 30, 2018",1.00483308682626,1.01625048324749,0.945152739572505,0.989682946052402,1.04690487891081
"424","Nov 29, 2018",1.00730125370037,1.01611219415237,0.94114852634187,0.989076428906698,1.04956887586005
"423","Nov 28, 2018",1.0066045507917,1.01707676005847,0.942640429788756,0.986115803809885,1.05078387089806
"422","Nov 27, 2018",1.00394299715341,1.01403742131438,0.946666419561692,0.989310833857799,1.04883513190814
"421","Nov 26, 2018",1.00660515395657,1.0151613635822,0.945855273989207,0.985484025584821,1.04986024642298
"420","Nov 23, 2018",1.00746101519181,1.01715165919246,0.945479911755848,0.987840904957518,1.04483262938128
"419","Nov 22, 2018",1.01014269988522,1.01742269028296,0.942513135411802,0.985520550899456,1.0475210405384
"418","Nov 21, 2018",1.0081007790159,1.01464831469758,0.942432053442969,0.991254767757064,1.04651431526525
"417","Nov 20, 2018",1.00799184629824,1.01720427341304,0.943510409403593,0.99038776706273,1.04371720234187
"416","Nov 19, 2018",1.01089616195457,1.01966510560257,0.939450174563631,0.988414867738464,1.04477524552021
"415","Nov 16, 2018",1.00974600113503,1.01791810236038,0.941175703239965,0.98817836447302,1.04608981092706
"414","Nov 15, 2018",1.00578678343436,1.01411682523082,0.945086293151523,0.988473956530165,1.04946846083446
"413","Nov 14, 2018",1.00852448925961,1.018518440434,0.949054285209604,0.974945020776913,1.05213986291137
"412","Nov 13, 2018",1.00727114252912,1.01805763588228,0.94959026177546,0.975631767528209,1.05258955771958
"411","Nov 12, 2018",1.00380772640637,1.01565103276968,0.952415335091689,0.981610194072221,1.04915465519087
"410","Nov 9, 2018",1.00811183485495,1.01902451400243,0.94651990369936,0.976066063499462,1.05365320137305
"409","Nov 8, 2018",1.01014729690615,1.01780893457067,0.946173093429925,0.971690878893517,1.05791388013145
"408","Nov 7, 2018",1.01362736666023,1.01917983483556,0.944254040767467,0.97019892941546,1.05662579135925
"407","Nov 6, 2018",1.01340064219953,1.01887824472919,0.943934967524015,0.972019161019128,1.05555200487664
"406","Nov 5, 2018",1.01236945548333,1.0187534890721,0.94469856479216,0.975482014587467,1.05215405992249
"405","Nov 2, 2018",1.01200106823718,1.01323623801664,0.945862839828702,0.980213121628395,1.05186411646725
"404","Nov 1, 2018",1.01292990536416,1.0189789615097,0.945005920225314,0.977931070840328,1.04836524591541
"403","Oct 31, 2018",1.00540156163528,1.0190313025214,0.946115508932146,0.989484914221529,1.04260446580744
"402","Oct 30, 2018",1.00504446771065,1.01744268855378,0.942891105737273,0.993805749576935,1.0436183899862
"401","Oct 29, 2018",1.00833221563449,1.01999448614937,0.943721678773188,0.990215428747229,1.04045885954462
"400","Oct 26, 2018",1.01090877237725,1.01989815337917,0.943443120404872,0.98969734317924,1.03875494184867
"399","Oct 25, 2018",1.0090450484417,1.01880957486836,0.944174030958061,0.989140528702367,1.04156500179796
"398","Oct 24, 2018",1.01078629970152,1.01984802538793,0.944404698113884,0.985894464704473,1.04187742176561
"397","Oct 23, 2018",1.01363695386526,1.02188472995995,0.940486783059447,0.980906121204958,1.04649103932247
"396","Oct 22, 2018",1.01223839751715,1.02181320821682,0.939727866220814,0.981078904189881,1.04867191618639
"395","Oct 19, 2018",1.01581142053096,1.02280754992566,0.939044405248683,0.976373585508461,1.04976196291212
"394","Oct 18, 2018",1.01433707078573,1.02248737519188,0.942647894095813,0.97890727989762,1.04488546480076
"393","Oct 17, 2018",1.01615015206011,1.02282379123206,0.940330965621136,0.973507338793607,1.05104503378543
"392","Oct 16, 2018",1.01972332602296,1.02412385822628,0.937776427550656,0.971549438526466,1.05099571523348
"391","Oct 15, 2018",1.01997113775046,1.02508410932281,0.937678628712159,0.974348606648668,1.04684945163664
"390","Oct 12, 2018",1.01880915569218,1.02476009187033,0.937911696389749,0.972982584799131,1.0495857797141
"389","Oct 11, 2018",1.02160542637645,1.02273356685863,0.937876189728249,0.969876944553395,1.05218511318195
"388","Oct 10, 2018",1.01850241386022,1.02470313907428,0.940989989601567,0.969746361632461,1.05001791413301
"387","Oct 9, 2018",1.01599385799233,1.02195787465288,0.941159611081133,0.971187494861873,1.05368199669666
"386","Oct 8, 2018",1.01445106483961,1.02158522515494,0.939514498687536,0.973791448093301,1.0546900566687
"385","Oct 5, 2018",1.01646305230461,1.01448397483038,0.938889448419306,0.973168546118998,1.06135504827913
"384","Oct 4, 2018",1.01434965722538,1.01237469458108,0.937693110484557,0.978791979833007,1.06101104536879
"383","Oct 3, 2018",1.01137692880223,1.00940775413011,0.937851602312403,0.982022981000582,1.06356624419906
"382","Oct 2, 2018",1.01474435041425,1.01276861929304,0.935249742441406,0.982360248767661,1.05909457636202
"381","Oct 1, 2018",1.01579521508763,1.01381743790817,0.933947745388708,0.978527693689763,1.06252310075092
"380","Sep 28, 2018",1.01658595403251,1.01460663726572,0.93207785077552,0.980183516929947,1.06120335243739
"379","Sep 27, 2018",1.01784944101171,1.0190178019643,0.930636157348652,0.977693048942646,1.0596250998247
"378","Sep 26, 2018",1.02242234898883,1.02187268351489,0.926981752920366,0.975662487821353,1.05828364155276
"377","Sep 25, 2018",1.02317006408557,1.02082112739107,0.925154837084291,0.97509045559606,1.06131229583828
"376","Sep 24, 2018",1.02233587513526,1.01859252421284,0.926250449084764,0.97904812668438,1.05894509295757
"375","Sep 21, 2018",1.02213169129467,1.01838908800498,0.925847865132263,0.982063204338524,1.05657502346849
"374","Sep 20, 2018",1.02598332334523,1.02069113788706,0.927261777384178,0.971712814596852,1.0598028085239
"373","Sep 19, 2018",1.02262036913756,1.0175684108459,0.93249480600335,0.977521770121693,1.05426329121995
"372","Sep 18, 2018",1.02208707361686,1.01901292654047,0.932334882479673,0.976626736380985,1.05446426950318
"371","Sep 17, 2018",1.02357046069859,1.01980771675315,0.932489576702418,0.977401118395436,1.05110752295042
"370","Sep 14, 2018",1.02046161126149,1.01848957583296,0.933893446900086,0.981227881767081,1.04997638562081
"369","Sep 13, 2018",1.02307795361187,1.01750344752227,0.931605310606656,0.98078713231041,1.05135326938059
"368","Sep 12, 2018",1.02179177673603,1.01857005121474,0.935437048611662,0.983919107539252,1.04393325679385
"367","Sep 11, 2018",1.02020291573754,1.01882432324429,0.93561131687011,0.983286413698041,1.04577590223983
"366","Sep 10, 2018",1.02127709068364,1.01731502882623,0.937683468253013,0.985091622713693,1.04200082927891
"365","Sep 7, 2018",1.01935222302511,1.0136499054007,0.939171138105946,0.991175631862211,1.03966251890211
"364","Sep 6, 2018",1.02159787490571,1.01465095591851,0.935694487872656,0.992460707220872,1.03885744785426
"363","Sep 5, 2018",1.02000844586705,1.01233129760326,0.933587293880871,0.993095294261062,1.04454634071759
"362","Sep 4, 2018",1.01813088800506,1.0124945764765,0.935661744229451,0.995104935015877,1.04187574573652
"361","Sep 3, 2018",1.02044268808665,1.01162058792519,0.934419206557681,0.996082327396049,1.0407747111621
"360","Aug 31, 2018",1.02135373588743,1.01381486519259,0.936992852540047,0.989785320379411,1.04132879288348
"359","Aug 30, 2018",1.02300848719201,1.01738976658758,0.933066495662412,0.987789951510318,1.04245231758856
"358","Aug 29, 2018",1.02331783562656,1.01424784623737,0.930298843436557,0.987060060824866,1.04925078233788
"357","Aug 28, 2018",1.02220164181672,1.01042351674282,0.930263335554331,0.997285557068327,1.04360114363787
"356","Aug 27, 2018",1.02195221056828,1.01204793257329,0.931450428855368,0.99588658690383,1.04231431043912
"355","Aug 24, 2018",1.02030425420315,1.00914099332503,0.934509644216933,0.997357343598504,1.04203876774416
"354","Aug 23, 2018",1.01605852653434,1.01537941210717,0.93721800861592,0.996015658251149,1.03835565148537
"353","Aug 22, 2018",1.02099046625296,1.01498228383092,0.93709428318247,0.993538278820104,1.03645859837414
"352","Aug 21, 2018",1.02068410122472,1.01547857226595,0.938877275442688,0.99400960781415,1.0338046387485
"351","Aug 20, 2018",1.01756523429714,1.0139428481413,0.943373410402135,0.999026855232796,1.02840331777693
"350","Aug 17, 2018",1.01469446337015,1.01398677358269,0.944276071659945,0.999778110535078,1.02950820128915
"349","Aug 16, 2018",1.01223004932282,1.01225946478129,0.947046528317995,0.999893535340619,1.03063254218536
"348","Aug 15, 2018",1.01006907014684,1.01777414347737,0.947604979699228,0.999408710567454,1.02713386758574
"347","Aug 14, 2018",1.0111905559856,1.01146971586767,0.948764741991807,0.998485560936147,1.03208100452997
"346","Aug 13, 2018",1.01361520862917,1.01494071563666,0.945645269146852,0.997441175271222,1.03055377882204
"345","Aug 10, 2018",1.01457929748378,1.00940490326358,0.946328726327871,0.998389880373534,1.03349028797035
"344","Aug 9, 2018",1.01801456216723,1.00894720203169,0.940105837292484,0.997421479555227,1.0382982055416
"343","Aug 8, 2018",1.02018530817434,1.01327764135352,0.935160816817177,0.995062011227211,1.03957547976483
"342","Aug 7, 2018",1.02023183101913,1.01274571337438,0.936180799916541,0.990749066710245,1.04346362737325
"341","Aug 6, 2018",1.01882798109799,1.01456454505835,0.938688132451751,0.988873747202157,1.04221490564803
"340","Aug 3, 2018",1.02092822544794,1.01364467549088,0.939427834911914,0.986166126051483,1.04305099298129
"339","Aug 2, 2018",1.02042054949207,1.01456398821097,0.937548715616347,0.984778268708207,1.04618637917808
"338","Aug 1, 2018",1.02387564409923,1.01500898783776,0.934729260185104,0.980136767482347,1.05029278265325
"337","Jul 31, 2018",1.02443295516643,1.01407296887121,0.932730122245199,0.980670270814554,1.05236947042531
"336","Jul 30, 2018",1.02624938058946,1.01621398786993,0.933073146247494,0.981893332477544,1.04660287119706
"335","Jul 27, 2018",1.02511581183127,1.0148978694731,0.936079675327349,0.982354353164604,1.04525857041468
"334","Jul 26, 2018",1.02514245772649,1.01179622692977,0.93719516438668,0.982637493403118,1.04688590715582
"333","Jul 25, 2018",1.02905910329167,1.01222286322213,0.933984776345727,0.980314878899042,1.04852344773003
"332","Jul 24, 2018",1.02652297444847,1.01297978596789,0.935070102749338,0.981252266566651,1.04810719638849
"331","Jul 23, 2018",1.02571699715741,1.01240799757207,0.933680868514117,0.983574836324327,1.04860279555142
"330","Jul 20, 2018",1.02722237517538,1.01059529228237,0.932864428418979,0.982695208516812,1.05080199080239
"329","Jul 19, 2018",1.0219151945581,1.00599765117048,0.93424476913885,0.986605899608546,1.05531908853135
"328","Jul 18, 2018",1.02372543851646,0.99952420799082,0.936226606464443,0.983980349874474,1.06085440263491
"327","Jul 17, 2018",1.02515967444708,0.998973214867028,0.935792375525084,0.982138775934036,1.06243478518816
"326","Jul 16, 2018",1.02942824826646,1.00082927974306,0.935634679291886,0.977303661754158,1.06147086842643
"325","Jul 13, 2018",1.02880575509955,1.0003137717623,0.937149510605852,0.976712688218649,1.06158470992643
"324","Jul 12, 2018",1.0285642556145,0.996492144655243,0.937914845965875,0.978551142544662,1.06303546609097
"323","Jul 11, 2018",1.02913760269137,0.9990663224651,0.93843766282671,0.979096611079159,1.05852533517112
"322","Jul 10, 2018",1.03496662535776,0.997010480429423,0.938024567846869,0.979440711420361,1.05482779739887
"321","Jul 9, 2018",1.03554927122879,0.995495333446204,0.937891298444469,0.981293203116918,1.05399537889736
"320","Jul 6, 2018",1.03575948750034,0.999836062240422,0.938412427632026,0.979540352106427,1.05050034881358
"319","Jul 5, 2018",1.03373856384018,0.996908914470982,0.941202732846075,0.981915258528928,1.04996933185199
"318","Jul 4, 2018",1.03361379214405,0.996097740057158,0.943839566024882,0.98153700729045,1.04841902137685
"317","Jul 3, 2018",1.03247767654469,0.996503053695437,0.942802127416381,0.983312072899705,1.04840424432171
"316","Jul 2, 2018",1.03005276871915,0.99797914386459,0.941903495057604,0.9847558131906,1.04877928127138
"315","Jun 29, 2018",1.03373132308183,0.994483688610609,0.941636260024938,0.983337083434166,1.05053147404919
"314","Jun 28, 2018",1.02977977742588,0.991579934760376,0.947353551494616,0.989411478574663,1.04481374901809
"313","Jun 27, 2018",1.03115253489713,0.989560633398003,0.950043250885531,0.988139261673629,1.0439342438505
"312","Jun 26, 2018",1.03582634794197,0.990223078188198,0.946631721493326,0.983898377992377,1.04676382200435
"311","Jun 25, 2018",1.03936157913668,0.987667600591932,0.945326736958264,0.983599876122306,1.04766425633665
"310","Jun 22, 2018",1.03915619540053,0.982308585216678,0.948900585454083,0.983927765867366,1.04927010199427
"309","Jun 21, 2018",1.03826042389192,0.979560987520885,0.952503096702972,0.984384113417313,1.04865160800763
"308","Jun 20, 2018",1.0364440859075,0.974910724458299,0.953263794180592,0.988522057560472,1.05024303847903
"307","Jun 19, 2018",1.03703793264732,0.977202156372779,0.952485398702895,0.988567256564291,1.04798820004741
"306","Jun 18, 2018",1.0392286819068,0.972350692976277,0.951621538099434,0.985824418695354,1.05487770438708
"305","Jun 15, 2018",1.03937175347998,0.972484557394914,0.952969482115656,0.982956550878734,1.05616813844119
"304","Jun 14, 2018",1.03961015118722,0.967012816188664,0.956397076818644,0.98488007789316,1.05602856510736
"303","Jun 13, 2018",1.04599243223184,0.97243267209348,0.944232231799702,0.982515318930168,1.05972642523607
"302","Jun 12, 2018",1.04487717326363,0.972079038253547,0.947006826007433,0.981730305523991,1.05898028082674
"301","Jun 11, 2018",1.04629398006246,0.973229904561829,0.945172645959567,0.982930027506853,1.05705377491757
"300","Jun 8, 2018",1.04736680627381,0.974973509012075,0.947368080863742,0.981174382155741,1.05352156484525
"299","Jun 7, 2018",1.04826683919418,0.973602787267789,0.945727485791363,0.981227283829203,1.05587064787073
"298","Jun 6, 2018",1.0468792891809,0.971751253360545,0.946481392474996,0.980717675604072,1.05899082994271
"297","Jun 5, 2018",1.04579669433702,0.973435944901031,0.949955187809697,0.980754683569732,1.05434282470117
"296","Jun 4, 2018",1.04396833616349,0.972325681067081,0.949850062535978,0.985336115248164,1.05259538145361
"295","Jun 1, 2018",1.04402649903701,0.973957504673904,0.953014503006002,0.98263632419729,1.05016162858786
"294","May 31, 2018",1.04555855211993,0.973852343933626,0.951742068944082,0.987756596731971,1.04469453348353
"293","May 30, 2018",1.04442982345987,0.974121302004983,0.953271499326064,0.987215172997687,1.04442982345987
"292","May 29, 2018",1.04190441328973,0.971553951837057,0.961058397612433,0.987839012776015,1.04056508156757
"291","May 28, 2018",1.04374872076071,0.97049840732953,0.955760536956296,0.9849976933828,1.048636351351
"290","May 25, 2018",1.04447783748946,0.970038132842967,0.954093539258603,0.986079466125874,1.04908117384053
"289","May 24, 2018",1.0475551251757,0.970841267440854,0.951329465460256,0.983588321452196,1.05082542856896
"288","May 23, 2018",1.04463722091342,0.969685263037849,0.950681025951011,0.983473639440164,1.05585956549582
"287","May 22, 2018",1.04669018426452,0.968397156227469,0.945753376713303,0.978830888488603,1.06571916750613
"286","May 21, 2018",1.04595741717032,0.970150846738265,0.944200623206122,0.978539882931302,1.06660573639644
"285","May 18, 2018",1.04708632678251,0.970665441040411,0.946334220405567,0.976438587433069,1.06477651906311
"284","May 17, 2018",1.04844409045542,0.969958933545285,0.946110590620656,0.974674937213176,1.06634975575932
"283","May 16, 2018",1.04881792781094,0.970975317415314,0.945443217736122,0.976999135166519,1.06307052659122
"282","May 15, 2018",1.04952240346804,0.9725729817936,0.9437323325703,0.976204843934398,1.06339911140114
"281","May 14, 2018",1.0544311326055,0.971223259057696,0.941075577104536,0.977326104439097,1.0616923882244
"280","May 11, 2018",1.05525162562316,0.971197030332834,0.940460017173255,0.978882114835506,1.05990244538534
"279","May 10, 2018",1.05384668809659,0.972216176578017,0.941451330834987,0.979432585984483,1.05849131586527
"278","May 9, 2018",1.05201883973762,0.972547646273281,0.944857367717509,0.975751108800487,1.06013284052156
"277","May 8, 2018",1.05323450982177,0.974941675271573,0.944828147820955,0.976746314486051,1.05526535406989
"276","May 7, 2018",1.05459559637308,0.975588652547619,0.941446861818096,0.977346038302278,1.05633856953759
"275","May 4, 2018",1.05495367784571,0.975306767509249,0.938847014419158,0.979401020932524,1.05698783698948
"274","May 3, 2018",1.05628095154589,0.975152533577021,0.937779607966395,0.977580787672703,1.05899657606552
"273","May 2, 2018",1.05416869898238,0.974535101696449,0.938821660924485,0.975228562709792,1.06317041498691
"272","May 1, 2018",1.05632171279297,0.97204374576238,0.937478492950269,0.97496410380414,1.06553579439386
"271","Apr 30, 2018",1.06131415180954,0.97663786615524,0.935244264271551,0.968237474090853,1.06540699859827
"270","Apr 27, 2018",1.06287583562094,0.978074952000719,0.932660818399047,0.969128023508126,1.06424212537383
"269","Apr 26, 2018",1.06394882387909,0.979572486306879,0.935754032114198,0.960214147747641,1.06785644971282
"268","Apr 25, 2018",1.06524906828831,0.97923728338387,0.932362223367191,0.960718408364553,1.07023737996609
"267","Apr 24, 2018",1.0690362332085,0.979596501856849,0.930215136400156,0.96104463482935,1.06815281331144
"266","Apr 23, 2018",1.06796478694917,0.980259557943798,0.930987930294168,0.962496722802664,1.06600359920342
"265","Apr 20, 2018",1.07307324262886,0.981736581115703,0.929501867856695,0.962651457767313,1.06085571603938
"264","Apr 19, 2018",1.07657906088167,0.98222216136787,0.928069591706295,0.959980097383743,1.0614549587501
"263","Apr 18, 2018",1.07920261669242,0.983878775725404,0.92837845110252,0.95472617466156,1.0625552895779
"262","Apr 17, 2018",1.08062650309803,0.986448717102336,0.929833384890316,0.950283313881536,1.06167510634
"261","Apr 16, 2018",1.08151415200132,0.986316140684984,0.929906473642005,0.947802639805149,1.06363952640585
"260","Apr 13, 2018",1.07882410093924,0.98362774557833,0.931153234115626,0.951815911144032,1.06327223390706
"259","Apr 12, 2018",1.07798723342204,0.985449149132522,0.930889880229165,0.951890221948749,1.06234845067659
"258","Apr 11, 2018",1.07975092902535,0.983531461002848,0.929309846950395,0.956974877917427,1.0588320560087
"257","Apr 10, 2018",1.07821197730882,0.984354285024885,0.92890343207425,0.955746387726312,1.06128293056198
"256","Apr 9, 2018",1.07700735170912,0.986978970290367,0.930387617506246,0.957655613524992,1.05584496319881
"255","Apr 6, 2018",1.07548089927367,0.985298834125271,0.932045288119876,0.958865744596805,1.05592849655067
"254","Apr 5, 2018",1.07248359578263,0.982552862869771,0.932644063602349,0.962257238030374,1.05741702796014
"253","Apr 4, 2018",1.07555209965557,0.98536406415708,0.932450436582713,0.959604907608264,1.05451706180536
"252","Apr 3, 2018",1.07594870509545,0.983335477991349,0.933252368049261,0.961580995017455,1.05322643880475
"251","Apr 2, 2018",1.07810474663052,0.983833436672764,0.932712653604347,0.964320604505924,1.04820963750533
"250","Mar 30, 2018",1.07738219943576,0.982360041863796,0.930596758746266,0.965704813516106,1.05136516532947
"249","Mar 29, 2018",1.07618003158794,0.983531255929242,0.931162051812492,0.964762473348404,1.05167423342121
"248","Mar 28, 2018",1.07607831295721,0.984704765437895,0.930615890662836,0.960480001915823,1.05582341862646
"247","Mar 27, 2018",1.08255109117676,0.988299952192244,0.929069659197253,0.960816799607063,1.04706576021081
"246","Mar 26, 2018",1.08454912061375,0.988595448216191,0.927782999720351,0.957684535704665,1.04969537052516
"245","Mar 23, 2018",1.0814325959809,0.992448494865871,0.931793173439639,0.961454585897835,1.04002616934202
"244","Mar 22, 2018",1.07824599687799,0.99250081952575,0.932834854989282,0.961060070593349,1.04230776376196
"243","Mar 21, 2018",1.07833714856837,0.990735867054256,0.93027382534823,0.958160612473363,1.05011879512589
"242","Mar 20, 2018",1.07317000543883,0.98768814661524,0.933012517767358,0.963277612621557,1.04971812211365
"241","Mar 19, 2018",1.07615684950581,0.990139982628,0.928621988179201,0.964065628467951,1.04829198571363
"240","Mar 16, 2018",1.07408662322349,0.988672211051654,0.930265338283078,0.968148942707036,1.04558501326007
"239","Mar 15, 2018",1.07411131830916,0.986681656638384,0.929143446929064,0.968306157666571,1.04876501321271
"238","Mar 14, 2018",1.07571817066447,0.987516876953653,0.925838970515477,0.968132837852695,1.05023517662982
"237","Mar 13, 2018",1.07548986970555,0.987869863320488,0.923925357998242,0.967927369858129,1.05248104226625
"236","Mar 12, 2018",1.07373236512159,0.98756605658278,0.926529886539726,0.970123060383133,1.04918371404131
"235","Mar 9, 2018",1.07151073048163,0.985927502702287,0.926665746158938,0.972154665763014,1.0507515013813
"234","Mar 8, 2018",1.07190952252807,0.987789630469107,0.926668349331878,0.975075379206337,1.04523727199046
"233","Mar 7, 2018",1.07581326695872,0.988776545652958,0.922600052356186,0.972408674770826,1.04785851950216
"232","Mar 6, 2018",1.07595399965201,0.986451411156769,0.923293362979721,0.973347003077579,1.04839076708356
"231","Mar 5, 2018",1.07267895715973,0.98963646433397,0.925506719184325,0.973079792774622,1.04598756083338
"230","Mar 2, 2018",1.07269919714143,0.989016097168272,0.926894314251633,0.97633282875895,1.0415750628749
"229","Mar 1, 2018",1.06993818305661,0.988460391948988,0.928380635261039,0.975836319990943,1.04370794755242
"228","Feb 28, 2018",1.06849681801672,0.982921436808287,0.932589026901237,0.975595725157372,1.04652057274671
"227","Feb 27, 2018",1.07058609350357,0.982650037438366,0.93156373756165,0.967145874141309,1.0550546819919
"226","Feb 26, 2018",1.07380120844253,0.985445044901125,0.927960831436391,0.965867929543921,1.05437793802997
"225","Feb 23, 2018",1.07275630738705,0.987806190779821,0.928884785587404,0.964928056864418,1.0528594407915
"224","Feb 22, 2018",1.07314517840644,0.990160149571909,0.926365875133183,0.965817177148555,1.05186160862077
"223","Feb 21, 2018",1.06967702496251,0.986664878001106,0.926901613647664,0.965652647864762,1.05857854880598
"222","Feb 20, 2018",1.07271890111002,0.989470689744222,0.925427003033182,0.963007481898621,1.05715654812358
"221","Feb 19, 2018",1.0755314581461,0.992064978655833,0.92270181507797,0.964856717070375,1.05271924927347
"220","Feb 16, 2018",1.07666452616777,0.993110115080457,0.923788477428247,0.963302938917034,1.05096139727202
"219","Feb 15, 2018",1.07964558190976,0.99585982637774,0.918876644273594,0.96217189502273,1.05198778029808
"218","Feb 14, 2018",1.0753137292059,0.991864146541836,0.919310257901199,0.965201819505833,1.05665297309352
"217","Feb 13, 2018",1.07062009181358,0.986414716328828,0.922590767783153,0.968252722813686,1.06000334680248
"216","Feb 12, 2018",1.06754904422128,0.981491155182159,0.924375888742964,0.96936511403282,1.06509851386544
"215","Feb 9, 2018",1.06728806612111,0.976505851758575,0.928580378123894,0.969128138441675,1.06621009635458
"214","Feb 8, 2018",1.06775855036408,0.981606199693928,0.92796685084861,0.964323213973739,1.06618990315025
"213","Feb 7, 2018",1.06838893516618,0.97324405941776,0.927263797482175,0.967040317745592,1.0725090651154
"212","Feb 6, 2018",1.07048727746961,0.977302015575761,0.920539299060882,0.964232101040287,1.07687619244854
"211","Feb 5, 2018",1.0711274984102,0.978944824404653,0.921773903634534,0.964135871166058,1.07309449409179
"210","Feb 2, 2018",1.07287874136981,0.982322494059797,0.916429153751224,0.954523730071572,1.08470001113057
"209","Feb 1, 2018",1.07731393466356,0.98608592060984,0.916662862554604,0.948859238848041,1.08225982546635
"208","Jan 31, 2018",1.07548091107527,0.982736055326003,0.921628186808621,0.952109372965994,1.07824589734927
"207","Jan 30, 2018",1.07404584548245,0.986902419575795,0.921884587330549,0.953942716637199,1.07276381481573
"206","Jan 29, 2018",1.07184399715638,0.986981699080078,0.92136371698083,0.956835230530979,1.0722376594453
"205","Jan 26, 2018",1.07500543957505,0.987190601784034,0.921220733796562,0.953174191114601,1.07313002837755
"204","Jan 25, 2018",1.07266898004887,0.985621681128846,0.921045307296887,0.952989365237539,1.07759354611282
"203","Jan 24, 2018",1.07318898247215,0.993303665685545,0.920692197841997,0.946709366244126,1.0762436935599
"202","Jan 23, 2018",1.06437786099774,0.990514927616092,0.921176837442537,0.955118316779227,1.07806006653807
"201","Jan 22, 2018",1.06238300915076,0.988735691587475,0.922164283089354,0.954129130469866,1.08198993090628
"200","Jan 19, 2018",1.05989169497877,0.986232279128202,0.923047775233238,0.961346669939907,1.07809018427828
"199","Jan 18, 2018",1.05962507019199,0.988493793957487,0.921574927997735,0.958308990481458,1.08102967173842
"198","Jan 17, 2018",1.05693835628773,0.988137463618578,0.923175747918798,0.960394294845189,1.07993848395646
"197","Jan 16, 2018",1.05897091990451,0.991530245392482,0.919315255214604,0.964636156465349,1.07394489122627
"196","Jan 15, 2018",1.0590512855625,0.990543717985905,0.919272297366921,0.96470936302653,1.07490156189587
"195","Jan 12, 2018",1.05500665840474,0.99042442496738,0.921488519304871,0.965531913534376,1.07563988016952
"194","Jan 11, 2018",1.04785338380442,0.989007455431577,0.926951513868922,0.972545916090368,1.07036717425619
"193","Jan 10, 2018",1.04516684312018,0.988339702092386,0.931138528676518,0.97215355441873,1.0694462675357
"192","Jan 9, 2018",1.04250745791162,0.989096805998796,0.929546032456163,0.967453208208976,1.07840317884789
"191","Jan 8, 2018",1.04362445719549,0.985607410957608,0.928320339412744,0.966391789110539,1.08367909158239
"190","Jan 5, 2018",1.04512771086884,0.985356665288439,0.924762816439877,0.967652481642475,1.08514407809244
"189","Jan 4, 2018",1.04598414138349,0.986878430707695,0.922514592389954,0.969759640566502,1.08286394216315
"188","Jan 3, 2018",1.04464201671315,0.987069298735248,0.925444971272328,0.971140379653295,1.07907654834477
"187","Jan 2, 2018",1.04721258585329,0.988037459131358,0.924378283606314,0.96826704602266,1.07980877230121
"186","Jan 1, 2018",1.04393174369574,0.986944231366067,0.925260205402279,0.971398227642999,1.07987650578241
"185","Dec 29, 2017",1.04387309832278,0.986888787403485,0.926097102130961,0.970425562820738,1.08010338306853
"184","Dec 28, 2017",1.04054982870822,0.987798882769173,0.92746825605137,0.972565671034105,1.07857561438684
"183","Dec 27, 2017",1.03733043896381,0.988269651453422,0.928684015127683,0.972814976306804,1.07971516445631
"182","Dec 26, 2017",1.03702976153479,0.9862503666178,0.930843212242993,0.974226853498637,1.078164354959
"181","Dec 25, 2017",1.03720477038899,0.985572851650306,0.930227503490969,0.974782219187042,1.07882248085268
"180","Dec 22, 2017",1.03577620417027,0.989889194790917,0.929718012748045,0.973830045961317,1.07724148972883
"179","Dec 21, 2017",1.03603960650775,0.991239846704094,0.928741412028555,0.972515630131851,1.07808620517421
"178","Dec 20, 2017",1.03590959270931,0.990182243674087,0.928845386799701,0.973174522513818,1.0785216115812
"177","Dec 19, 2017",1.03562768778221,0.993855279411705,0.931017716978027,0.97212896788804,1.073473599061
"176","Dec 18, 2017",1.03483100442917,0.994849956802985,0.934927681276725,0.971511152794922,1.06941722108625
"175","Dec 15, 2017",1.03354143866855,0.992558996953913,0.935962805768178,0.974845530856239,1.06836925135713
"174","Dec 14, 2017",1.03601472780884,0.994949267461828,0.936217673134334,0.969238052929342,1.06911849470605
"173","Dec 13, 2017",1.03616482370808,0.996282798542031,0.932603485819636,0.970029413424911,1.07079561939532
"172","Dec 12, 2017",1.0311192022013,0.992045652961352,0.934757024496911,0.972819963479026,1.07504898916498
"171","Dec 11, 2017",1.03200642184964,0.992464394701484,0.933364403028886,0.972101035884753,1.07606876563442
"170","Dec 8, 2017",1.03279820786825,0.993616014114068,0.93441029982758,0.969083680909673,1.07613571415746
"169","Dec 7, 2017",1.0350392493338,0.995486291372832,0.935776837024089,0.965074289396425,1.07466934454748
"168","Dec 6, 2017",1.03572419539361,0.995467853434117,0.934632222304096,0.971699028396036,1.0679627870967
"167","Dec 5, 2017",1.03637199871884,0.996737994089169,0.932789954355139,0.968660798903062,1.071390352913
"166","Dec 4, 2017",1.03793768059777,0.998334287121031,0.930995299031126,0.967515975920954,1.07138879857498
"165","Dec 1, 2017",1.03894347752345,0.99895450186183,0.929906940127161,0.96884514262835,1.06946977564185
"164","Nov 30, 2017",1.03934705436627,0.998647864974398,0.92927251268512,0.965434448163069,1.07389334338295
"163","Nov 29, 2017",1.03775935307014,0.9966096607503,0.932271308133261,0.972434885688794,1.06653571195612
"162","Nov 28, 2017",1.03744660902471,0.996037983492681,0.932542481449035,0.977225433830664,1.06192771989785
"161","Nov 27, 2017",1.03916471415098,0.996071909504473,0.929662525006815,0.980410584063293,1.05996518313316
"160","Nov 24, 2017",1.03901318958151,0.996726803576568,0.92698334806516,0.978831624008308,1.0641990753633
"159","Nov 23, 2017",1.03839177837905,0.99330925315061,0.932618395525533,0.980333687993485,1.06041624819867
"158","Nov 22, 2017",1.03736431852275,0.996350873733943,0.93390392826668,0.977929951234606,1.05936699574053
"157","Nov 21, 2017",1.03163977061216,0.993760664785087,0.935448558365623,0.979014346957366,1.06507736486669
"156","Nov 20, 2017",1.03093898135328,0.993894503476894,0.935361775099029,0.978737899623747,1.06605773647972
"155","Nov 17, 2017",1.03297550945165,0.994627102281822,0.932151822153387,0.982228754307083,1.06304191625508
"154","Nov 16, 2017",1.03032058115724,0.99265458894255,0.931730032731443,0.981128242818283,1.06958079979467
"153","Nov 15, 2017",1.03088392740588,0.992118869153167,0.930593569806202,0.98334850821277,1.06846182834979
"152","Nov 14, 2017",1.02946135059977,0.992664423373766,0.928761512260104,0.98250891056111,1.07237526605036
"151","Nov 13, 2017",1.02597632577095,0.989930080246717,0.935991813537285,0.982792248734477,1.0703464340657
"150","Nov 10, 2017",1.02724856303741,0.991291952771114,0.937261807595173,0.978461032339061,1.07082480361433
"149","Nov 9, 2017",1.02625730677282,0.990171366282141,0.938323604595908,0.98086937210967,1.06922611880922
"148","Nov 8, 2017",1.02462986610589,0.986769939199084,0.940543689760215,0.981502462519327,1.07138783538829
"147","Nov 7, 2017",1.02462211954724,0.988549013235933,0.941300001470167,0.977761653217901,1.07269685126045
"146","Nov 6, 2017",1.0258990609748,0.988856805238744,0.940507569151243,0.978593500555429,1.07101940347842
"145","Nov 3, 2017",1.02352473804851,0.987341548015058,0.938439818366135,0.983530242064955,1.07211185489463
"144","Nov 2, 2017",1.02502792342611,0.984308594965466,0.935890316886555,0.986262575398563,1.07378051403622
"143","Nov 1, 2017",1.02729277623621,0.985587880826189,0.941129209692929,0.97450187970642,1.07690768765851
"142","Oct 31, 2017",1.02830620401814,0.99134138776862,0.939868586897689,0.972750020109636,1.07296590785623
"141","Oct 30, 2017",1.02773882750176,0.992526643271938,0.93880304604791,0.977636721072476,1.06812742525869
"140","Oct 27, 2017",1.02469963682561,0.990321137465941,0.939407979987117,0.980668065548518,1.06967314030579
"139","Oct 26, 2017",1.02564925096993,0.989927453684504,0.93700346153006,0.979257275803556,1.07339547907036
"138","Oct 25, 2017",1.03062531273908,0.994206081369026,0.928714624550195,0.976238752700082,1.07642667637564
"137","Oct 24, 2017",1.027572660236,0.990768588813925,0.929901304664876,0.982901201454542,1.074653622265
"136","Oct 23, 2017",1.02903203331083,0.992803670456665,0.932207731294143,0.979642633043869,1.07183356770527
"135","Oct 20, 2017",1.02998658795128,0.990806301023124,0.930222054152912,0.981198430688102,1.07358440422578
"134","Oct 19, 2017",1.03258146249877,0.992492282024269,0.927399934067551,0.986005668424509,1.06709249475931
"133","Oct 18, 2017",1.03109673739276,0.992907969341177,0.931114924964362,0.981090035466186,1.06925044092497
"132","Oct 17, 2017",1.03199212835976,0.993185397641907,0.933571165399642,0.982979309598615,1.06316698927523
"131","Oct 16, 2017",1.03452604361401,0.990573380237999,0.933440901726022,0.980973495559109,1.06568246105092
"130","Oct 13, 2017",1.0364743253839,0.990887707786044,0.933102697615435,0.98021638989378,1.06454887556187
"129","Oct 12, 2017",1.03522312223196,0.990955048350716,0.931315149452315,0.980724003220123,1.06725601105687
"128","Oct 11, 2017",1.03460847890043,0.990712444749214,0.928669856579813,0.983001547612145,1.06871227505554
"127","Oct 10, 2017",1.03408820209027,0.987374454937447,0.932275366865841,0.983936418448248,1.06770010398541
"126","Oct 9, 2017",1.02984744262718,0.991420634254008,0.933713732442607,0.984559516390274,1.06540181214585
"125","Oct 6, 2017",1.02775459131512,0.99357226477428,0.932253818753322,0.988240468316952,1.06295360541489
"124","Oct 5, 2017",1.02785106903429,0.993665533718777,0.934201200477253,0.984329796228087,1.06475215874069
"123","Oct 4, 2017",1.03082981571336,0.996545209576343,0.932958586802629,0.977727639002406,1.06717529815151
"122","Oct 3, 2017",1.03022898884348,0.995964365745636,0.93373069079321,0.977675531189193,1.06759382683752
"121","Oct 2, 2017",1.03080106669135,0.996517416724678,0.935126928303396,0.975369120901191,1.06733482959126
"120","Sep 29, 2017",1.03457052365296,1.00016150444947,0.932159604334466,0.970226710459316,1.0685780755277
"119","Sep 28, 2017",1.03472315232813,1.00190271960168,0.934499834752974,0.96711967962922,1.06731061364927
"118","Sep 27, 2017",1.03290183339235,0.99691243164475,0.936153178428509,0.969440469335448,1.0700790915587
"117","Sep 26, 2017",1.03607031600173,0.999594161581371,0.935054838677876,0.96720724310753,1.06765376517192
"116","Sep 25, 2017",1.03865316785873,0.999248849225732,0.933074266815085,0.969096422228793,1.0655469511051
"115","Sep 22, 2017",1.04131369554084,0.997254217148227,0.927594924745216,0.969616258029046,1.07066667548126
"114","Sep 21, 2017",1.04167124090334,0.997415008126483,0.928467798970148,0.96366696152422,1.07572091143511
"113","Sep 20, 2017",1.04041245564552,0.993942120312067,0.931111008735236,0.968777071087946,1.07203274054302
"112","Sep 19, 2017",1.04332393689206,0.998072757030348,0.925832002327742,0.970308302660517,1.06899750360651
"111","Sep 18, 2017",1.04268788053109,0.996009860684291,0.928486089252061,0.970895826437482,1.06815431852772
"110","Sep 15, 2017",1.04607434687782,0.995961635696147,0.932392398164433,0.966951748960938,1.06461188695195
"109","Sep 14, 2017",1.04370282886516,0.994219337436608,0.932056065372928,0.978791043428763,1.05635261064922
"108","Sep 13, 2017",1.04013535470021,0.98885628725912,0.931416576806049,0.989298232828315,1.05512950130639
"107","Sep 12, 2017",1.04351386106384,0.990915898405561,0.928221962417294,0.987004943597004,1.05558646656324
"106","Sep 11, 2017",1.04298701354989,0.98955179262408,0.928863474440864,0.995548729983478,1.04777531128908
"105","Sep 8, 2017",1.04956262980631,0.98847043831503,0.928240116132048,0.999187843452994,1.03925106967507
"104","Sep 7, 2017",1.04647679310283,0.98630928122006,0.926402074319983,1.00361318780675,1.04205681950236
"103","Sep 6, 2017",1.04100380110142,0.98680801452794,0.929756561473335,1.00281142644108,1.04406248456806
"102","Sep 5, 2017",1.0410968294854,0.989135020071653,0.930172090122454,1.00368588674978,1.0401409054844
"101","Sep 4, 2017",1.03766281094754,0.984681291431252,0.92842933356307,1.00819782850325,1.0455708095986
"100","Sep 1, 2017",1.0354011058338,0.986777587910217,0.929381322564816,1.00456933524923,1.04833054761081
"99","Aug 31, 2017",1.03555949559777,0.991562925190666,0.925555410807285,1.00628434966115,1.04563839620683
"98","Aug 30, 2017",1.034405847811,0.991134638537239,0.926506142557694,1.00555321579516,1.04694294926275
"97","Aug 29, 2017",1.03668561342934,0.993680550785448,0.921706751354476,1.00816015177071,1.04468135225296
"96","Aug 28, 2017",1.03737170140747,0.997217127899351,0.92176465815323,1.00778464571964,1.04061021374315
"95","Aug 25, 2017",1.03441648566335,0.999471506090131,0.923432790341509,1.00842285617061,1.03869054147593
"94","Aug 24, 2017",1.0300762226938,0.997103845456624,0.92931623880284,1.01105106818495,1.03622395517706
"93","Aug 23, 2017",1.03134212040278,0.997864673953485,0.929689879477503,1.01229358519745,1.03247848120021
"92","Aug 22, 2017",1.02978364487073,0.996880484080428,0.931902133974552,1.00895248934564,1.03602418481761
"91","Aug 21, 2017",1.03296936246742,1.00044470343676,0.93060699137033,1.00597380682058,1.03363328548067
"90","Aug 18, 2017",1.03107502322678,0.99944897707896,0.933070766096235,1.00607219881633,1.03372584506595
"89","Aug 17, 2017",1.02944045769098,0.998507733652428,0.934550044028348,1.00512398501276,1.03567891790653
"88","Aug 16, 2017",1.02893038595129,1.00042000067298,0.930691902055781,1.00268677892175,1.04102322310139
"87","Aug 15, 2017",1.02729754894853,0.997921881274485,0.931729900435382,1.00290262034553,1.04389881316806
"86","Aug 14, 2017",1.03195809192341,1.00028996513233,0.932441962994979,1.00006191267813,1.03887508216401
"85","Aug 11, 2017",1.03446496852603,1.00175794076623,0.931513957821201,0.998852027028837,1.03712450567769
"84","Aug 10, 2017",1.03347079389853,0.998212385749021,0.934468801933797,1.0008786128119,1.03641245165364
"83","Aug 9, 2017",1.03127282688848,1.00004529290659,0.933579073197072,0.996417645278601,1.04235160025602
"82","Aug 8, 2017",1.02955153172034,1.00325288747693,0.932349593600497,0.995789381980549,1.04278605696512
"81","Aug 7, 2017",1.029725707147,1.00565194310301,0.929219217157236,0.992464618610957,1.0471225972503
"80","Aug 4, 2017",1.02919216891883,1.00626739675033,0.930600050555127,0.991950386703896,1.04601304910132
"79","Aug 3, 2017",1.03408733029798,1.00923545746023,0.927321528234222,0.98887280699811,1.04491149296936
"78","Aug 2, 2017",1.03372262669404,1.00963051950288,0.928094769149998,0.982289763247522,1.05099721287146
"77","Aug 1, 2017",1.03330472401932,1.00865182663269,0.93200896554973,0.983190937931688,1.04706187992629
"76","Jul 31, 2017",1.03409782567411,1.01068814559041,0.929532319086519,0.983295934753317,1.04682109338509
"75","Jul 28, 2017",1.03019635807258,1.00850659559715,0.933043194341631,0.985410839804823,1.04684446743084
"74","Jul 27, 2017",1.02654742774482,1.00576977250095,0.93574796926095,0.987079716614034,1.04860344630072
"73","Jul 26, 2017",1.02823453127119,1.00905121845205,0.932689161840673,0.98456783048345,1.04957150712899
"72","Jul 25, 2017",1.02393023691316,1.00441065086155,0.93575998021675,0.98777941437608,1.05194705911499
"71","Jul 24, 2017",1.02534845663349,1.00580183449985,0.937492628257759,0.988761076097752,1.04606066492101
"70","Jul 21, 2017",1.02467556646955,1.00749416484936,0.935241403137453,0.990687081792081,1.04546826688179
"69","Jul 20, 2017",1.02252877525294,1.00428392489753,0.935785248496517,0.990410143036175,1.05069502560423
"68","Jul 19, 2017",1.02135866436208,1.00200682415854,0.944063719140003,0.985683616153431,1.05005536359033
"67","Jul 18, 2017",1.02233072433651,1.00212861479322,0.941806537427618,0.985080327294468,1.05208729761854
"66","Jul 17, 2017",1.01949650195919,1.00286115372241,0.94538089676088,0.981196532856816,1.05441268919919
"65","Jul 14, 2017",1.01997392386569,1.00419035981127,0.946692135828504,0.978580334544338,1.05387627997985
"64","Jul 13, 2017",1.01469525172386,1.00012862561481,0.947516917868376,0.985372484052479,1.05540977059295
"63","Jul 12, 2017",1.01420098333514,1.00026038019033,0.945867910163115,0.988970201239351,1.05377819552111
"62","Jul 11, 2017",1.01276730623295,1.0010243088284,0.940003290085297,0.990371647746084,1.05954188662366
"61","Jul 10, 2017",1.01187412676252,1.00030321387348,0.944774863220948,0.98695550270856,1.059536547755
"60","Jul 7, 2017",1.0122487317907,1.00102652726088,0.94501688414436,0.986557785211772,1.05853464386781
"59","Jul 6, 2017",1.01520459481514,1.00328582764994,0.945939438319502,0.983443576583078,1.05538026099504
"58","Jul 5, 2017",1.0132927891904,1.00139646712269,0.95009006705463,0.984265178192109,1.05385799496462
"57","Jul 4, 2017",1.0129480121118,1.00093799252702,0.950305883848156,0.985075714756295,1.05359242321206
"56","Jul 3, 2017",1.01335844832568,1.00134356240333,0.949073016159409,0.984201634069292,1.0550428285341
"55","Jun 30, 2017",1.01825437781931,1.00325198124973,0.948564376229339,0.982176009362844,1.05069715342333
"54","Jun 29, 2017",1.01842185585997,1.00431965123892,0.947419587037374,0.983745097104088,1.04899975934599
"53","Jun 28, 2017",1.0154182511794,1.00324615671645,0.949921342162396,0.986967658138435,1.04702478750754
"52","Jun 27, 2017",1.01246581088592,1.00221213594894,0.950500101331963,0.992621023035911,1.04453822891508
"51","Jun 26, 2017",1.00826456533414,1.00222871974593,0.959756254154682,0.995849698214813,1.03538985388826
"50","Jun 23, 2017",1.00956653179272,1.00286278587887,0.959921003566194,0.997389325227564,1.03162849438263
"49","Jun 22, 2017",1.00821390100268,1.00127009749113,0.962283560435446,0.998839880563654,1.03061659717775
"48","Jun 21, 2017",1.00839636491038,1.00066009533955,0.961062379074775,0.999907540127239,1.0312660648583
"47","Jun 20, 2017",1.00705241223661,0.999282555780225,0.962675648142307,1.00173815148602,1.03044643117847
"46","Jun 19, 2017",1.00911113428136,0.999903139972354,0.963462147366024,0.995417956432083,1.03338687729685
"45","Jun 16, 2017",1.01209841748443,1.00152493533208,0.962112928850817,0.995312767137908,1.03021972787002
"44","Jun 15, 2017",1.01076454121467,0.999837833302145,0.965255930151998,0.995651966719815,1.02960442753058
"43","Jun 14, 2017",1.0150110182396,1.00163445817184,0.963045047002423,1.00009001194056,1.02125523256538
"42","Jun 13, 2017",1.01379715212411,1.00154137672102,0.962540776684097,0.998639235161836,1.02459510177487
"41","Jun 12, 2017",1.01233412327237,0.999963651225641,0.96190598386934,1.0049568925713,1.02190812149999
"40","Jun 9, 2017",1.01290589281499,1.00049899878766,0.962988337905641,0.998524894462422,1.02620545600226
"39","Jun 8, 2017",1.01706854769478,1.00495056084286,0.965430261664936,0.986527099912517,1.02724763792513
"38","Jun 7, 2017",1.01846412358139,1.00564878668789,0.962960809981213,0.987368912872725,1.0268804096086
"37","Jun 6, 2017",1.01882260601092,1.00594354425497,0.961564667110039,0.99142870757062,1.02349996624419
"36","Jun 5, 2017",1.01605629446393,1.00449661123935,0.960900497744759,0.989375082560052,1.03061003442687
"35","Jun 2, 2017",1.01616020772547,1.00573623453839,0.958619257165604,0.990753010673408,1.03024892238588
"34","Jun 1, 2017",1.01319952422654,1.00223177150508,0.961865519593028,0.988248260657195,1.03599209455392
"33","May 31, 2017",1.0148900139944,1.00424312864933,0.960769748213539,0.989259546245579,1.03231581810945
"32","May 30, 2017",1.01187105358093,1.00794548260456,0.96286612230053,0.988732401520148,1.02989538416533
"31","May 29, 2017",1.01043184253668,1.00651185500406,0.963432511489471,0.988722602044939,1.03223438435985
"30","May 26, 2017",1.01007786045891,1.00615924620579,0.961374798107881,0.99116824854681,1.03261471842342
"29","May 25, 2017",1.0114073260042,1.00943809214801,0.960379431110536,0.982052495961864,1.03852429774171
"28","May 24, 2017",1.01209353257705,1.01321116924613,0.960169202326691,0.980175518168604,1.0361622337925
"27","May 23, 2017",1.01076874433492,1.01189960456063,0.962032369541549,0.979654490991277,1.03740455643887
"26","May 22, 2017",1.01329931943397,1.01390297333015,0.959803155257362,0.97930624011636,1.03553589434396
"25","May 19, 2017",1.01338516397144,1.01378272582471,0.962473211082193,0.97671536535054,1.03543752682713
"24","May 18, 2017",1.00938730817808,1.01039929144333,0.967593623997002,0.980598400154913,1.03339165239057
"23","May 17, 2017",1.012430993247,1.01237215065117,0.965769724478941,0.980629542271787,1.03018641696477
"22","May 16, 2017",1.00591293390339,1.0065560353243,0.966083278617379,0.978486987596436,1.04479727374117
"21","May 15, 2017",1.00222720082121,1.00378537629289,0.972037706640006,0.976664677669216,1.0470426123353
"20","May 12, 2017",1.00195390507442,1.00444339431156,0.975718603249158,0.976650131369183,1.04270916904907
"19","May 11, 2017",0.999621137864945,1.00271486092795,0.97951167591109,0.974627469510237,1.0450542903067
"18","May 10, 2017",0.999783775129658,1.00281989399983,0.979245375065792,0.970891920841454,1.04907988083571
"17","May 9, 2017",1.00026656068938,1.00391456944711,0.979079435029223,0.971612109648147,1.0468311687391
"16","May 8, 2017",1.0026321724456,1.00586632879279,0.976912709586694,0.973532030237412,1.04258647993264
"15","May 5, 2017",1.00560837727316,1.00864757263623,0.973283339493862,0.973263139858668,1.04078758870839
"14","May 4, 2017",1.00514123587979,1.00717129315406,0.973901082513433,0.977231170151751,1.03790453940906
"13","May 3, 2017",1.00184423326515,1.00426066589265,0.979557331215934,0.978305488244349,1.03716772840553
"12","May 2, 2017",1.00522758822129,1.00722860793253,0.978906567816561,0.976178418062866,1.03356335808484
"11","May 1, 2017",1.00415138226375,1.00578550101494,0.98063745952846,0.979170609090205,1.03116601407013
"10","Apr 28, 2017",1.00564188321208,1.00727842754929,0.982307138077407,0.975696271160154,1.03001884190898
"9","Apr 27, 2017",1.00485351297589,1.00713119845929,0.983676185081346,0.978466481412632,1.02662795325339
"8","Apr 26, 2017",1.00502912576351,1.00653324502529,0.98117372448142,0.983057135829745,1.02486947669907
"7","Apr 25, 2017",1.0055448610364,1.00589551527503,0.979643652268887,0.983940617885601,1.02567237730726
"6","Apr 24, 2017",1.00615056369662,1.00651604855041,0.985481371701579,0.988072974727078,1.01409555942502
"5","Apr 21, 2017",1.005089854905,1.00561559825789,0.99728021579823,0.985515922562958,1.00665872163288
"4","Apr 20, 2017",1.00456225671506,1.00454766039905,0.997719043896561,0.984998599246677,1.00834400793398
"3","Apr 19, 2017",1.00459265338104,1.00542466856844,0.998283875674865,0.987679044189799,1.00413145025305
"2","Apr 18, 2017",1.00685382288405,1.00679530443394,0.998708970245497,0.985474466675052,1.00232385893939
"1","Apr 17, 2017",1,1,1,1,1
