Project;class3;class;class2;Oweb_dum;Code_dum;Telegram_du;Nr_Telegram;Paper_du;tw;fb;ln;yt;gith;slack;reddit;btalk;ew;mm;nr_team;adv_dum;nr_adv;Neg_Bing;Pos_Bing;Sent_Bing;Neg_NRC;Pos_Nrc;Sent_Nrc,
AIOM;n_sc;f;f_s;1;0;1;8;0;0;0;0;0;0;0;0;1;0;0;1;0;0;1;3;2;1;3;2
ALDOIN;n_sc;f;f_s;1;0;0;0;0;0;0;0;0;0;0;0;0;0;0;3;0;0;0;0;0;0;0;0
AlloyCoin;n_sc;f;f_s;1;0;0;0;1;1;1;1;1;0;0;0;0;0;0;8;1;2;0;0;0;0;0;0
Ankorus;n_sc;f;f_s;1;0;1;696;1;1;1;1;0;1;0;0;0;0;1;6;0;0;628;932;304;750;2163;1413
Becksang;n_sc;f;f_s;1;0;0;0;1;1;1;0;0;0;0;0;0;0;0;2;0;0;0;0;0;0;0;0
bico;n_sc;f;f_s;1;0;0;0;0;1;1;0;0;1;1;1;1;0;0;4;1;3;0;0;0;0;0;0
Bitleaf;n_sc;f;f_s;1;0;0;0;0;1;1;1;0;0;0;0;0;0;0;2;0;0;0;0;0;0;0;0
CryptoCopy;n_sc;f;f_s;0;0;0;0;0;1;0;0;0;0;0;0;1;0;1;8;0;0;0;0;0;0;0;0
Digi Token;n_sc;f;f_s;1;0;0;0;1;1;0;0;0;0;0;0;1;0;0;8;0;0;0;0;0;0;0;0
Droplex;n_sc;f;f_s;1;0;0;0;0;0;0;0;0;0;0;0;1;0;1;2;0;0;0;0;0;0;0;0
exhasta;n_sc;f;f_s;1;0;1;29;0;1;1;1;0;1;0;1;1;0;0;1;0;0;1;1;0;1;1;0
Folio Ninja;n_sc;f;f_s;1;0;0;0;1;1;0;0;0;1;0;0;0;0;0;2;0;0;0;0;0;0;0;0
HolyCoin;n_sc;f;f_s;0;0;0;0;0;0;0;0;0;0;0;0;0;0;0;8;0;0;0;0;0;0;0;0
ImmersiveOS;n_sc;f;f_s;0;0;0;0;0;0;0;0;0;0;0;0;0;0;0;0;0;0;0;0;0;0;0;0
Inchain;n_sc;f;f_s;0;0;0;0;0;1;1;0;0;0;1;0;1;0;1;5;1;3;0;0;0;0;0;0
Kumo;n_sc;f;f_s;1;0;0;0;1;1;0;0;0;0;0;0;0;0;0;3;0;0;0;0;0;0;0;0
Librium;n_sc;f;f_s;1;1;1;706;1;1;1;0;0;1;0;1;1;0;1;7;1;2;199;154;-45;203;243;40
MyMedis;n_sc;f;f_s;1;0;1;6;1;1;0;1;0;0;0;0;0;0;0;2;1;5;0;0;0;0;0;0
MyOddz;n_sc;f;f_s;1;0;1;138;1;1;1;0;0;0;0;1;0;0;0;6;1;2;345;60;-285;362;125;-237
Ninth Wonder;n_sc;f;f_s;0;0;0;0;1;0;0;0;0;0;0;0;0;0;0;0;0;0;0;0;0;0;0;0
realestate token;n_sc;f;f_s;0;0;0;0;0;0;0;0;0;0;0;0;0;0;0;0;0;0;0;0;0;0;0;0
Reporter;n_sc;f;f_s;1;0;1;597;0;1;0;0;0;1;0;1;0;0;1;3;1;5;53;143;90;73;387;314
Rhea;n_sc;f;f_s;0;0;0;0;0;1;1;0;0;1;0;0;1;0;1;5;0;0;0;0;0;0;0;0
RoyalCash;n_sc;f;f_s;0;0;0;0;0;0;0;0;0;0;0;0;0;0;0;1;0;0;0;0;0;0;0;0
Spheris;n_sc;f;f_s;1;1;1;152;1;1;0;0;0;1;0;1;1;0;1;3;1;4;81;157;76;72;248;176
Stubba;n_sc;f;f_s;1;0;0;0;0;1;1;0;1;0;1;0;1;0;0;7;1;1;0;0;0;0;0;0
techbench;n_sc;f;f_s;0;1;1;184;0;1;1;0;0;1;1;1;0;0;1;5;0;0;19;49;39;22;83;61
TomahawkCoin;n_sc;f;f_s;0;0;0;0;0;0;0;0;0;0;0;0;0;0;0;0;0;0;0;0;0;0;0;0
Tribetoken;n_sc;f;f_s;0;1;0;0;0;1;1;0;0;1;0;0;0;0;0;3;0;0;0;0;0;0;0;0
UNYT;n_sc;f;f_s;1;0;0;0;0;0;0;0;0;0;0;0;0;0;0;0;0;0;0;0;0;0;0;0
Whispers;n_sc;f;f_s;0;0;0;0;0;0;0;0;0;0;0;0;0;0;0;0;0;0;0;0;0;0;0;0
working traveller;n_sc;f;f_s;1;0;1;0;1;1;1;1;0;0;0;0;0;0;0;5;0;0;1;1;1;1;1;1
world of battles;n_sc;f;f_s;0;0;1;0;0;1;1;1;1;1;1;0;0;0;1;7;0;0;0;0;0;0;0;0
Zeneca;n_sc;f;f_s;0;0;0;0;0;0;0;0;0;0;0;0;0;0;0;0;0;0;0;0;0;0;0;0
Zenome;n_sc;f;f_s;1;1;1;606;1;1;1;0;0;0;0;0;1;0;0;4;1;1;529;885;356;536;2201;1665
Benebit;sc;sc;f_s;0;0;1;6995;0;0;1;0;0;1;0;1;1;0;0;6;0;0;1;1;1;1;1;1
CoonectWealth;sc;sc;f_s;0;0;0;0;1;0;1;0;0;0;0;0;0;0;0;1;0;0;0;0;0;0;0;0
ExsulCoin;sc;sc;f_s;1;0;1;104;1;1;1;1;0;0;0;1;0;0;0;6;1;4;92;50;-42;79;133;54
Fitrova;sc;sc;f_s;1;0;1;2049;1;1;1;1;0;1;0;1;0;0;0;8;0;0;2189;2001;-188;1655;2794;1139
Giza Device;sc;sc;f_s;0;0;1;36;0;1;0;1;1;1;0;1;0;0;1;8;1;3;0;0;0;0;0;0
Gym Coin;sc;sc;f_s;1;1;1;335;0;0;1;1;0;0;0;1;0;0;1;8;1;2;1150;1307;157;1122;2512;1390
Monkey Capital;sc;sc;f_s;0;1;1;3;1;1;1;0;0;0;0;0;1;0;0;3;0;0;0;0;0;0;0;0
The Dao;sc;sc;f_s;0;0;0;0;1;1;1;0;0;1;0;0;0;0;0;6;0;0;0;0;0;0;0;0
Titanium_tbsi;sc;sc;f_s;1;0;1;6327;0;1;1;0;0;1;1;1;1;0;1;14;1;0;31;43;12;30;124;94
ToTheMoon;sc;sc;f_s;0;0;0;0;0;1;1;0;0;0;0;0;0;0;0;6;0;0;0;0;0;0;0;0
0chain;n_sc;su;su;1;0;1;52601;1;1;0;0;0;1;0;0;1;0;0;15;1;9;1386;1313;-73;1317;2952;1635
0xcertHot;n_sc;su;su;1;1;1;16892;1;1;1;1;1;1;0;1;1;0;1;11;1;6;822;764;-58;722;1747;1025
300cubits;n_sc;su;su;1;0;1;19763;1;1;1;0;1;1;0;0;0;0;1;6;1;6;2930;1265;-1665;3112;2931;-181
AdHive;n_sc;su;su;1;1;1;13049;1;1;1;0;0;1;0;1;1;0;1;10;1;8;1062;2582;1520;1270;4139;2869
Aeron;n_sc;su;su;1;1;1;17605;1;1;1;0;0;1;0;1;1;0;1;10;1;8;1178;1026;-152;1214;2230;1016
Ai Gaming;n_sc;su;su;0;0;0;0;0;1;1;0;0;1;0;0;0;0;0;0;0;0;0;0;0;0;0;0
AIRBLOC ProtocolHot;n_sc;su;su;1;1;1;12040;1;1;1;0;0;1;0;0;1;0;1;26;1;13;0;0;0;0;0;0
AirSwap;n_sc;su;su;1;0;1;7978;1;1;1;1;1;1;0;1;1;0;1;21;1;9;2216;2539;323;2086;5225;3139
Aitheon;n_sc;su;su;1;0;1;12670;1;1;1;0;0;0;0;1;1;0;1;13;1;1;348;776;392;745;1951;1206
AkaiitoHot;n_sc;su;su;1;0;1;12534;1;1;1;1;1;0;0;0;1;0;1;14;1;20;252;455;203;239;998;759
ALAX;n_sc;su;su;1;0;1;49709;0;1;1;1;0;0;0;1;1;0;1;19;1;3;749;1138;389;839;2637;1798
Algory Project (ALG);n_sc;su;su;1;0;1;942;0;1;1;0;1;0;0;0;0;0;0;11;1;6;483;716;233;551;1712;1161
Alt.Estate;n_sc;su;su;1;0;1;60010;1;1;1;0;0;0;0;0;1;13;1;7;1;10;920;2248;1328;906;4711;3805
AMCHART;n_sc;su;su;1;1;1;1123;1;1;1;0;0;1;0;1;1;3;1;5;1;6;219;573;354;297;1682;1385
AMLT ;n_sc;su;su;1;0;1;4107;0;1;1;1;0;0;0;0;0;15;1;5;1;4;2266;1975;-291;2101;5110;3009
Amon;n_sc;su;su;1;0;1;5855;1;0;1;1;1;0;0;0;0;0;1;8;1;5;2017;1770;-247;1816;3453;1637
Aphelion;n_sc;su;su;1;1;1;12355;1;1;1;1;1;1;0;1;0;0;1;22;1;10;1619;1675;56;1543;3038;1495
AppCoins;n_sc;su;su;1;1;1;9933;1;1;0;0;0;1;0;1;0;0;1;18;1;3;1508;1054;-454;1461;2264;803
Arcblock;n_sc;su;su;1;0;1;37435;1;1;1;1;0;1;0;1;1;0;0;4;1;9;966;1056;90;1157;2282;1125
Atonomi;n_sc;su;su;1;0;1;21071;1;1;1;1;1;0;0;1;0;0;0;5;1;6;2174;1475;-699;1841;3179;1338
Auctus;n_sc;su;su;1;1;1;7231;1;1;1;0;0;1;0;1;0;0;0;12;1;6;1702;1715;13;1951;3584;1633
Baappay;n_sc;su;su;1;0;1;1011;1;1;1;0;1;0;0;0;1;0;1;9;1;1;377;380;3;420;1067;647
bancor;n_sc;su;su;1;1;1;5882;1;1;0;0;1;1;0;1;1;0;1;10;1;4;1180;1611;431;1091;2953;1862
Bankera;n_sc;su;su;1;0;1;19338;1;1;1;1;0;0;0;0;1;0;1;7;1;9;13;49;36;23;165;142
BankEx;n_sc;su;su;1;1;1;6466;1;1;1;0;1;0;0;1;1;0;1;4;1;6;0;0;0;0;0;0
Basic  Attention Token;n_sc;su;su;1;1;0;0;1;1;0;0;0;0;0;1;0;0;1;11;0;0;0;0;0;0;0;0
BelugaPay;n_sc;su;su;1;0;1;11337;1;1;1;1;0;0;0;1;0;0;1;8;1;4;790;761;-29;720;2134;1414
Bezant;n_sc;su;su;1;0;1;19101;1;1;1;0;1;0;0;0;0;0;1;23;1;9;1514;2731;1217;1676;5295;3619
BFT Token;n_sc;su;su;1;0;1;2815;1;1;1;0;1;0;0;0;0;0;0;7;1;18;1079;1640;561;1058;4151;3093
Bidium;n_sc;su;su;0;0;1;12941;0;1;1;0;0;0;0;1;0;0;1;6;1;5;145;353;208;260;917;657
BitBoost;n_sc;su;su;1;0;1;965;0;1;1;1;0;0;0;1;0;0;1;8;1;3;1989;1812;-177;1763;3562;1799
Bitcomo;n_sc;su;su;1;0;1;3785;0;1;0;0;0;0;0;0;1;0;0;18;1;4;1673;1362;-311;1536;2923;1387
BitDegree;n_sc;su;su;1;1;1;13721;0;1;0;1;1;1;0;1;0;0;1;21;0;0;1746;2287;541;1918;5124;3206
Bitindia;n_sc;su;su;1;0;1;199;0;1;1;0;0;1;0;1;1;0;1;4;1;6;0;0;0;0;0;0
BitRewards;n_sc;su;su;1;0;1;21510;1;1;1;0;0;1;0;1;1;0;1;19;1;11;751;1231;480;751;2665;1914
Bittwatt;n_sc;su;su;1;0;1;8540;1;1;1;1;1;0;0;0;1;0;0;8;1;8;283;1802;1519;310;2453;2143
Block Collider;n_sc;su;su;1;0;1;10990;1;0;0;0;0;1;0;0;0;0;1;7;0;0;1493;1642;149;1501;3471;1970
Blockchain Terminal;n_sc;su;su;1;0;1;23988;1;1;1;1;1;0;0;1;0;0;1;8;1;13;1011;1327;316;1320;3406;2086
Blocklancer;n_sc;su;su;1;0;1;1141;1;1;1;1;0;0;0;1;0;0;0;5;1;4;17;27;10;19;73;54
BlockMason;n_sc;su;su;1;0;1;14978;0;1;1;0;1;0;0;1;0;0;0;9;1;8;896;1842;946;976;3310;2334
BlockMesh;n_sc;su;su;1;0;1;4219;1;1;1;0;0;0;1;1;0;0;0;13;1;2;1281;1732;451;1448;2833;1385
Blockstack;n_sc;su;su;1;1;1;468;1;1;0;1;1;1;1;0;0;0;0;13;1;3;177;400;223;167;895;728
Blockstack;n_sc;su;su;1;0;1;944;1;1;0;0;1;1;1;0;0;0;0;13;1;3;188;412;224;180;975;795
BLOCKv;n_sc;su;su;1;0;1;3274;1;1;1;0;1;1;0;1;1;0;1;4;1;13;1811;2372;561;1752;4120;2368
Blocnation;n_sc;su;su;1;0;1;340;0;1;1;0;0;0;0;1;0;0;0;2;1;7;1293;1325;32;1049;2708;1659
BLOK;n_sc;su;su;1;0;1;24522;1;1;1;0;1;0;0;1;1;0;1;6;1;5;412;857;445;452;1926;1474
Bloom;n_sc;su;su;1;0;1;13450;1;1;1;0;0;1;1;1;1;0;1;4;1;5;1391;3814;2423;1441;5509;4068
Blue Whale;n_sc;su;su;1;0;1;60402;1;1;1;0;0;0;0;0;0;0;0;4;1;4;504;772;268;566;1743;1177
Bluzelle;n_sc;su;su;1;1;1;20200;1;1;0;0;0;1;0;1;0;0;0;11;1;10;901;1524;623;862;3040;2178
BnkToTheFuture;n_sc;su;su;1;0;1;2758;0;1;1;0;1;0;0;0;0;0;0;8;1;16;1079;1640;561;1058;4151;3093
Boatpilot;n_sc;su;su;1;0;1;10608;1;1;1;1;1;1;0;1;0;0;1;6;1;4;132;500;368;173;978;805
Bob’s Repair;n_sc;su;su;1;0;1;45786;0;1;1;0;0;0;0;0;0;0;1;9;1;10;1201;899;-302;1179;2132;953
Bonpay;n_sc;su;su;1;0;1;849;1;1;1;1;1;0;0;0;0;0;1;4;0;0;915;1028;113;830;2407;1577
bread;n_sc;su;su;1;0;1;44808;1;1;1;0;0;1;0;1;0;0;0;6;1;6;1167;1573;406;1463;2471;1008
Bread;n_sc;su;su;1;0;1;37648;1;1;1;0;0;1;0;1;0;0;0;5;0;0;1198;1604;406;1511;2544;1033
Brickblock;n_sc;su;su;1;1;1;24516;1;1;1;0;0;1;0;1;1;0;1;7;1;8;3144;2566;-578;3248;5670;2422
BTU Protocol;n_sc;su;su;1;1;1;24584;1;1;0;0;0;1;0;0;0;0;1;17;1;2;91;250;159;87;535;448
Bubbletone;n_sc;su;su;1;1;1;56579;1;1;1;0;1;1;0;1;1;0;1;10;1;12;592;679;87;694;2399;1705
Bugis;n_sc;su;su;0;0;1;28490;0;1;1;0;0;0;0;0;1;0;0;4;1;1;100;1870;1770;8;235;227
Cappasity;n_sc;su;su;1;1;1;43365;1;1;1;1;1;1;0;1;0;0;1;5;1;12;965;2368;1403;1085;5584;4499
Celsius;n_sc;su;su;1;1;1;8282;1;1;1;0;1;1;0;1;1;0;1;28;1;6;1492;3245;1753;1414;5422;4008
ChainLink;n_sc;su;su;1;0;0;0;1;1;0;1;0;0;0;0;1;0;0;2;1;6;0;0;0;0;0;0
Civic;n_sc;su;su;1;1;1;8922;1;1;1;0;0;1;0;1;1;0;0;6;1;2;1716;1850;134;1744;3670;1926
Cloudmoolha;n_sc;su;su;1;0;1;20315;1;1;1;0;0;0;0;1;1;0;1;7;1;9;1038;1204;166;912;2812;1900
COMSA;n_sc;su;su;1;0;1;4130;1;1;1;0;0;0;1;0;0;0;0;6;1;6;1464;1197;-267;1319;2917;1598
Crypterium;n_sc;su;su;1;0;1;34813;1;1;1;1;0;0;0;0;1;0;1;13;0;0;2096;3095;999;2148;5952;3804
Crypto20;n_sc;su;su;1;0;0;0;1;1;0;0;1;1;1;1;1;0;1;6;1;10;0;0;0;0;0;0
Current;n_sc;su;su;1;0;1;88911;1;1;1;0;0;1;0;0;1;0;1;14;1;12;750;1360;610;728;2696;1968
CyberMiles;n_sc;su;su;1;0;1;64714;1;1;1;1;1;1;0;1;1;0;1;9;1;6;841;921;80;925;1695;770
DADI;n_sc;su;su;1;1;1;22384;1;1;1;0;0;1;0;1;1;0;1;14;1;1;1182;1528;346;1219;3201;1982
Databroker DAO;n_sc;su;su;1;1;1;5269;1;1;1;1;1;1;0;1;1;0;1;11;1;4;570;1536;966;624;2984;2360
DCC;n_sc;su;su;1;0;1;38553;1;1;1;0;0;1;0;1;0;0;1;3;1;5;372;1720;1348;385;3190;2805
DomRAider;n_sc;su;su;1;0;1;371;1;1;1;0;0;1;0;1;1;0;1;33;0;0;5;14;9;8;59;51
DreamTeam;n_sc;su;su;1;0;1;2499;1;1;1;1;1;0;0;1;1;0;1;12;1;13;1078;1863;785;1119;3901;2782
Elastos;n_sc;su;su;1;0;1;16479;1;1;1;1;0;1;1;1;1;0;1;8;1;7;1699;1744;45;1681;3748;2067
Elcoin;n_sc;su;su;1;0;1;701;1;1;1;0;0;1;0;1;1;0;1;9;1;15;63;80;17;73;473;400
Electroneum;n_sc;su;su;1;1;1;28213;1;1;1;1;0;1;0;1;1;0;0;12;1;2;2202;1253;-949;2362;2327;-35
Endor;n_sc;su;su;1;0;1;21879;1;0;1;1;1;1;0;1;0;0;1;12;1;8;2071;1890;-181;1834;4580;2746
Enigmacatalyst;n_sc;su;su;1;1;1;14752;1;1;0;0;0;0;0;0;0;0;1;5;1;8;1643;1925;282;1638;3920;2282
Envion;n_sc;su;su;1;0;1;22905;1;1;1;1;0;1;0;0;1;0;0;10;1;6;3519;1996;-1523;3461;4898;1437
EOS;n_sc;su;su;1;1;1;48481;1;1;1;0;1;1;0;1;1;0;1;4;0;0;2000;1520;-480;2850;3365;515
Equi Fund ;n_sc;su;su;1;0;1;12481;0;1;0;1;0;0;0;0;1;0;0;9;1;5;0;0;0;0;0;0
Ether Party;n_sc;su;su;1;0;1;6087;1;1;1;0;0;1;0;1;1;0;1;13;1;5;1796;2149;353;1841;3898;2057
EtherSportcoin;n_sc;su;su;1;0;1;1176;1;1;1;0;0;0;0;0;1;0;1;4;1;7;770;756;-14;838;1517;679
Filecoin;n_sc;su;su;1;1;1;898;1;1;1;1;0;0;0;1;0;0;0;12;0;0;204;195;-9;169;497;328
Finom;n_sc;su;su;1;0;1;6477;1;1;1;1;1;0;0;0;1;0;1;6;1;2;1559;1256;-303;1420;2946;1526
Fusion;n_sc;su;su;1;1;1;108871;1;1;1;1;0;1;0;1;1;1;1;13;1;6;2242;1995;-247;2079;5302;3223
GridPlus;n_sc;su;su;1;0;1;1284;1;1;0;0;0;1;0;0;0;0;1;7;0;0;3681;2196;-1485;3726;4531;805
Hdac;n_sc;su;su;0;0;1;3786;0;1;1;0;0;0;0;1;0;0;1;0;0;0;852;1189;337;801;3225;2424
ICON;n_sc;su;su;1;1;1;21028;1;1;1;1;1;1;1;1;0;0;1;120;1;7;1796;1495;-301;1829;2749;929
InsEcosystem;n_sc;su;su;1;0;1;17569;1;1;1;1;1;1;0;1;1;0;1;10;1;8;1705;1901;196;1835;4409;2574
Invictus Hyperion Fund Finance;n_sc;su;su;1;0;0;0;1;1;1;1;1;1;0;1;0;0;1;15;0;0;0;0;0;0;0;0
Kiber network;n_sc;su;su;1;1;1;11066;1;1;1;1;1;1;1;1;0;0;0;4;1;4;1072;1220;148;1063;2461;1398
Kin;n_sc;su;su;1;0;1;7471;1;1;0;0;0;0;0;1;0;0;0;7;1;7;3171;2702;-469;2937;5454;2517
Leadcoin;n_sc;su;su;1;0;1;11405;1;1;0;1;1;0;0;1;1;0;0;14;1;2;315;1428;1113;329;1941;1612
Lendroid;n_sc;su;su;1;0;1;6847;1;1;0;0;0;1;0;1;1;0;1;8;0;0;1591;1536;-55;1628;3350;1722
Lightcash;n_sc;su;su;0;0;0;20;0;1;1;0;0;0;0;0;1;0;1;5;1;5;0;0;0;0;0;0
Mingo;n_sc;su;su;1;0;1;9534;1;1;1;0;0;0;0;0;0;0;1;4;1;8;425;586;161;419;1261;842
MobileGO;n_sc;su;su;1;0;1;2542;1;1;1;1;1;0;0;0;0;0;0;3;1;1;1521;1545;24;1456;3318;1862
Mobius;n_sc;su;su;1;0;1;11145;1;1;1;0;0;1;0;1;1;0;1;3;1;3;1478;1742;264;1938;3597;1659
Monetha;n_sc;su;su;1;0;1;4977;0;1;1;1;1;1;0;1;1;0;1;11;0;0;1422;1354;-68;1462;3214;1752
MOOVER;n_sc;su;su;1;0;0;0;1;1;0;0;0;0;0;0;0;0;0;6;0;0;0;0;0;0;0;0
MVL Chain;n_sc;su;su;1;0;1;18487;1;1;1;0;0;1;0;0;1;0;1;14;1;10;206;395;189;204;788;584
Naga Group;n_sc;su;su;1;0;1;13916;1;1;1;1;1;1;0;1;1;0;0;28;1;4;2166;1845;-321;1941;3320;1379
Nebulas;n_sc;su;su;1;1;1;11655;1;1;1;1;0;1;1;1;0;0;1;12;1;3;1573;1176;-397;1400;2128;738
Neuromation;n_sc;su;su;1;0;1;10812;1;1;1;1;1;0;0;1;1;0;1;9;1;3;97;317;220;90;680;590
Nexo;n_sc;su;su;1;0;1;52833;1;1;1;1;1;1;0;0;0;0;1;15;1;5;1812;2483;671;1999;5567;3568
Nucleus Vision;n_sc;su;su;1;0;1;31989;1;1;1;1;1;1;0;1;1;0;1;9;1;5;14;48;34;16;122;106
Odyssey;n_sc;su;su;0;0;1;47978;1;1;1;1;0;0;0;1;0;0;0;9;1;9;1718;1124;-594;1548;2358;810
Olympus Labs;n_sc;su;su;1;0;1;9399;1;1;1;1;0;1;0;1;1;0;1;16;1;4;736;1268;532;685;2322;1637
Patron;n_sc;su;su;1;0;1;14366;1;1;1;0;0;1;1;1;1;1;1;8;1;6;993;964;-29;1067;2947;1880
Polkadot;n_sc;su;su;1;1;1;80;1;1;0;0;0;1;0;0;0;0;1;1;0;0;56;134;78;65;259;194
PRETHER;n_sc;su;su;1;0;0;0;1;1;1;0;0;0;0;0;0;0;0;6;1;2;0;0;0;0;0;0
Pundi X;n_sc;su;su;1;0;1;23485;1;1;1;1;1;1;0;0;1;0;1;4;1;19;1631;1395;-236;1501;2839;1338
Quantnetwork;n_sc;su;su;1;0;1;6692;1;1;1;1;1;1;0;1;0;0;1;8;1;6;2171;2309;138;1935;4801;2866
Quash;n_sc;su;su;1;0;1;17387;1;1;1;0;1;0;0;0;0;0;0;9;1;3;2820;1975;-845;2687;4661;1974
Rate3 Network;n_sc;su;su;1;0;1;26225;1;1;1;0;1;1;0;1;0;0;1;10;1;15;759;1804;1045;946;3470;2524
Republic Protocol;n_sc;su;su;1;0;1;11988;1;1;0;1;0;0;0;1;0;0;1;5;1;8;2211;1745;-466;1966;3554;1588
Request Network;n_sc;su;su;1;0;1;13834;1;1;1;0;0;1;1;1;0;0;1;6;1;1;4;23;19;5;47;42
Ripio Credit Network;n_sc;su;su;1;0;1;4239;1;1;1;1;1;1;0;1;1;0;1;12;0;1;20;46;26;14;136;122
Robotina;n_sc;su;su;1;0;1;7097;1;1;1;1;1;1;0;0;0;0;1;16;1;16;663;2011;1348;767;4467;3700
Saifu;n_sc;su;su;1;0;1;35371;1;1;1;0;0;0;0;1;1;0;0;11;1;5;1459;7659;6200;1533;6039;4506
SALT;n_sc;su;su;1;0;1;600;1;1;1;1;1;0;0;0;1;0;0;20;0;0;5;14;9;4;32;28
Sandblock;n_sc;su;su;1;0;1;11796;1;1;1;0;0;1;0;1;1;0;1;10;1;5;656;1459;803;937;3531;2594
SCORUM;n_sc;su;su;1;0;1;3640;1;1;1;0;1;1;0;0;1;0;1;6;1;9;1600;2095;495;1711;5172;3461
Shivom;n_sc;su;su;1;0;1;50274;1;1;1;1;0;0;0;0;1;0;0;22;1;3;837;1195;358;779;3232;2453
Shop;n_sc;su;su;0;0;1;12306;1;1;1;0;0;1;0;1;1;0;1;21;1;6;188;657;469;257;1330;1055
Shopin;n_sc;su;su;1;0;1;11421;1;1;1;1;1;0;0;1;0;0;1;9;1;7;2164;1956;-208;1761;3964;2203
SingularityNET;n_sc;su;su;1;0;1;15729;1;1;1;1;1;1;0;1;1;0;1;8;1;5;2021;2476;455;2325;6672;4347
Sirin Labs;n_sc;su;su;1;1;1;11411;1;1;1;1;0;1;0;1;1;0;1;49;1;7;1480;1997;517;1366;3759;2393
SONM;n_sc;su;su;1;0;1;8655;0;1;0;1;1;1;0;1;1;0;1;14;0;0;2040;2344;304;2558;5441;2883
Status;n_sc;su;su;1;1;0;0;1;1;1;0;1;1;0;1;0;0;1;8;1;6;0;0;0;0;0;0
Storm;n_sc;su;su;1;0;1;9622;1;1;1;0;0;0;0;1;0;0;0;8;1;5;1066;1362;296;2028;2368;340
Stox;n_sc;su;su;1;1;1;9666;1;1;0;0;0;1;0;1;1;0;1;23;1;9;713;1548;835;856;1924;1068
SwissBorg;n_sc;su;su;1;0;1;11767;1;1;1;1;1;1;0;1;1;0;1;13;1;9;1539;1858;319;1501;3395;1894
Taklimakan Network;n_sc;su;su;1;0;1;920;1;1;1;1;1;1;0;1;1;0;1;15;1;9;33;87;54;26;248;222
Tenx;n_sc;su;su;1;0;0;0;1;1;1;0;1;0;0;1;1;0;0;9;0;0;0;0;0;0;0;0
Tezos;n_sc;su;su;1;1;1;2131;1;0;0;0;0;1;0;0;0;0;0;11;1;3;1435;1295;-140;1480;2993;1513
Tokengo;n_sc;su;su;1;1;1;2580;1;1;1;0;1;1;0;1;1;0;1;8;0;0;443;946;503;439;2173;1734
TraDove;n_sc;su;su;1;0;1;11721;1;1;1;0;1;0;0;1;1;0;1;8;1;9;1472;1682;210;1473;3758;2285
TrakInvest;n_sc;su;su;1;0;1;38101;1;1;1;1;0;0;0;1;0;0;1;14;1;10;1586;1562;-24;1778;3705;1927
Truegame;n_sc;su;su;1;0;1;13742;1;1;1;0;1;1;0;1;1;0;1;12;1;8;2214;1917;-297;2133;4594;2461
Ubcoin Marketplace;n_sc;su;su;1;0;1;28837;1;1;1;1;1;1;0;0;1;0;1;6;1;4;1;1;1;1;1;1
Videocoin;n_sc;su;su;1;0;1;13461;1;1;1;1;1;1;0;1;1;0;1;11;0;0;480;1113;633;655;2561;1906
Wanchain;n_sc;su;su;1;1;1;46846;1;1;1;0;0;1;0;1;0;0;0;31;1;12;1;1;1;1;1;1
Wax;n_sc;su;su;1;0;1;16902;1;1;1;0;0;0;0;1;0;0;1;4;1;8;1585;2023;438;1658;3773;2115
WePower;n_sc;su;su;1;0;1;12609;1;1;1;0;0;1;0;1;1;0;1;12;1;5;899;1668;769;1069;3574;2505
YGGDRASH;n_sc;su;su;1;0;1;9783;1;1;1;0;0;1;0;0;1;0;1;5;1;6;2471;1528;-943;2249;2887;638
Zeepin;n_sc;su;su;1;0;1;21569;1;1;1;1;0;0;0;1;0;0;1;7;1;1;1628;1398;-230;1595;3033;1438
ZenProtcol;n_sc;su;su;1;1;1;5624;1;1;1;1;1;1;0;1;1;0;0;8;1;3;1269;1850;581;1494;3791;2297
Legolas Exchange;n_sc;su;su;1;0;1;9046;1;1;1;1;1;1;0;1;1;0;1;9;0;0;19;18;-1;12;57;45
